CREATE DATABASE  IF NOT EXISTS `child_school` /*!40100 DEFAULT CHARACTER SET latin1 */;
USE `child_school`;
-- MySQL dump 10.13  Distrib 5.6.11, for osx10.6 (i386)
--
-- Host: 127.0.0.1    Database: child_school
-- ------------------------------------------------------
-- Server version	5.6.24

/*!40101 SET @OLD_CHARACTER_SET_CLIENT=@@CHARACTER_SET_CLIENT */;
/*!40101 SET @OLD_CHARACTER_SET_RESULTS=@@CHARACTER_SET_RESULTS */;
/*!40101 SET @OLD_COLLATION_CONNECTION=@@COLLATION_CONNECTION */;
/*!40101 SET NAMES utf8 */;
/*!40103 SET @OLD_TIME_ZONE=@@TIME_ZONE */;
/*!40103 SET TIME_ZONE='+00:00' */;
/*!40014 SET @OLD_UNIQUE_CHECKS=@@UNIQUE_CHECKS, UNIQUE_CHECKS=0 */;
/*!40014 SET @OLD_FOREIGN_KEY_CHECKS=@@FOREIGN_KEY_CHECKS, FOREIGN_KEY_CHECKS=0 */;
/*!40101 SET @OLD_SQL_MODE=@@SQL_MODE, SQL_MODE='NO_AUTO_VALUE_ON_ZERO' */;
/*!40111 SET @OLD_SQL_NOTES=@@SQL_NOTES, SQL_NOTES=0 */;

--
-- Table structure for table `class`
--

DROP TABLE IF EXISTS `class`;
/*!40101 SET @saved_cs_client     = @@character_set_client */;
/*!40101 SET character_set_client = utf8 */;
CREATE TABLE `class` (
  `class_id` int(11) NOT NULL AUTO_INCREMENT,
  `class` varchar(45) DEFAULT NULL,
  `section_id` varchar(45) DEFAULT NULL,
  `last_stud_id` int(11) DEFAULT '1',
  `class_name` varchar(45) DEFAULT NULL,
  `class_desc` varchar(100) DEFAULT NULL,
  PRIMARY KEY (`class_id`)
) ENGINE=InnoDB AUTO_INCREMENT=11 DEFAULT CHARSET=utf8;
/*!40101 SET character_set_client = @saved_cs_client */;

--
-- Dumping data for table `class`
--

LOCK TABLES `class` WRITE;
/*!40000 ALTER TABLE `class` DISABLE KEYS */;
INSERT INTO `class` VALUES (1,'Primary 1','A',4,' Basic 1 ',''),(2,'Primary 2','A',6,'Basic 2',''),(3,'Primary 3','A',5,'Basic 3',''),(4,'Primary 4','A',6,'Basic 4',''),(5,'Primary 5','A',1,'Basic 5',''),(6,'Primary 6','A',1,'Basic 6',''),(7,'Nursery 2','A',4,'Nur 2',''),(8,'Nursery 1','A',1,'Nur 1',''),(9,'Preparatory','A',11,'PREP',''),(10,'Junior Sec. Sch. 1','A',7,'JSS1','');
/*!40000 ALTER TABLE `class` ENABLE KEYS */;
UNLOCK TABLES;

--
-- Table structure for table `class_subject`
--

DROP TABLE IF EXISTS `class_subject`;
/*!40101 SET @saved_cs_client     = @@character_set_client */;
/*!40101 SET character_set_client = utf8 */;
CREATE TABLE `class_subject` (
  `class_subject_id` int(11) NOT NULL AUTO_INCREMENT,
  `class_id` int(11) DEFAULT NULL,
  `subject_id` varchar(10) DEFAULT NULL,
  `teacher_id` int(11) DEFAULT NULL,
  `created` datetime DEFAULT NULL,
  `last_modified` timestamp NULL DEFAULT NULL ON UPDATE CURRENT_TIMESTAMP,
  `ins_yn` tinyint(1) DEFAULT '1',
  PRIMARY KEY (`class_subject_id`),
  KEY `fk_class_subject_class1_idx` (`class_id`),
  KEY `fk_class_subject_teacher1_idx` (`teacher_id`),
  CONSTRAINT `fk_class_subject_class1` FOREIGN KEY (`class_id`) REFERENCES `class` (`class_id`) ON DELETE NO ACTION ON UPDATE NO ACTION,
  CONSTRAINT `fk_class_subject_teacher1` FOREIGN KEY (`teacher_id`) REFERENCES `teacher` (`teacher_id`) ON DELETE NO ACTION ON UPDATE NO ACTION
) ENGINE=InnoDB AUTO_INCREMENT=259 DEFAULT CHARSET=utf8;
/*!40101 SET character_set_client = @saved_cs_client */;

--
-- Dumping data for table `class_subject`
--

LOCK TABLES `class_subject` WRITE;
/*!40000 ALTER TABLE `class_subject` DISABLE KEYS */;
INSERT INTO `class_subject` VALUES (5,1,'Maths',2015,'2015-10-17 17:30:22','2015-11-28 19:35:09',1),(6,1,'Eng',2015,'2015-10-17 17:30:22','2015-11-28 19:35:05',1),(10,1,'SocStud',2015,'2015-10-17 17:30:26','2015-11-28 19:32:14',1),(143,1,'Phncs',2015,'2015-11-28 15:32:14','0000-00-00 00:00:00',1),(144,1,'Frnh',2015,'2015-11-28 15:32:14','0000-00-00 00:00:00',1),(145,1,'verbal',2015,'2015-11-28 15:32:14','0000-00-00 00:00:00',1),(146,1,'Quantitati',2015,'2015-11-28 15:32:14','0000-00-00 00:00:00',1),(147,1,'CivicEdu',2015,'2015-11-28 15:32:14','0000-00-00 00:00:00',1),(148,1,'Voctnal',2015,'2015-11-28 15:32:14','0000-00-00 00:00:00',1),(149,1,'HandWri',2015,'2015-11-28 15:32:14','0000-00-00 00:00:00',1),(150,1,'BasSci',2015,'2015-11-28 15:32:14','0000-00-00 00:00:00',1),(151,1,'Agric',2015,'2015-11-28 15:32:14','0000-00-00 00:00:00',1),(152,1,'CRS',2015,'2015-11-28 15:32:14','0000-00-00 00:00:00',1),(153,1,'PHE',2015,'2015-11-28 15:32:14','0000-00-00 00:00:00',1),(154,1,'Computer',2015,'2015-11-28 15:32:14','0000-00-00 00:00:00',1),(155,1,'HomeEcons',2015,'2015-11-28 15:32:14','0000-00-00 00:00:00',1),(156,1,'Yor',2015,'2015-11-28 15:32:14','0000-00-00 00:00:00',1),(157,1,'CCA',2015,'2015-11-28 15:32:14','0000-00-00 00:00:00',1),(158,7,'NumWork',2011,'2015-12-05 14:13:45','0000-00-00 00:00:00',1),(159,7,'HlthHab',2011,'2015-12-05 14:13:45','0000-00-00 00:00:00',1),(160,7,'LettWrk',2011,'2015-12-05 14:13:45','0000-00-00 00:00:00',1),(161,7,'SocHab',2011,'2015-12-05 14:13:45','0000-00-00 00:00:00',1),(162,7,'Phncs',2011,'2015-12-05 14:13:45','0000-00-00 00:00:00',1),(163,7,'Sci',2011,'2015-12-05 14:13:45','0000-00-00 00:00:00',1),(164,7,'CRS',2011,'2015-12-05 14:13:45','0000-00-00 00:00:00',1),(165,7,'Morals',2011,'2015-12-05 14:13:45','0000-00-00 00:00:00',1),(166,7,'Draw&Color',2011,'2015-12-05 14:29:47','0000-00-00 00:00:00',1),(167,7,'Frnh',2011,'2015-12-05 14:29:47','2016-03-23 23:14:46',1),(168,9,'NumWork',2042,'2015-12-05 14:45:10','0000-00-00 00:00:00',1),(169,9,'HlthHab',2042,'2015-12-05 14:45:10','0000-00-00 00:00:00',1),(170,9,'LettWrk',2042,'2015-12-05 14:45:10','0000-00-00 00:00:00',1),(171,9,'SocHab',2042,'2015-12-05 14:45:10','0000-00-00 00:00:00',1),(172,9,'Rhym',2042,'2015-12-05 14:45:11','0000-00-00 00:00:00',1),(173,9,'Draw&Color',2042,'2015-12-05 14:45:11','0000-00-00 00:00:00',1),(174,9,'Phncs',2042,'2015-12-05 14:45:11','0000-00-00 00:00:00',1),(175,9,'Sci',2042,'2015-12-05 14:45:11','0000-00-00 00:00:00',1),(176,10,'Maths',2044,'2015-12-05 16:00:19','0000-00-00 00:00:00',1),(177,10,'Eng',2044,'2015-12-05 16:00:19','0000-00-00 00:00:00',1),(178,10,'SocStud',2044,'2015-12-05 16:00:19','0000-00-00 00:00:00',1),(179,10,'Phncs',2044,'2015-12-05 16:00:19','0000-00-00 00:00:00',1),(180,10,'Frnh',2044,'2015-12-05 16:00:19','0000-00-00 00:00:00',1),(181,10,'CivicEdu',2044,'2015-12-05 16:00:19','0000-00-00 00:00:00',1),(182,10,'BasSci',2044,'2015-12-05 16:00:19','0000-00-00 00:00:00',1),(183,10,'Agric',2044,'2015-12-05 16:00:19','0000-00-00 00:00:00',1),(184,10,'CRS',2044,'2015-12-05 16:00:19','0000-00-00 00:00:00',1),(185,10,'PHE',2044,'2015-12-05 16:00:19','0000-00-00 00:00:00',1),(186,10,'Computer',2044,'2015-12-05 16:00:19','0000-00-00 00:00:00',1),(187,10,'HomeEcons',2044,'2015-12-05 16:00:19','0000-00-00 00:00:00',1),(188,10,'Yor',2044,'2015-12-05 16:00:19','0000-00-00 00:00:00',1),(189,10,'CCA',2044,'2015-12-05 16:00:19','0000-00-00 00:00:00',1),(190,10,'BasicTech',2044,'2015-12-05 16:00:19','0000-00-00 00:00:00',1),(191,10,'BusStd',2044,'2015-12-05 16:00:19','0000-00-00 00:00:00',1),(192,2,'Maths',2012,'2015-12-05 16:03:22','0000-00-00 00:00:00',1),(193,2,'Eng',2012,'2015-12-05 16:03:22','0000-00-00 00:00:00',1),(194,2,'SocStud',2012,'2015-12-05 16:03:22','0000-00-00 00:00:00',1),(195,2,'Phncs',2012,'2015-12-05 16:03:22','0000-00-00 00:00:00',1),(196,2,'Frnh',2012,'2015-12-05 16:03:22','0000-00-00 00:00:00',1),(197,2,'verbal',2012,'2015-12-05 16:03:22','0000-00-00 00:00:00',1),(198,2,'Quantitati',2012,'2015-12-05 16:03:22','0000-00-00 00:00:00',1),(199,2,'CivicEdu',2012,'2015-12-05 16:03:22','0000-00-00 00:00:00',1),(200,2,'HandWri',2012,'2015-12-05 16:03:22','0000-00-00 00:00:00',1),(201,2,'BasSci',2012,'2015-12-05 16:03:22','0000-00-00 00:00:00',1),(202,2,'Agric',2012,'2015-12-05 16:03:22','0000-00-00 00:00:00',1),(203,2,'CRS',2012,'2015-12-05 16:03:22','0000-00-00 00:00:00',1),(204,2,'PHE',2012,'2015-12-05 16:03:22','0000-00-00 00:00:00',1),(205,2,'Computer',2012,'2015-12-05 16:03:22','0000-00-00 00:00:00',1),(206,2,'HomeEcons',2012,'2015-12-05 16:03:22','0000-00-00 00:00:00',1),(207,2,'Yor',2012,'2015-12-05 16:03:22','0000-00-00 00:00:00',1),(208,2,'CCA',2012,'2015-12-05 16:03:22','0000-00-00 00:00:00',1),(209,3,'Maths',2015,'2015-12-05 16:10:44','2015-12-06 05:16:29',1),(210,3,'Eng',2015,'2015-12-05 16:10:44','2015-12-06 05:16:29',1),(211,3,'SocStud',2015,'2015-12-05 16:10:44','2015-12-06 05:16:29',1),(212,3,'Phncs',2015,'2015-12-05 16:10:44','2015-12-06 05:16:29',1),(213,3,'Frnh',2015,'2015-12-05 16:10:44','2015-12-06 05:16:29',1),(214,3,'verbal',2015,'2015-12-05 16:10:44','2015-12-06 05:16:29',1),(215,3,'Quantitati',2015,'2015-12-05 16:10:44','2015-12-06 05:16:29',1),(216,3,'CivicEdu',2015,'2015-12-05 16:10:44','2015-12-06 05:16:29',1),(217,3,'Voctnal',2015,'2015-12-05 16:10:44','2015-12-06 05:16:29',1),(218,3,'HandWri',2015,'2015-12-05 16:10:44','2015-12-06 05:16:29',1),(219,3,'BasSci',2015,'2015-12-05 16:10:44','2015-12-06 05:16:29',1),(220,3,'Agric',2015,'2015-12-05 16:10:44','2015-12-06 05:16:29',1),(221,3,'CRS',2015,'2015-12-05 16:10:44','2015-12-06 05:16:29',1),(222,3,'PHE',2015,'2015-12-05 16:10:44','2015-12-06 05:16:29',1),(223,3,'Computer',2015,'2015-12-05 16:10:44','2015-12-06 05:16:29',1),(224,3,'HomeEcons',2015,'2015-12-05 16:10:44','2015-12-06 05:16:29',1),(225,3,'Yor',2015,'2015-12-05 16:10:44','2015-12-06 05:16:29',1),(226,3,'CCA',2015,'2015-12-05 16:10:44','2015-12-06 05:16:29',1),(227,4,'Maths',2043,'2015-12-05 16:18:23','0000-00-00 00:00:00',1),(228,4,'Eng',2043,'2015-12-05 16:18:23','0000-00-00 00:00:00',1),(229,4,'SocStud',2043,'2015-12-05 16:18:23','0000-00-00 00:00:00',1),(230,4,'Phncs',2043,'2015-12-05 16:18:23','0000-00-00 00:00:00',1),(231,4,'Frnh',2043,'2015-12-05 16:18:23','0000-00-00 00:00:00',1),(232,4,'verbal',2043,'2015-12-05 16:18:23','0000-00-00 00:00:00',1),(233,4,'Quantitati',2043,'2015-12-05 16:18:23','0000-00-00 00:00:00',1),(234,4,'CivicEdu',2043,'2015-12-05 16:18:23','0000-00-00 00:00:00',1),(235,4,'Voctnal',2043,'2015-12-05 16:18:23','0000-00-00 00:00:00',1),(236,4,'HandWri',2043,'2015-12-05 16:18:23','0000-00-00 00:00:00',1),(237,4,'BasSci',2043,'2015-12-05 16:18:23','0000-00-00 00:00:00',1),(238,4,'Agric',2043,'2015-12-05 16:18:23','0000-00-00 00:00:00',1),(239,4,'CRS',2043,'2015-12-05 16:18:23','0000-00-00 00:00:00',1),(240,4,'PHE',2043,'2015-12-05 16:18:23','0000-00-00 00:00:00',1),(241,4,'Computer',2043,'2015-12-05 16:18:23','0000-00-00 00:00:00',1),(242,4,'HomeEcons',2043,'2015-12-05 16:18:23','0000-00-00 00:00:00',1),(243,4,'Yor',2043,'2015-12-05 16:18:23','0000-00-00 00:00:00',1),(244,4,'CCA',2043,'2015-12-05 16:18:23','0000-00-00 00:00:00',1),(245,2,'Voctnal',2012,'2015-12-05 16:20:38','0000-00-00 00:00:00',1),(246,7,'Rhym',2011,'2016-03-23 21:12:09','0000-00-00 00:00:00',1),(247,7,'Msc',2011,'2016-03-23 21:12:09','0000-00-00 00:00:00',1),(248,7,'HandWri',2011,'2016-03-23 21:14:25','0000-00-00 00:00:00',1),(249,4,'Msc',2043,'2016-03-24 18:34:43','0000-00-00 00:00:00',1),(250,4,'EngLit',2043,'2016-03-24 18:34:43','0000-00-00 00:00:00',1),(251,3,'Msc',2015,'2016-03-25 15:45:11','0000-00-00 00:00:00',1),(252,3,'EngLit',2015,'2016-03-25 15:45:11','0000-00-00 00:00:00',1),(253,1,'Msc',2015,'2016-03-25 17:12:53','0000-00-00 00:00:00',1),(254,1,'EngLit',2015,'2016-03-25 17:12:53','0000-00-00 00:00:00',1),(255,10,'Msc',2044,'2016-03-26 16:25:42','0000-00-00 00:00:00',1),(256,9,'HandWri',2042,'2016-03-28 09:30:55','0000-00-00 00:00:00',1),(257,2,'Msc',2012,'2016-03-31 21:04:19','0000-00-00 00:00:00',1),(258,2,'EngLit',2012,'2016-03-31 21:04:19','0000-00-00 00:00:00',1);
/*!40000 ALTER TABLE `class_subject` ENABLE KEYS */;
UNLOCK TABLES;

--
-- Table structure for table `exam_type`
--

DROP TABLE IF EXISTS `exam_type`;
/*!40101 SET @saved_cs_client     = @@character_set_client */;
/*!40101 SET character_set_client = utf8 */;
CREATE TABLE `exam_type` (
  `exam_type_id` int(11) NOT NULL AUTO_INCREMENT,
  `exam_type_desc` varchar(45) DEFAULT NULL,
  `max_score` varchar(45) DEFAULT NULL,
  `session_term_id` int(11) DEFAULT NULL,
  `ius_yn` tinyint(1) DEFAULT '1',
  `created` datetime DEFAULT CURRENT_TIMESTAMP,
  `modified` timestamp NULL DEFAULT NULL ON UPDATE CURRENT_TIMESTAMP,
  PRIMARY KEY (`exam_type_id`)
) ENGINE=InnoDB AUTO_INCREMENT=32 DEFAULT CHARSET=utf8;
/*!40101 SET character_set_client = @saved_cs_client */;

--
-- Dumping data for table `exam_type`
--

LOCK TABLES `exam_type` WRITE;
/*!40000 ALTER TABLE `exam_type` DISABLE KEYS */;
INSERT INTO `exam_type` VALUES (1,'Test 1','20',2032,1,'2015-10-11 15:17:06','2016-07-05 07:46:32'),(2,'Test 2','20',2032,1,'2015-10-11 15:17:06','2016-07-05 07:46:58'),(3,'Test 1','20',2029,1,'2015-10-11 15:17:06','2016-07-05 07:49:31'),(4,'Test 2','20',2029,1,'2015-10-11 15:17:06','2016-07-05 07:49:49'),(5,'Test 1','20',2024,1,'2015-10-11 15:17:06','2016-07-05 07:50:09'),(6,'Test 2','20',2024,1,'2015-10-11 15:17:06','2016-07-05 07:50:30'),(7,'Test 1','20',2021,1,'2015-10-11 15:17:06','2016-07-05 07:50:48'),(8,'Test 2','20',2021,1,'2015-10-31 12:51:02','2016-07-05 07:51:04'),(9,'Test 1','20',2018,1,'2015-10-31 13:15:14','2016-07-05 07:51:24'),(10,'Test 2','20',2018,1,'2015-10-31 13:18:13','2016-07-05 07:51:40'),(11,'Exam','60',2032,1,'2015-10-31 13:18:34','2016-07-05 07:59:28'),(12,'Exam','60',2029,1,'2015-10-31 13:18:52','2016-07-05 07:59:54'),(13,'Exam','60',2024,1,'2015-10-31 13:19:11','2016-07-05 08:00:03'),(14,'Exam','60',2021,1,'2015-10-31 13:19:50','2016-07-05 08:00:22'),(15,'Exam','60',2018,1,'2015-10-31 13:20:02','2016-07-05 08:00:34'),(16,'Exam','60',2015,1,'2015-10-31 13:20:14','2016-07-05 08:00:44'),(17,'Exam','60',2012,1,'2015-10-31 13:20:26','2016-07-05 08:00:52'),(18,'Exam','60',2009,1,'2015-10-31 13:20:38','2016-07-05 08:01:00'),(19,'Exam','60',2003,1,'2015-10-31 13:20:50','2016-07-05 08:01:10'),(20,'Exam','60',2006,1,'2015-12-05 21:34:48','2016-07-05 08:01:25'),(21,'Exam','60',2030,0,'2015-12-05 21:36:04','2016-03-23 19:01:50'),(22,'Test 1','20',2015,1,'2016-07-05 07:52:50','0000-00-00 00:00:00'),(23,'Test 2','20',2015,1,'2016-07-05 07:53:13','0000-00-00 00:00:00'),(24,'Test 1','20',2012,1,'2016-07-05 07:53:29','0000-00-00 00:00:00'),(25,'Test 2','20',2012,1,'2016-07-05 07:53:42','0000-00-00 00:00:00'),(26,'Test 1','20',2009,1,'2016-07-05 07:55:17','0000-00-00 00:00:00'),(27,'Test 2','20',2009,1,'2016-07-05 07:55:31','0000-00-00 00:00:00'),(28,'Test 1','20',2006,1,'2016-07-05 07:55:49','0000-00-00 00:00:00'),(29,'Test 2','20',2006,1,'2016-07-05 07:56:03','0000-00-00 00:00:00'),(30,'Test 1','20',2003,1,'2016-07-05 07:56:18','0000-00-00 00:00:00'),(31,'Test 2','20',2003,1,'2016-07-05 07:56:29','0000-00-00 00:00:00');
/*!40000 ALTER TABLE `exam_type` ENABLE KEYS */;
UNLOCK TABLES;

--
-- Table structure for table `examinations`
--

DROP TABLE IF EXISTS `examinations`;
/*!40101 SET @saved_cs_client     = @@character_set_client */;
/*!40101 SET character_set_client = utf8 */;
CREATE TABLE `examinations` (
  `exam_id` int(11) NOT NULL AUTO_INCREMENT,
  `session_term_id` int(11) DEFAULT NULL,
  `class_subject_id` int(11) DEFAULT NULL,
  `student_id` int(11) DEFAULT NULL,
  `exam_type_id` int(11) DEFAULT NULL,
  `max_score` int(11) DEFAULT NULL,
  `stud_score` int(11) DEFAULT NULL,
  `created` datetime DEFAULT NULL,
  `last_modified` timestamp NULL DEFAULT NULL ON UPDATE CURRENT_TIMESTAMP,
  PRIMARY KEY (`exam_id`),
  KEY `fk_examinations_exam_type1_idx` (`exam_type_id`),
  KEY `fk_examinations_student1_idx` (`student_id`),
  KEY `fk_examinations_class_subject1_idx` (`class_subject_id`),
  KEY `fk_examinations_session_term1_idx` (`session_term_id`),
  CONSTRAINT `fk_examinations_class_subject1` FOREIGN KEY (`class_subject_id`) REFERENCES `class_subject` (`class_subject_id`) ON DELETE NO ACTION ON UPDATE NO ACTION,
  CONSTRAINT `fk_examinations_exam_type1` FOREIGN KEY (`exam_type_id`) REFERENCES `exam_type` (`exam_type_id`) ON DELETE NO ACTION ON UPDATE NO ACTION,
  CONSTRAINT `fk_examinations_session_term1` FOREIGN KEY (`session_term_id`) REFERENCES `session_term` (`session_term_id`) ON DELETE NO ACTION ON UPDATE NO ACTION,
  CONSTRAINT `fk_examinations_student1` FOREIGN KEY (`student_id`) REFERENCES `student` (`student_id`) ON DELETE NO ACTION ON UPDATE NO ACTION
) ENGINE=InnoDB AUTO_INCREMENT=2328 DEFAULT CHARSET=utf8;
/*!40101 SET character_set_client = @saved_cs_client */;

--
-- Dumping data for table `examinations`
--

LOCK TABLES `examinations` WRITE;
/*!40000 ALTER TABLE `examinations` DISABLE KEYS */;
INSERT INTO `examinations` VALUES (14,2004,5,2028,4,0,40,'0000-00-00 00:00:00','0000-00-00 00:00:00'),(15,2004,5,2035,4,0,40,'0000-00-00 00:00:00','0000-00-00 00:00:00'),(16,2004,5,2036,4,0,40,'0000-00-00 00:00:00','0000-00-00 00:00:00'),(17,2004,6,2028,4,0,40,'0000-00-00 00:00:00','0000-00-00 00:00:00'),(18,2004,6,2035,4,0,40,'0000-00-00 00:00:00','0000-00-00 00:00:00'),(19,2004,6,2036,4,0,40,'0000-00-00 00:00:00','0000-00-00 00:00:00'),(20,2004,6,2028,13,0,58,'0000-00-00 00:00:00','0000-00-00 00:00:00'),(21,2004,6,2035,13,0,50,'0000-00-00 00:00:00','0000-00-00 00:00:00'),(22,2004,6,2036,13,0,46,'0000-00-00 00:00:00','0000-00-00 00:00:00'),(24,2004,10,2028,4,0,40,'0000-00-00 00:00:00','2015-12-06 02:43:39'),(25,2004,10,2035,4,0,40,'0000-00-00 00:00:00','0000-00-00 00:00:00'),(26,2004,10,2036,4,0,40,'0000-00-00 00:00:00','0000-00-00 00:00:00'),(27,2004,10,2028,13,0,42,'0000-00-00 00:00:00','0000-00-00 00:00:00'),(28,2004,10,2035,13,0,50,'0000-00-00 00:00:00','0000-00-00 00:00:00'),(29,2004,10,2036,13,0,48,'0000-00-00 00:00:00','0000-00-00 00:00:00'),(30,2004,143,2028,4,0,36,'0000-00-00 00:00:00','0000-00-00 00:00:00'),(31,2004,143,2035,4,0,40,'0000-00-00 00:00:00','2015-11-28 19:53:35'),(32,2004,143,2036,4,0,40,'0000-00-00 00:00:00','2015-11-28 19:53:42'),(33,2004,144,2028,4,0,40,'0000-00-00 00:00:00','0000-00-00 00:00:00'),(34,2004,144,2028,13,0,56,'0000-00-00 00:00:00','0000-00-00 00:00:00'),(35,2004,144,2035,13,0,44,'0000-00-00 00:00:00','0000-00-00 00:00:00'),(36,2004,144,2036,13,0,30,'0000-00-00 00:00:00','0000-00-00 00:00:00'),(37,2004,143,2028,13,0,60,'0000-00-00 00:00:00','0000-00-00 00:00:00'),(38,2004,143,2035,13,0,60,'0000-00-00 00:00:00','0000-00-00 00:00:00'),(39,2004,143,2036,13,0,53,'0000-00-00 00:00:00','0000-00-00 00:00:00'),(40,2004,145,2028,4,0,40,'0000-00-00 00:00:00','0000-00-00 00:00:00'),(41,2004,145,2035,4,0,32,'0000-00-00 00:00:00','0000-00-00 00:00:00'),(42,2004,145,2036,4,0,40,'0000-00-00 00:00:00','0000-00-00 00:00:00'),(43,2004,146,2028,4,0,40,'0000-00-00 00:00:00','0000-00-00 00:00:00'),(44,2004,146,2035,4,0,40,'0000-00-00 00:00:00','0000-00-00 00:00:00'),(45,2004,146,2036,4,0,40,'0000-00-00 00:00:00','0000-00-00 00:00:00'),(46,2004,147,2028,4,0,40,'0000-00-00 00:00:00','0000-00-00 00:00:00'),(47,2004,147,2035,4,0,40,'0000-00-00 00:00:00','0000-00-00 00:00:00'),(48,2004,147,2036,4,0,40,'0000-00-00 00:00:00','0000-00-00 00:00:00'),(49,2004,147,2028,13,0,52,'0000-00-00 00:00:00','0000-00-00 00:00:00'),(50,2004,147,2035,13,0,54,'0000-00-00 00:00:00','0000-00-00 00:00:00'),(51,2004,147,2036,13,0,56,'0000-00-00 00:00:00','0000-00-00 00:00:00'),(52,2004,148,2028,4,0,38,'0000-00-00 00:00:00','0000-00-00 00:00:00'),(53,2004,148,2035,4,0,40,'0000-00-00 00:00:00','0000-00-00 00:00:00'),(54,2004,148,2036,4,0,35,'0000-00-00 00:00:00','0000-00-00 00:00:00'),(55,2004,148,2028,13,0,51,'0000-00-00 00:00:00','0000-00-00 00:00:00'),(56,2004,148,2035,13,0,39,'0000-00-00 00:00:00','0000-00-00 00:00:00'),(57,2004,148,2036,13,0,41,'0000-00-00 00:00:00','0000-00-00 00:00:00'),(58,2004,149,2028,4,0,38,'0000-00-00 00:00:00','0000-00-00 00:00:00'),(59,2004,149,2035,4,0,38,'0000-00-00 00:00:00','0000-00-00 00:00:00'),(60,2004,149,2036,4,0,38,'0000-00-00 00:00:00','0000-00-00 00:00:00'),(61,2004,150,2028,4,0,40,'0000-00-00 00:00:00','0000-00-00 00:00:00'),(62,2004,150,2035,4,0,40,'0000-00-00 00:00:00','0000-00-00 00:00:00'),(63,2004,150,2036,4,0,40,'0000-00-00 00:00:00','0000-00-00 00:00:00'),(64,2004,151,2028,4,0,40,'0000-00-00 00:00:00','0000-00-00 00:00:00'),(65,2004,151,2035,4,0,40,'0000-00-00 00:00:00','0000-00-00 00:00:00'),(66,2004,151,2036,4,0,40,'0000-00-00 00:00:00','0000-00-00 00:00:00'),(67,2004,151,2028,13,0,56,'0000-00-00 00:00:00','0000-00-00 00:00:00'),(68,2004,151,2035,13,0,52,'0000-00-00 00:00:00','0000-00-00 00:00:00'),(69,2004,151,2036,13,0,48,'0000-00-00 00:00:00','0000-00-00 00:00:00'),(70,2004,152,2028,4,0,40,'0000-00-00 00:00:00','0000-00-00 00:00:00'),(71,2004,153,2028,4,0,40,'0000-00-00 00:00:00','0000-00-00 00:00:00'),(72,2004,153,2035,4,0,40,'0000-00-00 00:00:00','0000-00-00 00:00:00'),(73,2004,153,2036,4,0,38,'0000-00-00 00:00:00','0000-00-00 00:00:00'),(74,2004,153,2028,13,0,50,'0000-00-00 00:00:00','0000-00-00 00:00:00'),(75,2004,153,2035,13,0,46,'0000-00-00 00:00:00','0000-00-00 00:00:00'),(76,2004,153,2036,13,0,46,'0000-00-00 00:00:00','0000-00-00 00:00:00'),(77,2004,154,2028,4,0,40,'0000-00-00 00:00:00','0000-00-00 00:00:00'),(78,2004,154,2035,4,0,40,'0000-00-00 00:00:00','0000-00-00 00:00:00'),(79,2004,154,2036,4,0,40,'0000-00-00 00:00:00','0000-00-00 00:00:00'),(80,2004,154,2028,13,0,50,'0000-00-00 00:00:00','0000-00-00 00:00:00'),(81,2004,154,2035,13,0,50,'0000-00-00 00:00:00','0000-00-00 00:00:00'),(82,2004,154,2036,13,0,54,'0000-00-00 00:00:00','0000-00-00 00:00:00'),(83,2004,155,2028,4,0,40,'0000-00-00 00:00:00','0000-00-00 00:00:00'),(84,2004,155,2035,4,0,40,'0000-00-00 00:00:00','0000-00-00 00:00:00'),(85,2004,155,2036,4,0,40,'0000-00-00 00:00:00','0000-00-00 00:00:00'),(86,2004,156,2028,4,0,40,'0000-00-00 00:00:00','0000-00-00 00:00:00'),(87,2004,156,2035,4,0,32,'0000-00-00 00:00:00','0000-00-00 00:00:00'),(88,2004,156,2036,4,0,40,'0000-00-00 00:00:00','0000-00-00 00:00:00'),(89,2004,157,2028,4,0,40,'0000-00-00 00:00:00','0000-00-00 00:00:00'),(90,2004,157,2035,4,0,30,'0000-00-00 00:00:00','2015-11-28 20:16:13'),(91,2004,157,2036,4,0,38,'0000-00-00 00:00:00','2015-11-28 20:16:12'),(92,2004,150,2028,13,0,60,'0000-00-00 00:00:00','0000-00-00 00:00:00'),(93,2004,152,2028,13,0,56,'0000-00-00 00:00:00','0000-00-00 00:00:00'),(94,2004,145,2028,13,0,52,'0000-00-00 00:00:00','0000-00-00 00:00:00'),(95,2004,149,2028,13,0,54,'0000-00-00 00:00:00','0000-00-00 00:00:00'),(96,2004,155,2028,13,0,55,'0000-00-00 00:00:00','0000-00-00 00:00:00'),(97,2004,5,2028,13,0,60,'0000-00-00 00:00:00','0000-00-00 00:00:00'),(98,2004,157,2028,13,0,55,'0000-00-00 00:00:00','0000-00-00 00:00:00'),(99,2004,146,2028,13,0,58,'0000-00-00 00:00:00','0000-00-00 00:00:00'),(100,2004,156,2028,13,0,32,'0000-00-00 00:00:00','0000-00-00 00:00:00'),(101,2004,152,2035,4,0,40,'0000-00-00 00:00:00','0000-00-00 00:00:00'),(102,2004,152,2035,13,0,38,'0000-00-00 00:00:00','0000-00-00 00:00:00'),(103,2004,145,2035,13,0,44,'0000-00-00 00:00:00','0000-00-00 00:00:00'),(104,2004,149,2035,13,0,55,'0000-00-00 00:00:00','0000-00-00 00:00:00'),(105,2004,155,2035,13,0,55,'0000-00-00 00:00:00','0000-00-00 00:00:00'),(106,2004,5,2035,13,0,54,'0000-00-00 00:00:00','0000-00-00 00:00:00'),(107,2004,157,2035,13,0,53,'0000-00-00 00:00:00','0000-00-00 00:00:00'),(108,2004,156,2035,13,0,32,'0000-00-00 00:00:00','0000-00-00 00:00:00'),(109,2004,146,2035,13,0,58,'0000-00-00 00:00:00','0000-00-00 00:00:00'),(110,2004,150,2035,13,0,54,'0000-00-00 00:00:00','0000-00-00 00:00:00'),(111,2004,144,2035,4,0,40,'0000-00-00 00:00:00','0000-00-00 00:00:00'),(112,2004,145,2036,13,0,48,'0000-00-00 00:00:00','0000-00-00 00:00:00'),(113,2004,149,2036,13,0,38,'0000-00-00 00:00:00','0000-00-00 00:00:00'),(114,2004,155,2036,13,0,53,'0000-00-00 00:00:00','0000-00-00 00:00:00'),(115,2004,5,2036,13,0,52,'0000-00-00 00:00:00','0000-00-00 00:00:00'),(116,2004,157,2036,13,0,52,'0000-00-00 00:00:00','0000-00-00 00:00:00'),(117,2004,146,2036,13,0,58,'0000-00-00 00:00:00','0000-00-00 00:00:00'),(118,2004,156,2036,13,0,32,'0000-00-00 00:00:00','0000-00-00 00:00:00'),(119,2004,144,2036,4,0,40,'0000-00-00 00:00:00','0000-00-00 00:00:00'),(120,2004,150,2036,13,0,52,'0000-00-00 00:00:00','0000-00-00 00:00:00'),(121,2019,158,2033,3,0,40,'0000-00-00 00:00:00','0000-00-00 00:00:00'),(122,2019,158,2026,3,0,39,'0000-00-00 00:00:00','0000-00-00 00:00:00'),(123,2019,158,2026,12,0,58,'0000-00-00 00:00:00','0000-00-00 00:00:00'),(124,2019,158,2033,12,0,56,'0000-00-00 00:00:00','0000-00-00 00:00:00'),(125,2019,160,2026,12,0,58,'0000-00-00 00:00:00','0000-00-00 00:00:00'),(126,2019,160,2033,12,0,58,'0000-00-00 00:00:00','0000-00-00 00:00:00'),(127,2019,160,2026,3,0,38,'0000-00-00 00:00:00','0000-00-00 00:00:00'),(128,2019,160,2033,3,0,40,'0000-00-00 00:00:00','0000-00-00 00:00:00'),(129,2019,161,2026,3,0,40,'0000-00-00 00:00:00','0000-00-00 00:00:00'),(130,2019,161,2033,3,0,40,'0000-00-00 00:00:00','0000-00-00 00:00:00'),(131,2019,161,2026,12,0,60,'0000-00-00 00:00:00','0000-00-00 00:00:00'),(132,2019,161,2033,12,0,60,'0000-00-00 00:00:00','0000-00-00 00:00:00'),(133,2019,159,2026,12,0,54,'0000-00-00 00:00:00','0000-00-00 00:00:00'),(134,2019,159,2026,3,0,40,'0000-00-00 00:00:00','0000-00-00 00:00:00'),(135,2019,159,2033,3,0,40,'0000-00-00 00:00:00','0000-00-00 00:00:00'),(136,2019,163,2026,3,0,40,'0000-00-00 00:00:00','0000-00-00 00:00:00'),(137,2019,163,2033,3,0,40,'0000-00-00 00:00:00','2015-12-06 03:24:53'),(138,2019,163,2026,12,0,60,'0000-00-00 00:00:00','0000-00-00 00:00:00'),(139,2019,163,2033,12,0,60,'0000-00-00 00:00:00','0000-00-00 00:00:00'),(140,2019,164,2026,12,0,57,'0000-00-00 00:00:00','0000-00-00 00:00:00'),(141,2019,164,2033,12,0,57,'0000-00-00 00:00:00','0000-00-00 00:00:00'),(142,2019,164,2026,3,0,40,'0000-00-00 00:00:00','0000-00-00 00:00:00'),(143,2019,164,2033,3,0,40,'0000-00-00 00:00:00','0000-00-00 00:00:00'),(144,2019,165,2026,3,0,40,'0000-00-00 00:00:00','0000-00-00 00:00:00'),(145,2019,165,2033,3,0,40,'0000-00-00 00:00:00','0000-00-00 00:00:00'),(146,2019,165,2026,12,0,60,'0000-00-00 00:00:00','0000-00-00 00:00:00'),(147,2019,165,2033,12,0,60,'0000-00-00 00:00:00','0000-00-00 00:00:00'),(148,2019,162,2033,12,0,60,'0000-00-00 00:00:00','0000-00-00 00:00:00'),(149,2019,162,2026,12,0,58,'0000-00-00 00:00:00','0000-00-00 00:00:00'),(150,2019,162,2026,3,0,40,'0000-00-00 00:00:00','0000-00-00 00:00:00'),(151,2019,162,2033,3,0,40,'0000-00-00 00:00:00','0000-00-00 00:00:00'),(152,2019,166,2026,3,0,38,'0000-00-00 00:00:00','2015-12-06 03:39:09'),(153,2019,166,2033,3,0,35,'0000-00-00 00:00:00','0000-00-00 00:00:00'),(154,2019,166,2033,12,0,50,'0000-00-00 00:00:00','0000-00-00 00:00:00'),(155,2019,159,2033,12,0,57,'0000-00-00 00:00:00','0000-00-00 00:00:00'),(156,2019,166,2026,12,0,50,'0000-00-00 00:00:00','0000-00-00 00:00:00'),(157,2022,168,2027,1,0,32,'0000-00-00 00:00:00','0000-00-00 00:00:00'),(158,2022,168,2029,1,0,35,'0000-00-00 00:00:00','0000-00-00 00:00:00'),(159,2022,168,2030,1,0,28,'0000-00-00 00:00:00','0000-00-00 00:00:00'),(160,2022,168,2031,1,0,20,'0000-00-00 00:00:00','0000-00-00 00:00:00'),(161,2022,168,2032,1,0,20,'0000-00-00 00:00:00','0000-00-00 00:00:00'),(162,2022,168,2032,10,0,32,'0000-00-00 00:00:00','0000-00-00 00:00:00'),(163,2022,168,2031,10,0,41,'0000-00-00 00:00:00','0000-00-00 00:00:00'),(164,2022,168,2030,10,0,54,'0000-00-00 00:00:00','0000-00-00 00:00:00'),(165,2022,168,2029,10,0,58,'0000-00-00 00:00:00','0000-00-00 00:00:00'),(166,2022,168,2027,10,0,60,'0000-00-00 00:00:00','0000-00-00 00:00:00'),(167,2022,170,2027,10,0,58,'0000-00-00 00:00:00','0000-00-00 00:00:00'),(168,2022,170,2029,10,0,55,'0000-00-00 00:00:00','0000-00-00 00:00:00'),(169,2022,170,2030,10,0,54,'0000-00-00 00:00:00','0000-00-00 00:00:00'),(170,2022,170,2031,10,0,47,'0000-00-00 00:00:00','0000-00-00 00:00:00'),(171,2022,170,2032,10,0,32,'0000-00-00 00:00:00','0000-00-00 00:00:00'),(172,2022,170,2027,1,0,34,'0000-00-00 00:00:00','0000-00-00 00:00:00'),(173,2022,170,2029,1,0,38,'0000-00-00 00:00:00','0000-00-00 00:00:00'),(174,2022,170,2030,1,0,30,'0000-00-00 00:00:00','0000-00-00 00:00:00'),(175,2022,170,2031,1,0,20,'0000-00-00 00:00:00','0000-00-00 00:00:00'),(176,2022,170,2032,1,0,20,'0000-00-00 00:00:00','0000-00-00 00:00:00'),(177,2022,171,2032,1,0,18,'0000-00-00 00:00:00','0000-00-00 00:00:00'),(178,2022,171,2031,1,0,24,'0000-00-00 00:00:00','0000-00-00 00:00:00'),(179,2022,171,2030,1,0,30,'0000-00-00 00:00:00','0000-00-00 00:00:00'),(180,2022,171,2029,1,0,38,'0000-00-00 00:00:00','0000-00-00 00:00:00'),(181,2022,171,2027,1,0,36,'0000-00-00 00:00:00','0000-00-00 00:00:00'),(182,2022,171,2027,10,0,52,'0000-00-00 00:00:00','2015-12-06 04:03:22'),(183,2022,171,2029,10,0,56,'0000-00-00 00:00:00','0000-00-00 00:00:00'),(184,2022,171,2030,10,0,44,'0000-00-00 00:00:00','0000-00-00 00:00:00'),(185,2022,171,2031,10,0,36,'0000-00-00 00:00:00','0000-00-00 00:00:00'),(186,2022,171,2032,10,0,38,'0000-00-00 00:00:00','0000-00-00 00:00:00'),(187,2022,169,2027,10,0,52,'0000-00-00 00:00:00','0000-00-00 00:00:00'),(188,2022,169,2029,10,0,50,'0000-00-00 00:00:00','0000-00-00 00:00:00'),(189,2022,169,2030,10,0,48,'0000-00-00 00:00:00','0000-00-00 00:00:00'),(190,2022,169,2031,10,0,40,'0000-00-00 00:00:00','0000-00-00 00:00:00'),(191,2022,169,2032,10,0,42,'0000-00-00 00:00:00','0000-00-00 00:00:00'),(192,2022,169,2027,1,0,32,'0000-00-00 00:00:00','0000-00-00 00:00:00'),(193,2022,169,2029,1,0,32,'0000-00-00 00:00:00','0000-00-00 00:00:00'),(194,2022,169,2030,1,0,28,'0000-00-00 00:00:00','0000-00-00 00:00:00'),(195,2022,169,2031,1,0,20,'0000-00-00 00:00:00','0000-00-00 00:00:00'),(196,2022,173,2027,1,0,36,'0000-00-00 00:00:00','0000-00-00 00:00:00'),(197,2022,173,2029,1,0,34,'0000-00-00 00:00:00','0000-00-00 00:00:00'),(198,2022,173,2030,1,0,30,'0000-00-00 00:00:00','0000-00-00 00:00:00'),(199,2022,173,2031,1,0,20,'0000-00-00 00:00:00','0000-00-00 00:00:00'),(200,2022,173,2032,1,0,20,'0000-00-00 00:00:00','0000-00-00 00:00:00'),(201,2022,173,2027,10,0,54,'0000-00-00 00:00:00','0000-00-00 00:00:00'),(202,2022,173,2029,10,0,53,'0000-00-00 00:00:00','0000-00-00 00:00:00'),(203,2022,173,2030,10,0,50,'0000-00-00 00:00:00','0000-00-00 00:00:00'),(204,2022,173,2031,10,0,38,'0000-00-00 00:00:00','0000-00-00 00:00:00'),(205,2022,173,2032,10,0,35,'0000-00-00 00:00:00','0000-00-00 00:00:00'),(206,2022,175,2032,10,0,40,'0000-00-00 00:00:00','0000-00-00 00:00:00'),(207,2022,175,2031,10,0,48,'0000-00-00 00:00:00','0000-00-00 00:00:00'),(208,2022,175,2030,10,0,52,'0000-00-00 00:00:00','0000-00-00 00:00:00'),(209,2022,175,2029,10,0,52,'0000-00-00 00:00:00','0000-00-00 00:00:00'),(210,2022,175,2027,10,0,48,'0000-00-00 00:00:00','0000-00-00 00:00:00'),(211,2022,175,2027,1,0,40,'0000-00-00 00:00:00','0000-00-00 00:00:00'),(212,2022,175,2029,1,0,40,'0000-00-00 00:00:00','0000-00-00 00:00:00'),(213,2022,175,2030,1,0,28,'0000-00-00 00:00:00','0000-00-00 00:00:00'),(214,2022,175,2031,1,0,20,'0000-00-00 00:00:00','0000-00-00 00:00:00'),(215,2022,175,2032,1,0,20,'0000-00-00 00:00:00','0000-00-00 00:00:00'),(216,2022,172,2027,1,0,32,'0000-00-00 00:00:00','0000-00-00 00:00:00'),(217,2022,172,2029,1,0,28,'0000-00-00 00:00:00','0000-00-00 00:00:00'),(218,2022,172,2030,1,0,22,'0000-00-00 00:00:00','0000-00-00 00:00:00'),(219,2022,172,2031,1,0,18,'0000-00-00 00:00:00','0000-00-00 00:00:00'),(220,2022,172,2032,1,0,20,'0000-00-00 00:00:00','0000-00-00 00:00:00'),(221,2022,172,2027,10,0,48,'0000-00-00 00:00:00','0000-00-00 00:00:00'),(222,2022,172,2029,10,0,49,'0000-00-00 00:00:00','0000-00-00 00:00:00'),(223,2022,172,2030,10,0,45,'0000-00-00 00:00:00','0000-00-00 00:00:00'),(224,2022,172,2031,10,0,30,'0000-00-00 00:00:00','0000-00-00 00:00:00'),(225,2022,172,2032,10,0,33,'0000-00-00 00:00:00','0000-00-00 00:00:00'),(226,2022,174,2027,10,0,60,'0000-00-00 00:00:00','0000-00-00 00:00:00'),(227,2022,174,2029,10,0,60,'0000-00-00 00:00:00','0000-00-00 00:00:00'),(228,2022,174,2030,10,0,60,'0000-00-00 00:00:00','0000-00-00 00:00:00'),(229,2022,174,2031,10,0,60,'0000-00-00 00:00:00','0000-00-00 00:00:00'),(230,2022,174,2032,10,0,60,'0000-00-00 00:00:00','0000-00-00 00:00:00'),(231,2022,174,2027,1,0,34,'0000-00-00 00:00:00','0000-00-00 00:00:00'),(232,2022,174,2029,1,0,37,'0000-00-00 00:00:00','0000-00-00 00:00:00'),(233,2022,174,2030,1,0,25,'0000-00-00 00:00:00','0000-00-00 00:00:00'),(234,2022,174,2031,1,0,17,'0000-00-00 00:00:00','0000-00-00 00:00:00'),(235,2022,174,2032,1,0,36,'0000-00-00 00:00:00','0000-00-00 00:00:00'),(236,2022,169,2032,1,0,20,'0000-00-00 00:00:00','0000-00-00 00:00:00'),(237,2007,209,2037,6,0,26,'0000-00-00 00:00:00','0000-00-00 00:00:00'),(238,2007,209,2041,6,0,34,'0000-00-00 00:00:00','0000-00-00 00:00:00'),(239,2007,209,2037,15,0,54,'0000-00-00 00:00:00','0000-00-00 00:00:00'),(240,2007,209,2041,15,0,54,'0000-00-00 00:00:00','0000-00-00 00:00:00'),(241,2007,210,2037,15,0,43,'0000-00-00 00:00:00','0000-00-00 00:00:00'),(242,2007,210,2041,15,0,56,'0000-00-00 00:00:00','2015-12-06 05:39:08'),(243,2007,210,2037,6,0,36,'0000-00-00 00:00:00','0000-00-00 00:00:00'),(244,2007,210,2041,6,0,40,'0000-00-00 00:00:00','2015-12-06 05:38:49'),(245,2007,211,2037,6,0,24,'0000-00-00 00:00:00','0000-00-00 00:00:00'),(246,2007,211,2037,15,0,52,'0000-00-00 00:00:00','0000-00-00 00:00:00'),(247,2007,211,2041,15,0,53,'0000-00-00 00:00:00','0000-00-00 00:00:00'),(248,2007,211,2041,6,0,40,'0000-00-00 00:00:00','0000-00-00 00:00:00'),(249,2007,212,2037,6,0,34,'0000-00-00 00:00:00','0000-00-00 00:00:00'),(250,2007,212,2041,6,0,34,'0000-00-00 00:00:00','0000-00-00 00:00:00'),(251,2007,212,2037,15,0,54,'0000-00-00 00:00:00','0000-00-00 00:00:00'),(252,2007,212,2041,15,0,57,'0000-00-00 00:00:00','0000-00-00 00:00:00'),(253,2007,213,2037,15,0,35,'0000-00-00 00:00:00','0000-00-00 00:00:00'),(254,2007,213,2041,15,0,58,'0000-00-00 00:00:00','0000-00-00 00:00:00'),(255,2007,213,2037,6,0,24,'0000-00-00 00:00:00','0000-00-00 00:00:00'),(256,2007,213,2041,6,0,35,'0000-00-00 00:00:00','0000-00-00 00:00:00'),(257,2007,214,2037,6,0,16,'0000-00-00 00:00:00','0000-00-00 00:00:00'),(258,2007,214,2041,6,0,32,'0000-00-00 00:00:00','2015-12-06 05:38:19'),(259,2007,214,2037,15,0,57,'0000-00-00 00:00:00','0000-00-00 00:00:00'),(260,2007,214,2041,15,0,55,'0000-00-00 00:00:00','2015-12-06 05:38:33'),(261,2007,215,2037,15,0,53,'0000-00-00 00:00:00','0000-00-00 00:00:00'),(262,2007,215,2037,6,0,26,'0000-00-00 00:00:00','2015-12-06 05:49:54'),(263,2007,216,2037,6,0,20,'0000-00-00 00:00:00','2015-12-06 05:54:53'),(264,2007,216,2041,6,0,28,'0000-00-00 00:00:00','0000-00-00 00:00:00'),(265,2007,216,2037,15,0,54,'0000-00-00 00:00:00','0000-00-00 00:00:00'),(266,2007,216,2041,15,0,58,'0000-00-00 00:00:00','0000-00-00 00:00:00'),(267,2007,217,2037,15,0,40,'0000-00-00 00:00:00','2015-12-06 05:41:47'),(268,2007,217,2041,15,0,50,'0000-00-00 00:00:00','2015-12-06 05:45:17'),(269,2007,217,2041,6,0,36,'0000-00-00 00:00:00','2015-12-06 05:44:58'),(270,2007,217,2037,6,0,28,'0000-00-00 00:00:00','0000-00-00 00:00:00'),(271,2007,218,2037,6,0,32,'0000-00-00 00:00:00','0000-00-00 00:00:00'),(272,2007,218,2037,15,0,50,'0000-00-00 00:00:00','0000-00-00 00:00:00'),(273,2007,219,2037,15,0,46,'0000-00-00 00:00:00','0000-00-00 00:00:00'),(274,2007,219,2041,15,0,56,'0000-00-00 00:00:00','0000-00-00 00:00:00'),(275,2007,219,2037,6,0,30,'0000-00-00 00:00:00','0000-00-00 00:00:00'),(276,2007,219,2041,6,0,30,'0000-00-00 00:00:00','0000-00-00 00:00:00'),(277,2007,218,2041,15,0,55,'0000-00-00 00:00:00','0000-00-00 00:00:00'),(278,2007,218,2041,6,0,33,'0000-00-00 00:00:00','0000-00-00 00:00:00'),(279,2007,220,2037,6,0,20,'0000-00-00 00:00:00','0000-00-00 00:00:00'),(280,2007,220,2041,6,0,32,'0000-00-00 00:00:00','0000-00-00 00:00:00'),(281,2007,220,2037,15,0,38,'0000-00-00 00:00:00','0000-00-00 00:00:00'),(282,2007,220,2041,15,0,58,'0000-00-00 00:00:00','0000-00-00 00:00:00'),(283,2007,221,2041,15,0,50,'0000-00-00 00:00:00','0000-00-00 00:00:00'),(284,2007,221,2041,6,0,20,'0000-00-00 00:00:00','0000-00-00 00:00:00'),(285,2007,222,2037,6,0,22,'0000-00-00 00:00:00','2015-12-06 05:53:10'),(286,2007,222,2041,6,0,36,'0000-00-00 00:00:00','2015-12-06 05:53:26'),(287,2007,222,2037,15,0,50,'0000-00-00 00:00:00','0000-00-00 00:00:00'),(288,2007,222,2041,15,0,54,'0000-00-00 00:00:00','0000-00-00 00:00:00'),(289,2007,223,2037,6,0,32,'0000-00-00 00:00:00','0000-00-00 00:00:00'),(290,2007,223,2041,6,0,36,'0000-00-00 00:00:00','0000-00-00 00:00:00'),(291,2007,223,2037,15,0,48,'0000-00-00 00:00:00','0000-00-00 00:00:00'),(292,2007,223,2041,15,0,46,'0000-00-00 00:00:00','0000-00-00 00:00:00'),(293,2007,224,2037,6,0,22,'0000-00-00 00:00:00','0000-00-00 00:00:00'),(294,2007,224,2041,6,0,16,'0000-00-00 00:00:00','0000-00-00 00:00:00'),(295,2007,224,2037,15,0,56,'0000-00-00 00:00:00','2015-12-06 06:03:56'),(296,2007,224,2041,15,0,60,'0000-00-00 00:00:00','2015-12-06 06:07:17'),(297,2007,225,2037,15,0,41,'0000-00-00 00:00:00','2015-12-06 06:04:14'),(298,2007,225,2041,15,0,41,'0000-00-00 00:00:00','0000-00-00 00:00:00'),(299,2007,225,2037,6,0,16,'0000-00-00 00:00:00','2015-12-06 06:04:30'),(300,2007,225,2041,6,0,16,'0000-00-00 00:00:00','0000-00-00 00:00:00'),(301,2007,226,2037,6,0,22,'0000-00-00 00:00:00','0000-00-00 00:00:00'),(302,2007,226,2041,6,0,22,'0000-00-00 00:00:00','0000-00-00 00:00:00'),(303,2007,226,2037,15,0,34,'0000-00-00 00:00:00','0000-00-00 00:00:00'),(304,2007,226,2041,15,0,38,'0000-00-00 00:00:00','0000-00-00 00:00:00'),(305,2007,215,2041,15,0,46,'0000-00-00 00:00:00','0000-00-00 00:00:00'),(306,2007,215,2041,6,0,24,'0000-00-00 00:00:00','0000-00-00 00:00:00'),(307,2010,227,2025,7,0,40,'0000-00-00 00:00:00','0000-00-00 00:00:00'),(308,2010,227,2039,7,0,25,'0000-00-00 00:00:00','0000-00-00 00:00:00'),(309,2010,227,2025,16,0,46,'0000-00-00 00:00:00','2015-12-06 11:42:13'),(310,2010,227,2039,16,0,46,'0000-00-00 00:00:00','0000-00-00 00:00:00'),(311,2010,228,2025,7,0,37,'0000-00-00 00:00:00','0000-00-00 00:00:00'),(312,2010,228,2039,7,0,28,'0000-00-00 00:00:00','0000-00-00 00:00:00'),(313,2010,228,2025,16,0,48,'0000-00-00 00:00:00','0000-00-00 00:00:00'),(314,2010,228,2039,16,0,32,'0000-00-00 00:00:00','0000-00-00 00:00:00'),(315,2010,229,2025,16,0,54,'0000-00-00 00:00:00','0000-00-00 00:00:00'),(316,2010,229,2039,16,0,38,'0000-00-00 00:00:00','0000-00-00 00:00:00'),(317,2010,229,2025,7,0,39,'0000-00-00 00:00:00','0000-00-00 00:00:00'),(318,2010,229,2039,7,0,29,'0000-00-00 00:00:00','0000-00-00 00:00:00'),(319,2030,176,2045,20,0,22,'0000-00-00 00:00:00','0000-00-00 00:00:00'),(320,2030,176,2046,20,0,20,'0000-00-00 00:00:00','0000-00-00 00:00:00'),(321,2030,177,2045,20,0,36,'0000-00-00 00:00:00','0000-00-00 00:00:00'),(322,2030,177,2046,20,0,34,'0000-00-00 00:00:00','0000-00-00 00:00:00'),(323,2030,176,2045,21,0,32,'0000-00-00 00:00:00','0000-00-00 00:00:00'),(324,2030,176,2046,21,0,32,'0000-00-00 00:00:00','0000-00-00 00:00:00'),(325,2030,177,2045,21,0,52,'0000-00-00 00:00:00','0000-00-00 00:00:00'),(326,2030,177,2046,21,0,47,'0000-00-00 00:00:00','0000-00-00 00:00:00'),(327,2030,178,2045,21,0,31,'0000-00-00 00:00:00','0000-00-00 00:00:00'),(328,2030,178,2046,21,0,25,'0000-00-00 00:00:00','0000-00-00 00:00:00'),(329,2030,178,2045,20,0,38,'0000-00-00 00:00:00','0000-00-00 00:00:00'),(330,2030,178,2046,20,0,31,'0000-00-00 00:00:00','0000-00-00 00:00:00'),(331,2030,179,2045,20,0,39,'0000-00-00 00:00:00','0000-00-00 00:00:00'),(332,2030,179,2046,20,0,37,'0000-00-00 00:00:00','0000-00-00 00:00:00'),(333,2030,179,2045,21,0,59,'0000-00-00 00:00:00','0000-00-00 00:00:00'),(334,2030,179,2046,21,0,57,'0000-00-00 00:00:00','0000-00-00 00:00:00'),(335,2030,180,2045,21,0,58,'0000-00-00 00:00:00','0000-00-00 00:00:00'),(336,2030,180,2046,21,0,57,'0000-00-00 00:00:00','0000-00-00 00:00:00'),(337,2030,180,2045,20,0,37,'0000-00-00 00:00:00','0000-00-00 00:00:00'),(338,2030,180,2046,20,0,27,'0000-00-00 00:00:00','0000-00-00 00:00:00'),(339,2030,181,2045,20,0,32,'0000-00-00 00:00:00','0000-00-00 00:00:00'),(340,2030,181,2046,20,0,24,'0000-00-00 00:00:00','0000-00-00 00:00:00'),(341,2030,181,2045,21,0,51,'0000-00-00 00:00:00','0000-00-00 00:00:00'),(342,2030,181,2046,21,0,42,'0000-00-00 00:00:00','0000-00-00 00:00:00'),(343,2030,182,2045,21,0,22,'0000-00-00 00:00:00','0000-00-00 00:00:00'),(344,2030,182,2046,21,0,28,'0000-00-00 00:00:00','0000-00-00 00:00:00'),(345,2030,182,2045,20,0,36,'0000-00-00 00:00:00','0000-00-00 00:00:00'),(346,2030,182,2046,20,0,33,'0000-00-00 00:00:00','0000-00-00 00:00:00'),(347,2030,183,2045,20,0,22,'0000-00-00 00:00:00','0000-00-00 00:00:00'),(348,2030,183,2046,20,0,22,'0000-00-00 00:00:00','0000-00-00 00:00:00'),(349,2030,183,2045,21,0,35,'0000-00-00 00:00:00','0000-00-00 00:00:00'),(350,2030,183,2046,21,0,40,'0000-00-00 00:00:00','0000-00-00 00:00:00'),(351,2030,184,2046,21,0,35,'0000-00-00 00:00:00','0000-00-00 00:00:00'),(352,2030,184,2046,20,0,25,'0000-00-00 00:00:00','0000-00-00 00:00:00'),(353,2030,185,2045,20,0,33,'0000-00-00 00:00:00','2015-12-06 11:07:01'),(354,2030,185,2046,20,0,24,'0000-00-00 00:00:00','2015-12-06 11:12:58'),(355,2030,185,2045,21,0,45,'0000-00-00 00:00:00','0000-00-00 00:00:00'),(356,2030,185,2046,21,0,37,'0000-00-00 00:00:00','0000-00-00 00:00:00'),(357,2030,186,2045,21,0,41,'0000-00-00 00:00:00','2015-12-06 11:12:03'),(358,2030,186,2046,21,0,45,'0000-00-00 00:00:00','2015-12-06 11:12:30'),(359,2030,186,2045,20,0,36,'0000-00-00 00:00:00','0000-00-00 00:00:00'),(360,2030,186,2046,20,0,20,'0000-00-00 00:00:00','0000-00-00 00:00:00'),(361,2030,187,2045,20,0,33,'0000-00-00 00:00:00','0000-00-00 00:00:00'),(362,2030,187,2046,20,0,30,'0000-00-00 00:00:00','0000-00-00 00:00:00'),(363,2030,187,2045,21,0,38,'0000-00-00 00:00:00','0000-00-00 00:00:00'),(364,2030,187,2046,21,0,52,'0000-00-00 00:00:00','0000-00-00 00:00:00'),(365,2030,188,2045,21,0,42,'0000-00-00 00:00:00','0000-00-00 00:00:00'),(366,2030,188,2046,21,0,50,'0000-00-00 00:00:00','0000-00-00 00:00:00'),(367,2030,188,2045,20,0,28,'0000-00-00 00:00:00','0000-00-00 00:00:00'),(368,2030,188,2046,20,0,23,'0000-00-00 00:00:00','0000-00-00 00:00:00'),(369,2030,189,2045,20,0,30,'0000-00-00 00:00:00','2015-12-06 11:00:23'),(370,2030,189,2046,20,0,20,'0000-00-00 00:00:00','2015-12-06 11:00:57'),(371,2030,189,2045,21,0,30,'0000-00-00 00:00:00','0000-00-00 00:00:00'),(372,2030,189,2046,21,0,34,'0000-00-00 00:00:00','0000-00-00 00:00:00'),(373,2030,190,2045,20,0,34,'0000-00-00 00:00:00','0000-00-00 00:00:00'),(374,2030,190,2046,20,0,26,'0000-00-00 00:00:00','0000-00-00 00:00:00'),(375,2030,190,2045,21,0,48,'0000-00-00 00:00:00','0000-00-00 00:00:00'),(376,2030,190,2046,21,0,38,'0000-00-00 00:00:00','0000-00-00 00:00:00'),(377,2030,191,2045,21,0,29,'0000-00-00 00:00:00','0000-00-00 00:00:00'),(378,2030,191,2046,21,0,33,'0000-00-00 00:00:00','0000-00-00 00:00:00'),(379,2030,191,2045,20,0,27,'0000-00-00 00:00:00','0000-00-00 00:00:00'),(380,2030,191,2046,20,0,25,'0000-00-00 00:00:00','0000-00-00 00:00:00'),(381,2010,230,2025,7,0,40,'0000-00-00 00:00:00','0000-00-00 00:00:00'),(382,2010,230,2039,7,0,33,'0000-00-00 00:00:00','0000-00-00 00:00:00'),(383,2010,230,2025,16,0,60,'0000-00-00 00:00:00','0000-00-00 00:00:00'),(384,2010,230,2039,16,0,55,'0000-00-00 00:00:00','0000-00-00 00:00:00'),(385,2010,231,2025,16,0,52,'0000-00-00 00:00:00','0000-00-00 00:00:00'),(386,2010,231,2039,16,0,41,'0000-00-00 00:00:00','0000-00-00 00:00:00'),(387,2010,231,2025,7,0,30,'0000-00-00 00:00:00','0000-00-00 00:00:00'),(388,2010,231,2039,7,0,26,'0000-00-00 00:00:00','0000-00-00 00:00:00'),(389,2010,232,2025,7,0,40,'0000-00-00 00:00:00','0000-00-00 00:00:00'),(390,2010,232,2039,7,0,38,'0000-00-00 00:00:00','0000-00-00 00:00:00'),(391,2010,232,2025,16,0,56,'0000-00-00 00:00:00','0000-00-00 00:00:00'),(392,2010,232,2039,16,0,52,'0000-00-00 00:00:00','0000-00-00 00:00:00'),(393,2010,233,2025,16,0,54,'0000-00-00 00:00:00','0000-00-00 00:00:00'),(394,2010,233,2039,16,0,36,'0000-00-00 00:00:00','0000-00-00 00:00:00'),(395,2010,233,2039,7,0,32,'0000-00-00 00:00:00','0000-00-00 00:00:00'),(396,2010,233,2025,7,0,40,'0000-00-00 00:00:00','0000-00-00 00:00:00'),(397,2010,234,2025,7,0,36,'0000-00-00 00:00:00','0000-00-00 00:00:00'),(398,2010,234,2039,7,0,24,'0000-00-00 00:00:00','0000-00-00 00:00:00'),(399,2010,234,2025,16,0,54,'0000-00-00 00:00:00','0000-00-00 00:00:00'),(400,2010,234,2039,16,0,38,'0000-00-00 00:00:00','0000-00-00 00:00:00'),(401,2010,235,2025,16,0,54,'0000-00-00 00:00:00','0000-00-00 00:00:00'),(402,2010,235,2039,16,0,34,'0000-00-00 00:00:00','0000-00-00 00:00:00'),(403,2010,235,2025,7,0,37,'0000-00-00 00:00:00','0000-00-00 00:00:00'),(404,2010,235,2039,7,0,25,'0000-00-00 00:00:00','0000-00-00 00:00:00'),(405,2010,236,2025,7,0,30,'0000-00-00 00:00:00','0000-00-00 00:00:00'),(406,2010,236,2039,7,0,28,'0000-00-00 00:00:00','0000-00-00 00:00:00'),(407,2010,236,2025,16,0,40,'0000-00-00 00:00:00','0000-00-00 00:00:00'),(408,2010,236,2039,16,0,40,'0000-00-00 00:00:00','0000-00-00 00:00:00'),(409,2010,237,2025,16,0,48,'0000-00-00 00:00:00','0000-00-00 00:00:00'),(410,2010,237,2039,16,0,37,'0000-00-00 00:00:00','2015-12-06 11:45:07'),(411,2010,237,2025,7,0,40,'0000-00-00 00:00:00','0000-00-00 00:00:00'),(412,2010,238,2025,7,0,36,'0000-00-00 00:00:00','0000-00-00 00:00:00'),(413,2010,238,2039,7,0,20,'0000-00-00 00:00:00','0000-00-00 00:00:00'),(414,2010,238,2025,16,0,53,'0000-00-00 00:00:00','0000-00-00 00:00:00'),(415,2010,238,2039,16,0,27,'0000-00-00 00:00:00','0000-00-00 00:00:00'),(416,2010,239,2025,16,0,54,'0000-00-00 00:00:00','0000-00-00 00:00:00'),(417,2010,239,2025,7,0,35,'0000-00-00 00:00:00','0000-00-00 00:00:00'),(418,2010,240,2025,7,0,39,'0000-00-00 00:00:00','0000-00-00 00:00:00'),(419,2010,240,2039,7,0,29,'0000-00-00 00:00:00','2015-12-06 11:32:33'),(420,2010,240,2025,16,0,55,'0000-00-00 00:00:00','0000-00-00 00:00:00'),(421,2010,240,2039,16,0,38,'0000-00-00 00:00:00','0000-00-00 00:00:00'),(422,2010,241,2025,16,0,55,'0000-00-00 00:00:00','0000-00-00 00:00:00'),(423,2010,241,2039,16,0,49,'0000-00-00 00:00:00','0000-00-00 00:00:00'),(424,2010,241,2025,7,0,38,'0000-00-00 00:00:00','0000-00-00 00:00:00'),(425,2010,241,2039,7,0,26,'0000-00-00 00:00:00','0000-00-00 00:00:00'),(426,2010,242,2025,7,0,39,'0000-00-00 00:00:00','0000-00-00 00:00:00'),(427,2010,242,2039,7,0,30,'0000-00-00 00:00:00','0000-00-00 00:00:00'),(428,2010,242,2025,16,0,53,'0000-00-00 00:00:00','0000-00-00 00:00:00'),(429,2010,242,2039,16,0,44,'0000-00-00 00:00:00','0000-00-00 00:00:00'),(430,2010,243,2025,16,0,40,'0000-00-00 00:00:00','0000-00-00 00:00:00'),(431,2010,243,2039,16,0,22,'0000-00-00 00:00:00','0000-00-00 00:00:00'),(432,2010,243,2025,7,0,38,'0000-00-00 00:00:00','0000-00-00 00:00:00'),(433,2010,243,2039,7,0,20,'0000-00-00 00:00:00','0000-00-00 00:00:00'),(434,2010,244,2025,7,0,35,'0000-00-00 00:00:00','0000-00-00 00:00:00'),(435,2010,244,2039,7,0,30,'0000-00-00 00:00:00','0000-00-00 00:00:00'),(436,2010,244,2025,16,0,54,'0000-00-00 00:00:00','0000-00-00 00:00:00'),(437,2010,244,2039,16,0,43,'0000-00-00 00:00:00','0000-00-00 00:00:00'),(438,2010,237,2039,7,0,36,'0000-00-00 00:00:00','0000-00-00 00:00:00'),(439,2001,192,2034,5,0,18,'0000-00-00 00:00:00','0000-00-00 00:00:00'),(440,2001,192,2040,5,0,16,'0000-00-00 00:00:00','0000-00-00 00:00:00'),(441,2001,192,2049,5,0,40,'0000-00-00 00:00:00','0000-00-00 00:00:00'),(442,2001,192,2034,14,0,34,'0000-00-00 00:00:00','0000-00-00 00:00:00'),(443,2001,192,2040,14,0,48,'0000-00-00 00:00:00','0000-00-00 00:00:00'),(444,2001,192,2049,14,0,56,'0000-00-00 00:00:00','0000-00-00 00:00:00'),(445,2001,193,2034,5,0,32,'0000-00-00 00:00:00','0000-00-00 00:00:00'),(446,2001,193,2040,5,0,24,'0000-00-00 00:00:00','0000-00-00 00:00:00'),(447,2001,193,2049,5,0,28,'0000-00-00 00:00:00','0000-00-00 00:00:00'),(448,2001,193,2034,14,0,46,'0000-00-00 00:00:00','0000-00-00 00:00:00'),(449,2001,193,2040,14,0,51,'0000-00-00 00:00:00','0000-00-00 00:00:00'),(450,2001,193,2049,14,0,56,'0000-00-00 00:00:00','0000-00-00 00:00:00'),(451,2001,194,2034,14,0,50,'0000-00-00 00:00:00','0000-00-00 00:00:00'),(452,2001,194,2040,14,0,47,'0000-00-00 00:00:00','0000-00-00 00:00:00'),(453,2001,194,2049,14,0,46,'0000-00-00 00:00:00','0000-00-00 00:00:00'),(454,2001,194,2049,5,0,36,'0000-00-00 00:00:00','0000-00-00 00:00:00'),(455,2001,194,2040,5,0,24,'0000-00-00 00:00:00','0000-00-00 00:00:00'),(456,2001,194,2034,5,0,28,'0000-00-00 00:00:00','0000-00-00 00:00:00'),(457,2001,195,2034,5,0,33,'0000-00-00 00:00:00','0000-00-00 00:00:00'),(458,2001,195,2040,5,0,22,'0000-00-00 00:00:00','0000-00-00 00:00:00'),(459,2001,195,2049,5,0,34,'0000-00-00 00:00:00','0000-00-00 00:00:00'),(460,2001,195,2034,14,0,50,'0000-00-00 00:00:00','0000-00-00 00:00:00'),(461,2001,195,2040,14,0,48,'0000-00-00 00:00:00','0000-00-00 00:00:00'),(462,2001,195,2049,14,0,51,'0000-00-00 00:00:00','0000-00-00 00:00:00'),(463,2001,196,2034,14,0,40,'0000-00-00 00:00:00','0000-00-00 00:00:00'),(464,2001,196,2040,14,0,46,'0000-00-00 00:00:00','0000-00-00 00:00:00'),(465,2001,196,2049,14,0,45,'0000-00-00 00:00:00','0000-00-00 00:00:00'),(466,2001,196,2034,5,0,34,'0000-00-00 00:00:00','0000-00-00 00:00:00'),(467,2001,196,2040,5,0,7,'0000-00-00 00:00:00','0000-00-00 00:00:00'),(468,2001,196,2049,5,0,38,'0000-00-00 00:00:00','0000-00-00 00:00:00'),(469,2001,197,2034,5,0,40,'0000-00-00 00:00:00','0000-00-00 00:00:00'),(470,2001,197,2040,5,0,16,'0000-00-00 00:00:00','2015-12-07 08:53:36'),(471,2001,197,2049,5,0,40,'0000-00-00 00:00:00','0000-00-00 00:00:00'),(472,2001,197,2034,14,0,41,'0000-00-00 00:00:00','0000-00-00 00:00:00'),(473,2001,197,2040,14,0,34,'0000-00-00 00:00:00','2015-12-07 08:52:09'),(474,2001,197,2049,14,0,42,'0000-00-00 00:00:00','0000-00-00 00:00:00'),(475,2001,198,2049,14,0,57,'0000-00-00 00:00:00','0000-00-00 00:00:00'),(476,2001,198,2040,14,0,45,'0000-00-00 00:00:00','0000-00-00 00:00:00'),(477,2001,198,2034,14,0,45,'0000-00-00 00:00:00','0000-00-00 00:00:00'),(478,2001,198,2034,5,0,32,'0000-00-00 00:00:00','0000-00-00 00:00:00'),(479,2001,198,2040,5,0,16,'0000-00-00 00:00:00','0000-00-00 00:00:00'),(480,2001,198,2049,5,0,32,'0000-00-00 00:00:00','0000-00-00 00:00:00'),(481,2001,199,2034,5,0,16,'0000-00-00 00:00:00','0000-00-00 00:00:00'),(482,2001,199,2040,5,0,8,'0000-00-00 00:00:00','0000-00-00 00:00:00'),(483,2001,199,2049,5,0,16,'0000-00-00 00:00:00','0000-00-00 00:00:00'),(484,2001,199,2034,14,0,56,'0000-00-00 00:00:00','0000-00-00 00:00:00'),(485,2001,199,2040,14,0,50,'0000-00-00 00:00:00','0000-00-00 00:00:00'),(486,2001,199,2049,14,0,43,'0000-00-00 00:00:00','0000-00-00 00:00:00'),(487,2001,200,2034,14,0,50,'0000-00-00 00:00:00','0000-00-00 00:00:00'),(488,2001,200,2040,14,0,45,'0000-00-00 00:00:00','0000-00-00 00:00:00'),(489,2001,200,2049,14,0,45,'0000-00-00 00:00:00','0000-00-00 00:00:00'),(490,2001,200,2034,5,0,30,'0000-00-00 00:00:00','0000-00-00 00:00:00'),(491,2001,200,2040,5,0,20,'0000-00-00 00:00:00','0000-00-00 00:00:00'),(492,2001,200,2049,5,0,20,'0000-00-00 00:00:00','0000-00-00 00:00:00'),(493,2001,201,2049,5,0,32,'0000-00-00 00:00:00','0000-00-00 00:00:00'),(494,2001,201,2040,5,0,16,'0000-00-00 00:00:00','0000-00-00 00:00:00'),(495,2001,201,2034,5,0,30,'0000-00-00 00:00:00','0000-00-00 00:00:00'),(496,2001,201,2049,14,0,53,'0000-00-00 00:00:00','0000-00-00 00:00:00'),(497,2001,201,2040,14,0,49,'0000-00-00 00:00:00','2015-12-07 08:51:35'),(498,2001,201,2034,14,0,45,'0000-00-00 00:00:00','2015-12-07 06:31:33'),(499,2001,202,2034,14,0,40,'0000-00-00 00:00:00','0000-00-00 00:00:00'),(500,2001,202,2040,14,0,50,'0000-00-00 00:00:00','0000-00-00 00:00:00'),(501,2001,202,2049,14,0,50,'0000-00-00 00:00:00','0000-00-00 00:00:00'),(502,2001,202,2034,5,0,32,'0000-00-00 00:00:00','0000-00-00 00:00:00'),(503,2001,202,2040,5,0,24,'0000-00-00 00:00:00','0000-00-00 00:00:00'),(504,2001,202,2049,5,0,24,'0000-00-00 00:00:00','0000-00-00 00:00:00'),(505,2001,203,2040,5,0,16,'0000-00-00 00:00:00','0000-00-00 00:00:00'),(506,2001,203,2040,14,0,48,'0000-00-00 00:00:00','0000-00-00 00:00:00'),(507,2001,204,2034,5,0,16,'0000-00-00 00:00:00','0000-00-00 00:00:00'),(508,2001,204,2040,5,0,24,'0000-00-00 00:00:00','0000-00-00 00:00:00'),(509,2001,204,2049,5,0,24,'0000-00-00 00:00:00','0000-00-00 00:00:00'),(510,2001,204,2034,14,0,53,'0000-00-00 00:00:00','0000-00-00 00:00:00'),(511,2001,204,2040,14,0,55,'0000-00-00 00:00:00','0000-00-00 00:00:00'),(512,2001,204,2049,14,0,55,'0000-00-00 00:00:00','0000-00-00 00:00:00'),(513,2001,205,2034,14,0,46,'0000-00-00 00:00:00','0000-00-00 00:00:00'),(514,2001,205,2040,14,0,42,'0000-00-00 00:00:00','0000-00-00 00:00:00'),(515,2001,205,2049,14,0,34,'0000-00-00 00:00:00','0000-00-00 00:00:00'),(516,2001,205,2049,5,0,28,'0000-00-00 00:00:00','0000-00-00 00:00:00'),(517,2001,205,2040,5,0,28,'0000-00-00 00:00:00','0000-00-00 00:00:00'),(518,2001,205,2034,5,0,32,'0000-00-00 00:00:00','0000-00-00 00:00:00'),(519,2001,206,2034,5,0,24,'0000-00-00 00:00:00','0000-00-00 00:00:00'),(520,2001,206,2040,5,0,24,'0000-00-00 00:00:00','0000-00-00 00:00:00'),(521,2001,206,2049,5,0,24,'0000-00-00 00:00:00','0000-00-00 00:00:00'),(522,2001,206,2034,14,0,46,'0000-00-00 00:00:00','0000-00-00 00:00:00'),(523,2001,206,2040,14,0,36,'0000-00-00 00:00:00','0000-00-00 00:00:00'),(524,2001,206,2049,14,0,52,'0000-00-00 00:00:00','0000-00-00 00:00:00'),(525,2001,207,2049,14,0,55,'0000-00-00 00:00:00','0000-00-00 00:00:00'),(526,2001,207,2040,14,0,30,'0000-00-00 00:00:00','0000-00-00 00:00:00'),(527,2001,207,2034,14,0,32,'0000-00-00 00:00:00','0000-00-00 00:00:00'),(528,2001,207,2049,5,0,24,'0000-00-00 00:00:00','0000-00-00 00:00:00'),(529,2001,207,2040,5,0,5,'0000-00-00 00:00:00','0000-00-00 00:00:00'),(530,2001,207,2034,5,0,8,'0000-00-00 00:00:00','0000-00-00 00:00:00'),(531,2001,208,2034,5,0,20,'0000-00-00 00:00:00','0000-00-00 00:00:00'),(532,2001,208,2040,5,0,16,'0000-00-00 00:00:00','0000-00-00 00:00:00'),(533,2001,208,2049,5,0,16,'0000-00-00 00:00:00','0000-00-00 00:00:00'),(534,2001,208,2049,14,0,44,'0000-00-00 00:00:00','0000-00-00 00:00:00'),(535,2001,208,2040,14,0,41,'0000-00-00 00:00:00','0000-00-00 00:00:00'),(536,2001,208,2034,14,0,38,'0000-00-00 00:00:00','0000-00-00 00:00:00'),(537,2001,245,2049,14,0,44,'0000-00-00 00:00:00','0000-00-00 00:00:00'),(538,2001,245,2040,14,0,46,'0000-00-00 00:00:00','0000-00-00 00:00:00'),(539,2001,245,2034,14,0,41,'0000-00-00 00:00:00','0000-00-00 00:00:00'),(540,2001,245,2049,5,0,40,'0000-00-00 00:00:00','0000-00-00 00:00:00'),(541,2001,245,2040,5,0,40,'0000-00-00 00:00:00','0000-00-00 00:00:00'),(542,2001,245,2034,5,0,40,'0000-00-00 00:00:00','0000-00-00 00:00:00'),(543,2020,160,2026,3,0,38,'0000-00-00 00:00:00','2016-03-23 22:35:58'),(544,2020,160,2033,3,0,40,'0000-00-00 00:00:00','2016-03-23 22:45:29'),(545,2020,160,2050,3,0,40,'0000-00-00 00:00:00','2016-03-23 22:51:38'),(546,2020,160,2026,13,0,55,'0000-00-00 00:00:00','2016-03-23 22:36:47'),(547,2020,160,2033,13,0,56,'0000-00-00 00:00:00','2016-03-23 22:45:46'),(548,2020,160,2050,13,0,58,'0000-00-00 00:00:00','2016-03-23 22:51:48'),(549,2020,158,2026,13,0,53,'0000-00-00 00:00:00','2016-03-23 22:38:40'),(550,2020,158,2026,3,0,39,'0000-00-00 00:00:00','2016-03-23 22:38:28'),(551,2020,163,2026,3,0,36,'0000-00-00 00:00:00','2016-03-23 22:39:01'),(552,2020,163,2026,13,0,51,'0000-00-00 00:00:00','2016-03-23 22:39:12'),(553,2020,165,2026,3,0,40,'0000-00-00 00:00:00','2016-03-23 22:39:30'),(554,2020,165,2026,13,0,51,'0000-00-00 00:00:00','2016-03-23 22:39:40'),(555,2020,159,2026,3,0,36,'0000-00-00 00:00:00','2016-03-23 22:39:59'),(556,2020,159,2026,13,0,51,'0000-00-00 00:00:00','2016-03-23 22:40:08'),(557,2020,161,2026,3,0,32,'0000-00-00 00:00:00','2016-03-23 22:40:24'),(558,2020,161,2026,13,0,45,'0000-00-00 00:00:00','0000-00-00 00:00:00'),(559,2020,162,2026,3,0,36,'0000-00-00 00:00:00','0000-00-00 00:00:00'),(560,2020,164,2026,3,0,40,'0000-00-00 00:00:00','0000-00-00 00:00:00'),(561,2020,164,2026,13,0,45,'0000-00-00 00:00:00','0000-00-00 00:00:00'),(562,2020,166,2026,3,0,30,'0000-00-00 00:00:00','0000-00-00 00:00:00'),(563,2020,166,2026,13,0,45,'0000-00-00 00:00:00','0000-00-00 00:00:00'),(564,2020,158,2033,3,0,35,'0000-00-00 00:00:00','0000-00-00 00:00:00'),(565,2020,158,2033,13,0,54,'0000-00-00 00:00:00','0000-00-00 00:00:00'),(566,2020,163,2033,3,0,40,'0000-00-00 00:00:00','0000-00-00 00:00:00'),(567,2020,163,2033,13,0,51,'0000-00-00 00:00:00','0000-00-00 00:00:00'),(568,2020,165,2033,3,0,40,'0000-00-00 00:00:00','0000-00-00 00:00:00'),(569,2020,165,2033,13,0,54,'0000-00-00 00:00:00','0000-00-00 00:00:00'),(570,2020,159,2033,3,0,40,'0000-00-00 00:00:00','0000-00-00 00:00:00'),(571,2020,159,2033,13,0,54,'0000-00-00 00:00:00','0000-00-00 00:00:00'),(572,2020,161,2033,3,0,36,'0000-00-00 00:00:00','0000-00-00 00:00:00'),(573,2020,161,2033,13,0,57,'0000-00-00 00:00:00','0000-00-00 00:00:00'),(574,2020,162,2033,3,0,40,'0000-00-00 00:00:00','0000-00-00 00:00:00'),(575,2020,164,2033,3,0,40,'0000-00-00 00:00:00','0000-00-00 00:00:00'),(576,2020,164,2033,13,0,51,'0000-00-00 00:00:00','0000-00-00 00:00:00'),(577,2020,166,2033,3,0,25,'0000-00-00 00:00:00','0000-00-00 00:00:00'),(578,2020,166,2033,13,0,35,'0000-00-00 00:00:00','0000-00-00 00:00:00'),(579,2020,158,2050,3,0,40,'0000-00-00 00:00:00','0000-00-00 00:00:00'),(580,2020,158,2050,13,0,54,'0000-00-00 00:00:00','0000-00-00 00:00:00'),(581,2020,163,2050,3,0,40,'0000-00-00 00:00:00','0000-00-00 00:00:00'),(582,2020,163,2050,13,0,54,'0000-00-00 00:00:00','0000-00-00 00:00:00'),(583,2020,165,2050,3,0,40,'0000-00-00 00:00:00','0000-00-00 00:00:00'),(584,2020,165,2050,13,0,54,'0000-00-00 00:00:00','0000-00-00 00:00:00'),(585,2020,159,2050,3,0,40,'0000-00-00 00:00:00','0000-00-00 00:00:00'),(586,2020,159,2050,13,0,60,'0000-00-00 00:00:00','0000-00-00 00:00:00'),(587,2020,161,2050,3,0,36,'0000-00-00 00:00:00','0000-00-00 00:00:00'),(588,2020,161,2050,13,0,54,'0000-00-00 00:00:00','0000-00-00 00:00:00'),(589,2020,162,2050,3,0,40,'0000-00-00 00:00:00','0000-00-00 00:00:00'),(590,2020,164,2050,3,0,40,'0000-00-00 00:00:00','0000-00-00 00:00:00'),(591,2020,164,2050,13,0,57,'0000-00-00 00:00:00','0000-00-00 00:00:00'),(592,2020,166,2050,3,0,30,'0000-00-00 00:00:00','0000-00-00 00:00:00'),(593,2020,166,2050,13,0,50,'0000-00-00 00:00:00','0000-00-00 00:00:00'),(594,2020,167,2026,3,0,36,'0000-00-00 00:00:00','0000-00-00 00:00:00'),(595,2020,167,2026,13,0,35,'0000-00-00 00:00:00','0000-00-00 00:00:00'),(596,2020,167,2033,3,0,36,'0000-00-00 00:00:00','0000-00-00 00:00:00'),(597,2020,167,2033,13,0,50,'0000-00-00 00:00:00','0000-00-00 00:00:00'),(598,2020,167,2050,3,0,40,'0000-00-00 00:00:00','0000-00-00 00:00:00'),(599,2020,167,2050,13,0,60,'0000-00-00 00:00:00','0000-00-00 00:00:00'),(600,2020,247,2026,3,0,16,'0000-00-00 00:00:00','0000-00-00 00:00:00'),(601,2020,247,2033,3,0,31,'0000-00-00 00:00:00','0000-00-00 00:00:00'),(602,2020,247,2050,3,0,26,'0000-00-00 00:00:00','0000-00-00 00:00:00'),(603,2020,247,2026,13,0,30,'0000-00-00 00:00:00','0000-00-00 00:00:00'),(604,2020,247,2033,13,0,24,'0000-00-00 00:00:00','0000-00-00 00:00:00'),(605,2020,247,2050,13,0,54,'0000-00-00 00:00:00','0000-00-00 00:00:00'),(606,2020,248,2026,3,0,30,'0000-00-00 00:00:00','0000-00-00 00:00:00'),(607,2020,248,2033,3,0,30,'0000-00-00 00:00:00','0000-00-00 00:00:00'),(608,2020,248,2050,3,0,35,'0000-00-00 00:00:00','0000-00-00 00:00:00'),(609,2020,248,2026,13,0,40,'0000-00-00 00:00:00','0000-00-00 00:00:00'),(610,2020,248,2033,13,0,40,'0000-00-00 00:00:00','0000-00-00 00:00:00'),(611,2020,248,2050,13,0,50,'0000-00-00 00:00:00','0000-00-00 00:00:00'),(612,2020,246,2026,3,0,40,'0000-00-00 00:00:00','0000-00-00 00:00:00'),(613,2020,246,2033,3,0,40,'0000-00-00 00:00:00','0000-00-00 00:00:00'),(614,2020,246,2050,3,0,40,'0000-00-00 00:00:00','0000-00-00 00:00:00'),(615,2020,246,2026,13,0,60,'0000-00-00 00:00:00','0000-00-00 00:00:00'),(616,2020,246,2033,13,0,60,'0000-00-00 00:00:00','0000-00-00 00:00:00'),(617,2020,246,2050,13,0,60,'0000-00-00 00:00:00','0000-00-00 00:00:00'),(618,2011,227,2025,7,0,28,'0000-00-00 00:00:00','0000-00-00 00:00:00'),(619,2011,227,2025,17,0,52,'0000-00-00 00:00:00','0000-00-00 00:00:00'),(620,2011,228,2025,7,0,35,'0000-00-00 00:00:00','0000-00-00 00:00:00'),(621,2011,228,2025,17,0,36,'0000-00-00 00:00:00','0000-00-00 00:00:00'),(622,2011,234,2025,7,0,25,'0000-00-00 00:00:00','0000-00-00 00:00:00'),(623,2011,234,2025,17,0,48,'0000-00-00 00:00:00','0000-00-00 00:00:00'),(624,2011,229,2025,7,0,37,'0000-00-00 00:00:00','0000-00-00 00:00:00'),(625,2011,229,2025,17,0,48,'0000-00-00 00:00:00','0000-00-00 00:00:00'),(626,2011,239,2025,7,0,36,'0000-00-00 00:00:00','0000-00-00 00:00:00'),(627,2011,239,2025,17,0,57,'0000-00-00 00:00:00','0000-00-00 00:00:00'),(628,2011,241,2025,7,0,32,'0000-00-00 00:00:00','2016-03-25 20:47:37'),(629,2011,232,2025,7,0,31,'0000-00-00 00:00:00','0000-00-00 00:00:00'),(630,2011,232,2025,17,0,42,'0000-00-00 00:00:00','0000-00-00 00:00:00'),(631,2011,233,2025,7,0,24,'0000-00-00 00:00:00','0000-00-00 00:00:00'),(632,2011,233,2025,17,0,58,'0000-00-00 00:00:00','0000-00-00 00:00:00'),(633,2011,242,2025,7,0,36,'0000-00-00 00:00:00','0000-00-00 00:00:00'),(634,2011,242,2025,17,0,49,'0000-00-00 00:00:00','0000-00-00 00:00:00'),(635,2011,243,2025,7,0,31,'0000-00-00 00:00:00','0000-00-00 00:00:00'),(636,2011,243,2025,17,0,44,'0000-00-00 00:00:00','0000-00-00 00:00:00'),(637,2011,235,2025,7,0,34,'0000-00-00 00:00:00','0000-00-00 00:00:00'),(638,2011,235,2025,17,0,55,'0000-00-00 00:00:00','0000-00-00 00:00:00'),(639,2011,231,2025,7,0,34,'0000-00-00 00:00:00','0000-00-00 00:00:00'),(640,2011,231,2025,17,0,50,'0000-00-00 00:00:00','0000-00-00 00:00:00'),(641,2011,249,2025,7,0,34,'0000-00-00 00:00:00','0000-00-00 00:00:00'),(642,2011,249,2025,17,0,43,'0000-00-00 00:00:00','0000-00-00 00:00:00'),(643,2011,227,2039,7,0,24,'0000-00-00 00:00:00','0000-00-00 00:00:00'),(644,2011,227,2039,17,0,41,'0000-00-00 00:00:00','0000-00-00 00:00:00'),(645,2011,228,2039,7,0,24,'0000-00-00 00:00:00','0000-00-00 00:00:00'),(646,2011,228,2039,17,0,30,'0000-00-00 00:00:00','0000-00-00 00:00:00'),(647,2011,234,2039,7,0,20,'0000-00-00 00:00:00','0000-00-00 00:00:00'),(648,2011,234,2039,17,0,38,'0000-00-00 00:00:00','0000-00-00 00:00:00'),(649,2011,229,2039,7,0,22,'0000-00-00 00:00:00','0000-00-00 00:00:00'),(650,2011,229,2039,17,0,42,'0000-00-00 00:00:00','0000-00-00 00:00:00'),(651,2011,241,2039,7,0,28,'0000-00-00 00:00:00','0000-00-00 00:00:00'),(652,2011,241,2039,17,0,42,'0000-00-00 00:00:00','0000-00-00 00:00:00'),(653,2011,232,2039,7,0,28,'0000-00-00 00:00:00','0000-00-00 00:00:00'),(654,2011,232,2039,17,0,44,'0000-00-00 00:00:00','0000-00-00 00:00:00'),(655,2011,233,2039,7,0,28,'0000-00-00 00:00:00','0000-00-00 00:00:00'),(656,2011,233,2039,17,0,48,'0000-00-00 00:00:00','0000-00-00 00:00:00'),(657,2011,242,2039,7,0,30,'0000-00-00 00:00:00','0000-00-00 00:00:00'),(658,2011,242,2039,17,0,48,'0000-00-00 00:00:00','0000-00-00 00:00:00'),(659,2011,243,2039,7,0,20,'0000-00-00 00:00:00','0000-00-00 00:00:00'),(660,2011,243,2039,17,0,30,'0000-00-00 00:00:00','0000-00-00 00:00:00'),(661,2011,235,2039,7,0,30,'0000-00-00 00:00:00','0000-00-00 00:00:00'),(662,2011,235,2039,17,0,50,'0000-00-00 00:00:00','0000-00-00 00:00:00'),(663,2011,231,2039,7,0,30,'0000-00-00 00:00:00','0000-00-00 00:00:00'),(664,2011,231,2039,17,0,40,'0000-00-00 00:00:00','0000-00-00 00:00:00'),(665,2011,249,2039,7,0,21,'0000-00-00 00:00:00','0000-00-00 00:00:00'),(666,2011,249,2039,17,0,23,'0000-00-00 00:00:00','0000-00-00 00:00:00'),(667,2011,227,2052,7,0,13,'0000-00-00 00:00:00','0000-00-00 00:00:00'),(668,2011,227,2052,17,0,20,'0000-00-00 00:00:00','0000-00-00 00:00:00'),(669,2011,228,2052,7,0,20,'0000-00-00 00:00:00','0000-00-00 00:00:00'),(670,2011,228,2052,17,0,33,'0000-00-00 00:00:00','0000-00-00 00:00:00'),(671,2011,234,2052,7,0,20,'0000-00-00 00:00:00','0000-00-00 00:00:00'),(672,2011,234,2052,17,0,37,'0000-00-00 00:00:00','0000-00-00 00:00:00'),(673,2011,229,2052,7,0,20,'0000-00-00 00:00:00','0000-00-00 00:00:00'),(674,2011,229,2052,17,0,22,'0000-00-00 00:00:00','0000-00-00 00:00:00'),(675,2011,241,2052,7,0,20,'0000-00-00 00:00:00','0000-00-00 00:00:00'),(676,2011,241,2052,17,0,30,'0000-00-00 00:00:00','0000-00-00 00:00:00'),(677,2011,232,2052,7,0,20,'0000-00-00 00:00:00','0000-00-00 00:00:00'),(678,2011,232,2052,17,0,20,'0000-00-00 00:00:00','0000-00-00 00:00:00'),(679,2011,233,2052,7,0,20,'0000-00-00 00:00:00','0000-00-00 00:00:00'),(680,2011,233,2052,17,0,20,'0000-00-00 00:00:00','0000-00-00 00:00:00'),(681,2011,242,2052,7,0,20,'0000-00-00 00:00:00','0000-00-00 00:00:00'),(682,2011,242,2052,17,0,42,'0000-00-00 00:00:00','0000-00-00 00:00:00'),(683,2011,243,2052,7,0,20,'0000-00-00 00:00:00','0000-00-00 00:00:00'),(684,2011,243,2052,17,0,20,'0000-00-00 00:00:00','0000-00-00 00:00:00'),(685,2011,235,2052,7,0,27,'0000-00-00 00:00:00','0000-00-00 00:00:00'),(686,2011,235,2052,17,0,40,'0000-00-00 00:00:00','0000-00-00 00:00:00'),(687,2011,231,2052,7,0,20,'0000-00-00 00:00:00','0000-00-00 00:00:00'),(688,2011,231,2052,17,0,30,'0000-00-00 00:00:00','0000-00-00 00:00:00'),(689,2011,249,2052,7,0,7,'0000-00-00 00:00:00','0000-00-00 00:00:00'),(690,2011,249,2052,17,0,20,'0000-00-00 00:00:00','0000-00-00 00:00:00'),(691,2011,227,2053,7,0,36,'0000-00-00 00:00:00','0000-00-00 00:00:00'),(692,2011,227,2054,7,0,40,'0000-00-00 00:00:00','0000-00-00 00:00:00'),(693,2011,227,2054,17,0,41,'0000-00-00 00:00:00','0000-00-00 00:00:00'),(694,2011,227,2053,17,0,28,'0000-00-00 00:00:00','0000-00-00 00:00:00'),(695,2011,228,2053,7,0,15,'0000-00-00 00:00:00','0000-00-00 00:00:00'),(696,2011,228,2054,7,0,24,'0000-00-00 00:00:00','0000-00-00 00:00:00'),(697,2011,228,2053,17,0,25,'0000-00-00 00:00:00','0000-00-00 00:00:00'),(698,2011,228,2054,17,0,34,'0000-00-00 00:00:00','0000-00-00 00:00:00'),(699,2011,234,2053,7,0,18,'0000-00-00 00:00:00','0000-00-00 00:00:00'),(700,2011,234,2054,7,0,24,'0000-00-00 00:00:00','0000-00-00 00:00:00'),(701,2011,234,2053,17,0,30,'0000-00-00 00:00:00','0000-00-00 00:00:00'),(702,2011,234,2054,17,0,31,'0000-00-00 00:00:00','0000-00-00 00:00:00'),(703,2011,229,2053,7,0,15,'0000-00-00 00:00:00','0000-00-00 00:00:00'),(704,2011,229,2054,7,0,37,'0000-00-00 00:00:00','0000-00-00 00:00:00'),(705,2011,229,2053,17,0,32,'0000-00-00 00:00:00','0000-00-00 00:00:00'),(706,2011,229,2054,17,0,44,'0000-00-00 00:00:00','0000-00-00 00:00:00'),(707,2011,239,2053,7,0,20,'0000-00-00 00:00:00','0000-00-00 00:00:00'),(708,2011,239,2054,7,0,22,'0000-00-00 00:00:00','0000-00-00 00:00:00'),(709,2011,239,2053,17,0,39,'0000-00-00 00:00:00','0000-00-00 00:00:00'),(710,2011,239,2054,17,0,52,'0000-00-00 00:00:00','0000-00-00 00:00:00'),(711,2011,241,2053,7,0,24,'0000-00-00 00:00:00','0000-00-00 00:00:00'),(712,2011,241,2054,7,0,28,'0000-00-00 00:00:00','0000-00-00 00:00:00'),(713,2011,241,2053,17,0,37,'0000-00-00 00:00:00','0000-00-00 00:00:00'),(714,2011,241,2054,17,0,47,'0000-00-00 00:00:00','0000-00-00 00:00:00'),(715,2011,232,2053,7,0,36,'0000-00-00 00:00:00','0000-00-00 00:00:00'),(716,2011,232,2054,7,0,32,'0000-00-00 00:00:00','0000-00-00 00:00:00'),(717,2011,232,2053,17,0,38,'0000-00-00 00:00:00','0000-00-00 00:00:00'),(718,2011,232,2054,17,0,36,'0000-00-00 00:00:00','0000-00-00 00:00:00'),(719,2011,233,2053,7,0,16,'0000-00-00 00:00:00','0000-00-00 00:00:00'),(720,2011,233,2054,7,0,16,'0000-00-00 00:00:00','0000-00-00 00:00:00'),(721,2011,233,2053,17,0,54,'0000-00-00 00:00:00','0000-00-00 00:00:00'),(722,2011,233,2054,17,0,52,'0000-00-00 00:00:00','0000-00-00 00:00:00'),(723,2011,242,2053,7,0,15,'0000-00-00 00:00:00','0000-00-00 00:00:00'),(724,2011,242,2054,7,0,31,'0000-00-00 00:00:00','0000-00-00 00:00:00'),(725,2011,242,2053,17,0,38,'0000-00-00 00:00:00','0000-00-00 00:00:00'),(726,2011,242,2054,17,0,46,'0000-00-00 00:00:00','0000-00-00 00:00:00'),(727,2011,243,2053,7,0,20,'0000-00-00 00:00:00','0000-00-00 00:00:00'),(728,2011,243,2054,7,0,22,'0000-00-00 00:00:00','0000-00-00 00:00:00'),(729,2011,243,2053,17,0,20,'0000-00-00 00:00:00','0000-00-00 00:00:00'),(730,2011,243,2054,17,0,33,'0000-00-00 00:00:00','0000-00-00 00:00:00'),(731,2011,235,2053,7,0,18,'0000-00-00 00:00:00','0000-00-00 00:00:00'),(732,2011,235,2054,7,0,28,'0000-00-00 00:00:00','0000-00-00 00:00:00'),(733,2011,235,2053,17,0,43,'0000-00-00 00:00:00','0000-00-00 00:00:00'),(734,2011,235,2054,17,0,47,'0000-00-00 00:00:00','0000-00-00 00:00:00'),(735,2011,231,2053,7,0,28,'0000-00-00 00:00:00','0000-00-00 00:00:00'),(736,2011,231,2054,7,0,30,'0000-00-00 00:00:00','0000-00-00 00:00:00'),(737,2011,231,2053,17,0,41,'0000-00-00 00:00:00','0000-00-00 00:00:00'),(738,2011,231,2054,17,0,43,'0000-00-00 00:00:00','0000-00-00 00:00:00'),(739,2011,249,2053,7,0,20,'0000-00-00 00:00:00','0000-00-00 00:00:00'),(740,2011,249,2054,7,0,25,'0000-00-00 00:00:00','0000-00-00 00:00:00'),(741,2011,249,2053,17,0,22,'0000-00-00 00:00:00','0000-00-00 00:00:00'),(742,2011,249,2054,17,0,30,'0000-00-00 00:00:00','0000-00-00 00:00:00'),(743,2008,209,2037,6,0,40,'0000-00-00 00:00:00','0000-00-00 00:00:00'),(744,2008,209,2041,6,0,22,'0000-00-00 00:00:00','0000-00-00 00:00:00'),(745,2008,209,2055,6,0,32,'0000-00-00 00:00:00','0000-00-00 00:00:00'),(746,2008,209,2037,16,0,44,'0000-00-00 00:00:00','0000-00-00 00:00:00'),(747,2008,209,2041,16,0,48,'0000-00-00 00:00:00','0000-00-00 00:00:00'),(748,2008,209,2055,16,0,28,'0000-00-00 00:00:00','0000-00-00 00:00:00'),(749,2008,210,2037,6,0,40,'0000-00-00 00:00:00','0000-00-00 00:00:00'),(750,2008,210,2041,6,0,40,'0000-00-00 00:00:00','0000-00-00 00:00:00'),(751,2008,210,2055,6,0,16,'0000-00-00 00:00:00','0000-00-00 00:00:00'),(752,2008,210,2037,16,0,46,'0000-00-00 00:00:00','0000-00-00 00:00:00'),(753,2008,210,2041,16,0,50,'0000-00-00 00:00:00','0000-00-00 00:00:00'),(754,2008,210,2055,16,0,30,'0000-00-00 00:00:00','0000-00-00 00:00:00'),(755,2008,216,2037,6,0,6,'0000-00-00 00:00:00','0000-00-00 00:00:00'),(756,2008,216,2041,6,0,40,'0000-00-00 00:00:00','0000-00-00 00:00:00'),(757,2008,216,2055,6,0,2,'0000-00-00 00:00:00','0000-00-00 00:00:00'),(758,2008,216,2037,16,0,51,'0000-00-00 00:00:00','0000-00-00 00:00:00'),(759,2008,216,2041,16,0,48,'0000-00-00 00:00:00','0000-00-00 00:00:00'),(760,2008,216,2055,16,0,30,'0000-00-00 00:00:00','0000-00-00 00:00:00'),(761,2008,211,2037,6,0,36,'0000-00-00 00:00:00','0000-00-00 00:00:00'),(762,2008,211,2041,6,0,28,'0000-00-00 00:00:00','0000-00-00 00:00:00'),(763,2008,211,2055,6,0,4,'0000-00-00 00:00:00','0000-00-00 00:00:00'),(764,2008,211,2037,16,0,58,'0000-00-00 00:00:00','0000-00-00 00:00:00'),(765,2008,211,2041,16,0,58,'0000-00-00 00:00:00','0000-00-00 00:00:00'),(766,2008,211,2055,16,0,44,'0000-00-00 00:00:00','0000-00-00 00:00:00'),(767,2008,221,2041,6,0,32,'0000-00-00 00:00:00','0000-00-00 00:00:00'),(768,2008,221,2055,6,0,20,'0000-00-00 00:00:00','0000-00-00 00:00:00'),(769,2008,221,2041,16,0,49,'0000-00-00 00:00:00','0000-00-00 00:00:00'),(770,2008,221,2055,16,0,33,'0000-00-00 00:00:00','0000-00-00 00:00:00'),(771,2008,222,2037,6,0,38,'0000-00-00 00:00:00','0000-00-00 00:00:00'),(772,2008,222,2041,6,0,38,'0000-00-00 00:00:00','0000-00-00 00:00:00'),(773,2008,222,2055,6,0,12,'0000-00-00 00:00:00','0000-00-00 00:00:00'),(774,2008,219,2037,6,0,12,'0000-00-00 00:00:00','0000-00-00 00:00:00'),(775,2008,219,2041,6,0,36,'0000-00-00 00:00:00','0000-00-00 00:00:00'),(776,2008,219,2055,6,0,12,'0000-00-00 00:00:00','0000-00-00 00:00:00'),(777,2008,219,2037,16,0,42,'0000-00-00 00:00:00','0000-00-00 00:00:00'),(778,2008,219,2041,16,0,35,'0000-00-00 00:00:00','0000-00-00 00:00:00'),(779,2008,219,2055,16,0,30,'0000-00-00 00:00:00','0000-00-00 00:00:00'),(780,2008,220,2037,6,0,34,'0000-00-00 00:00:00','0000-00-00 00:00:00'),(781,2008,220,2041,6,0,40,'0000-00-00 00:00:00','0000-00-00 00:00:00'),(782,2008,220,2055,6,0,28,'0000-00-00 00:00:00','0000-00-00 00:00:00'),(783,2008,220,2037,16,0,49,'0000-00-00 00:00:00','0000-00-00 00:00:00'),(784,2008,220,2041,16,0,53,'0000-00-00 00:00:00','0000-00-00 00:00:00'),(785,2008,220,2055,16,0,27,'0000-00-00 00:00:00','2016-03-31 13:23:50'),(786,2008,223,2037,6,0,35,'0000-00-00 00:00:00','0000-00-00 00:00:00'),(787,2008,223,2041,6,0,34,'0000-00-00 00:00:00','0000-00-00 00:00:00'),(788,2008,223,2055,6,0,20,'0000-00-00 00:00:00','0000-00-00 00:00:00'),(789,2008,223,2037,16,0,50,'0000-00-00 00:00:00','0000-00-00 00:00:00'),(790,2008,223,2041,16,0,56,'0000-00-00 00:00:00','0000-00-00 00:00:00'),(791,2008,223,2055,16,0,31,'0000-00-00 00:00:00','0000-00-00 00:00:00'),(792,2008,226,2037,6,0,40,'0000-00-00 00:00:00','0000-00-00 00:00:00'),(793,2008,226,2041,6,0,37,'0000-00-00 00:00:00','0000-00-00 00:00:00'),(794,2008,226,2055,6,0,5,'0000-00-00 00:00:00','0000-00-00 00:00:00'),(795,2008,226,2037,16,0,57,'0000-00-00 00:00:00','0000-00-00 00:00:00'),(796,2008,226,2041,16,0,55,'0000-00-00 00:00:00','0000-00-00 00:00:00'),(797,2008,226,2055,16,0,35,'0000-00-00 00:00:00','0000-00-00 00:00:00'),(798,2008,214,2037,6,0,38,'0000-00-00 00:00:00','0000-00-00 00:00:00'),(799,2008,214,2041,6,0,40,'0000-00-00 00:00:00','0000-00-00 00:00:00'),(800,2008,214,2055,6,0,32,'0000-00-00 00:00:00','0000-00-00 00:00:00'),(801,2008,214,2037,16,0,57,'0000-00-00 00:00:00','0000-00-00 00:00:00'),(802,2008,214,2041,16,0,55,'0000-00-00 00:00:00','0000-00-00 00:00:00'),(803,2008,214,2055,16,0,41,'0000-00-00 00:00:00','0000-00-00 00:00:00'),(804,2008,215,2037,6,0,32,'0000-00-00 00:00:00','0000-00-00 00:00:00'),(805,2008,215,2041,6,0,36,'0000-00-00 00:00:00','0000-00-00 00:00:00'),(806,2008,215,2055,6,0,32,'0000-00-00 00:00:00','0000-00-00 00:00:00'),(807,2008,215,2037,16,0,51,'0000-00-00 00:00:00','0000-00-00 00:00:00'),(808,2008,215,2041,16,0,46,'0000-00-00 00:00:00','0000-00-00 00:00:00'),(809,2008,215,2055,16,0,37,'0000-00-00 00:00:00','0000-00-00 00:00:00'),(810,2008,224,2037,6,0,32,'0000-00-00 00:00:00','0000-00-00 00:00:00'),(811,2008,224,2041,6,0,40,'0000-00-00 00:00:00','0000-00-00 00:00:00'),(812,2008,224,2055,6,0,20,'0000-00-00 00:00:00','0000-00-00 00:00:00'),(813,2008,224,2037,16,0,59,'0000-00-00 00:00:00','0000-00-00 00:00:00'),(814,2008,224,2041,16,0,56,'0000-00-00 00:00:00','0000-00-00 00:00:00'),(815,2008,224,2055,16,0,33,'0000-00-00 00:00:00','0000-00-00 00:00:00'),(816,2008,217,2037,6,0,34,'0000-00-00 00:00:00','0000-00-00 00:00:00'),(817,2008,217,2041,6,0,38,'0000-00-00 00:00:00','0000-00-00 00:00:00'),(818,2008,217,2055,6,0,10,'0000-00-00 00:00:00','0000-00-00 00:00:00'),(819,2008,217,2037,16,0,59,'0000-00-00 00:00:00','0000-00-00 00:00:00'),(820,2008,217,2041,16,0,58,'0000-00-00 00:00:00','0000-00-00 00:00:00'),(821,2008,217,2055,16,0,32,'0000-00-00 00:00:00','0000-00-00 00:00:00'),(822,2008,225,2037,6,0,28,'0000-00-00 00:00:00','0000-00-00 00:00:00'),(823,2008,225,2041,6,0,36,'0000-00-00 00:00:00','0000-00-00 00:00:00'),(824,2008,225,2055,6,0,5,'0000-00-00 00:00:00','0000-00-00 00:00:00'),(825,2008,225,2037,16,0,38,'0000-00-00 00:00:00','0000-00-00 00:00:00'),(826,2008,225,2041,16,0,45,'0000-00-00 00:00:00','0000-00-00 00:00:00'),(827,2008,225,2055,16,0,10,'0000-00-00 00:00:00','0000-00-00 00:00:00'),(828,2008,213,2037,6,0,15,'0000-00-00 00:00:00','0000-00-00 00:00:00'),(829,2008,213,2041,6,0,36,'0000-00-00 00:00:00','0000-00-00 00:00:00'),(830,2008,213,2055,6,0,22,'0000-00-00 00:00:00','0000-00-00 00:00:00'),(831,2008,213,2037,16,0,55,'0000-00-00 00:00:00','0000-00-00 00:00:00'),(832,2008,213,2041,16,0,60,'0000-00-00 00:00:00','0000-00-00 00:00:00'),(833,2008,213,2055,16,0,44,'0000-00-00 00:00:00','0000-00-00 00:00:00'),(834,2008,212,2037,6,0,36,'0000-00-00 00:00:00','0000-00-00 00:00:00'),(835,2008,212,2041,6,0,38,'0000-00-00 00:00:00','0000-00-00 00:00:00'),(836,2008,212,2055,6,0,20,'0000-00-00 00:00:00','0000-00-00 00:00:00'),(837,2008,212,2037,16,0,48,'0000-00-00 00:00:00','0000-00-00 00:00:00'),(838,2008,212,2041,16,0,56,'0000-00-00 00:00:00','0000-00-00 00:00:00'),(839,2008,212,2055,16,0,32,'0000-00-00 00:00:00','0000-00-00 00:00:00'),(840,2008,218,2037,6,0,30,'0000-00-00 00:00:00','0000-00-00 00:00:00'),(841,2008,218,2041,6,0,35,'0000-00-00 00:00:00','0000-00-00 00:00:00'),(842,2008,218,2055,6,0,25,'0000-00-00 00:00:00','0000-00-00 00:00:00'),(843,2008,218,2037,16,0,40,'0000-00-00 00:00:00','0000-00-00 00:00:00'),(844,2008,218,2041,16,0,45,'0000-00-00 00:00:00','0000-00-00 00:00:00'),(845,2008,218,2055,16,0,35,'0000-00-00 00:00:00','0000-00-00 00:00:00'),(846,2008,251,2037,6,0,21,'0000-00-00 00:00:00','0000-00-00 00:00:00'),(847,2008,251,2041,6,0,25,'0000-00-00 00:00:00','0000-00-00 00:00:00'),(848,2008,251,2055,6,0,20,'0000-00-00 00:00:00','0000-00-00 00:00:00'),(849,2008,251,2037,16,0,30,'0000-00-00 00:00:00','0000-00-00 00:00:00'),(850,2008,251,2041,16,0,47,'0000-00-00 00:00:00','0000-00-00 00:00:00'),(851,2008,251,2055,16,0,17,'0000-00-00 00:00:00','0000-00-00 00:00:00'),(852,2008,252,2037,6,0,28,'0000-00-00 00:00:00','0000-00-00 00:00:00'),(853,2008,252,2041,6,0,30,'0000-00-00 00:00:00','0000-00-00 00:00:00'),(854,2008,252,2055,6,0,25,'0000-00-00 00:00:00','0000-00-00 00:00:00'),(855,2008,252,2037,16,0,50,'0000-00-00 00:00:00','0000-00-00 00:00:00'),(856,2008,252,2041,16,0,36,'0000-00-00 00:00:00','0000-00-00 00:00:00'),(857,2008,252,2055,16,0,28,'0000-00-00 00:00:00','0000-00-00 00:00:00'),(858,2005,5,2028,4,0,38,'0000-00-00 00:00:00','0000-00-00 00:00:00'),(859,2005,5,2036,4,0,22,'0000-00-00 00:00:00','0000-00-00 00:00:00'),(860,2005,5,2028,14,0,58,'0000-00-00 00:00:00','0000-00-00 00:00:00'),(861,2005,5,2035,14,0,54,'0000-00-00 00:00:00','0000-00-00 00:00:00'),(862,2005,5,2036,14,0,51,'0000-00-00 00:00:00','0000-00-00 00:00:00'),(863,2005,6,2028,4,0,32,'0000-00-00 00:00:00','0000-00-00 00:00:00'),(864,2005,6,2035,4,0,26,'0000-00-00 00:00:00','0000-00-00 00:00:00'),(865,2005,6,2036,4,0,23,'0000-00-00 00:00:00','0000-00-00 00:00:00'),(866,2005,6,2028,14,0,55,'0000-00-00 00:00:00','0000-00-00 00:00:00'),(867,2005,6,2035,14,0,46,'0000-00-00 00:00:00','0000-00-00 00:00:00'),(868,2005,6,2036,14,0,49,'0000-00-00 00:00:00','0000-00-00 00:00:00'),(869,2005,147,2028,4,0,28,'0000-00-00 00:00:00','0000-00-00 00:00:00'),(870,2005,147,2035,4,0,24,'0000-00-00 00:00:00','0000-00-00 00:00:00'),(871,2005,147,2036,4,0,28,'0000-00-00 00:00:00','0000-00-00 00:00:00'),(872,2005,147,2028,14,0,49,'0000-00-00 00:00:00','0000-00-00 00:00:00'),(873,2005,147,2035,14,0,42,'0000-00-00 00:00:00','0000-00-00 00:00:00'),(874,2005,147,2036,14,0,45,'0000-00-00 00:00:00','0000-00-00 00:00:00'),(875,2005,10,2028,4,0,30,'0000-00-00 00:00:00','0000-00-00 00:00:00'),(876,2005,10,2035,4,0,28,'0000-00-00 00:00:00','0000-00-00 00:00:00'),(877,2005,10,2036,4,0,16,'0000-00-00 00:00:00','0000-00-00 00:00:00'),(878,2005,10,2028,14,0,45,'0000-00-00 00:00:00','0000-00-00 00:00:00'),(879,2005,10,2035,14,0,49,'0000-00-00 00:00:00','0000-00-00 00:00:00'),(880,2005,10,2036,14,0,50,'0000-00-00 00:00:00','0000-00-00 00:00:00'),(881,2005,152,2028,4,0,36,'0000-00-00 00:00:00','0000-00-00 00:00:00'),(882,2005,152,2035,4,0,36,'0000-00-00 00:00:00','0000-00-00 00:00:00'),(883,2005,152,2028,14,0,56,'0000-00-00 00:00:00','0000-00-00 00:00:00'),(884,2005,152,2035,14,0,53,'0000-00-00 00:00:00','0000-00-00 00:00:00'),(885,2005,153,2028,4,0,34,'0000-00-00 00:00:00','0000-00-00 00:00:00'),(886,2005,153,2035,4,0,32,'0000-00-00 00:00:00','2016-03-31 13:38:53'),(887,2005,153,2036,4,0,28,'0000-00-00 00:00:00','0000-00-00 00:00:00'),(888,2005,150,2028,4,0,40,'0000-00-00 00:00:00','0000-00-00 00:00:00'),(889,2005,150,2035,4,0,38,'0000-00-00 00:00:00','0000-00-00 00:00:00'),(890,2005,150,2036,4,0,40,'0000-00-00 00:00:00','0000-00-00 00:00:00'),(891,2005,150,2028,14,0,55,'0000-00-00 00:00:00','0000-00-00 00:00:00'),(892,2005,150,2035,14,0,50,'0000-00-00 00:00:00','0000-00-00 00:00:00'),(893,2005,150,2036,14,0,50,'0000-00-00 00:00:00','0000-00-00 00:00:00'),(894,2005,154,2028,4,0,36,'0000-00-00 00:00:00','0000-00-00 00:00:00'),(895,2005,154,2035,4,0,22,'0000-00-00 00:00:00','0000-00-00 00:00:00'),(896,2005,154,2036,4,0,33,'0000-00-00 00:00:00','0000-00-00 00:00:00'),(897,2005,154,2028,14,0,43,'0000-00-00 00:00:00','0000-00-00 00:00:00'),(898,2005,154,2035,14,0,40,'0000-00-00 00:00:00','0000-00-00 00:00:00'),(899,2005,154,2036,14,0,44,'0000-00-00 00:00:00','0000-00-00 00:00:00'),(900,2005,157,2028,4,0,36,'0000-00-00 00:00:00','0000-00-00 00:00:00'),(901,2005,157,2035,4,0,30,'0000-00-00 00:00:00','0000-00-00 00:00:00'),(902,2005,157,2036,4,0,22,'0000-00-00 00:00:00','0000-00-00 00:00:00'),(903,2005,157,2028,14,0,55,'0000-00-00 00:00:00','0000-00-00 00:00:00'),(904,2005,157,2035,14,0,45,'0000-00-00 00:00:00','0000-00-00 00:00:00'),(905,2005,157,2036,14,0,34,'0000-00-00 00:00:00','0000-00-00 00:00:00'),(906,2005,145,2036,4,0,40,'0000-00-00 00:00:00','0000-00-00 00:00:00'),(907,2005,145,2035,4,0,36,'0000-00-00 00:00:00','0000-00-00 00:00:00'),(908,2005,145,2028,4,0,36,'0000-00-00 00:00:00','0000-00-00 00:00:00'),(909,2005,145,2028,14,0,58,'0000-00-00 00:00:00','0000-00-00 00:00:00'),(910,2005,145,2035,14,0,58,'0000-00-00 00:00:00','0000-00-00 00:00:00'),(911,2005,145,2036,14,0,48,'0000-00-00 00:00:00','0000-00-00 00:00:00'),(912,2005,146,2028,4,0,32,'0000-00-00 00:00:00','0000-00-00 00:00:00'),(913,2005,146,2035,4,0,28,'0000-00-00 00:00:00','0000-00-00 00:00:00'),(914,2005,146,2036,4,0,28,'0000-00-00 00:00:00','0000-00-00 00:00:00'),(915,2005,146,2028,14,0,48,'0000-00-00 00:00:00','0000-00-00 00:00:00'),(916,2005,146,2035,14,0,51,'0000-00-00 00:00:00','0000-00-00 00:00:00'),(917,2005,146,2036,14,0,54,'0000-00-00 00:00:00','0000-00-00 00:00:00'),(918,2005,155,2028,4,0,36,'0000-00-00 00:00:00','0000-00-00 00:00:00'),(919,2005,155,2035,4,0,30,'0000-00-00 00:00:00','0000-00-00 00:00:00'),(920,2005,155,2036,4,0,40,'0000-00-00 00:00:00','0000-00-00 00:00:00'),(921,2005,155,2028,14,0,55,'0000-00-00 00:00:00','0000-00-00 00:00:00'),(922,2005,155,2035,14,0,45,'0000-00-00 00:00:00','0000-00-00 00:00:00'),(923,2005,155,2036,14,0,54,'0000-00-00 00:00:00','0000-00-00 00:00:00'),(924,2005,148,2028,4,0,38,'0000-00-00 00:00:00','0000-00-00 00:00:00'),(925,2005,148,2035,4,0,26,'0000-00-00 00:00:00','0000-00-00 00:00:00'),(926,2005,148,2036,4,0,32,'0000-00-00 00:00:00','0000-00-00 00:00:00'),(927,2005,148,2028,14,0,49,'0000-00-00 00:00:00','0000-00-00 00:00:00'),(928,2005,148,2035,14,0,44,'0000-00-00 00:00:00','0000-00-00 00:00:00'),(929,2005,148,2036,14,0,51,'0000-00-00 00:00:00','0000-00-00 00:00:00'),(930,2005,156,2028,4,0,40,'0000-00-00 00:00:00','0000-00-00 00:00:00'),(931,2005,156,2035,4,0,16,'0000-00-00 00:00:00','0000-00-00 00:00:00'),(932,2005,156,2036,4,0,40,'0000-00-00 00:00:00','0000-00-00 00:00:00'),(933,2005,156,2028,14,0,41,'0000-00-00 00:00:00','0000-00-00 00:00:00'),(934,2005,156,2035,14,0,33,'0000-00-00 00:00:00','0000-00-00 00:00:00'),(935,2005,156,2036,14,0,43,'0000-00-00 00:00:00','0000-00-00 00:00:00'),(936,2005,144,2028,4,0,40,'0000-00-00 00:00:00','0000-00-00 00:00:00'),(937,2005,144,2035,4,0,35,'0000-00-00 00:00:00','0000-00-00 00:00:00'),(938,2005,144,2036,4,0,25,'0000-00-00 00:00:00','0000-00-00 00:00:00'),(939,2005,144,2028,14,0,60,'0000-00-00 00:00:00','0000-00-00 00:00:00'),(940,2005,144,2035,14,0,59,'0000-00-00 00:00:00','0000-00-00 00:00:00'),(941,2005,144,2036,14,0,45,'0000-00-00 00:00:00','0000-00-00 00:00:00'),(942,2005,143,2028,4,0,40,'0000-00-00 00:00:00','0000-00-00 00:00:00'),(943,2005,143,2035,4,0,40,'0000-00-00 00:00:00','0000-00-00 00:00:00'),(944,2005,143,2036,4,0,40,'0000-00-00 00:00:00','0000-00-00 00:00:00'),(945,2005,143,2028,14,0,52,'0000-00-00 00:00:00','0000-00-00 00:00:00'),(946,2005,143,2035,14,0,55,'0000-00-00 00:00:00','0000-00-00 00:00:00'),(947,2005,143,2036,14,0,58,'0000-00-00 00:00:00','0000-00-00 00:00:00'),(948,2005,151,2028,4,0,28,'0000-00-00 00:00:00','0000-00-00 00:00:00'),(949,2005,151,2035,4,0,32,'0000-00-00 00:00:00','0000-00-00 00:00:00'),(950,2005,151,2036,4,0,40,'0000-00-00 00:00:00','0000-00-00 00:00:00'),(951,2005,151,2028,14,0,51,'0000-00-00 00:00:00','0000-00-00 00:00:00'),(952,2005,151,2035,14,0,47,'0000-00-00 00:00:00','0000-00-00 00:00:00'),(953,2005,151,2036,14,0,52,'0000-00-00 00:00:00','0000-00-00 00:00:00'),(954,2005,149,2028,4,0,28,'0000-00-00 00:00:00','0000-00-00 00:00:00'),(955,2005,149,2035,4,0,20,'0000-00-00 00:00:00','0000-00-00 00:00:00'),(956,2005,149,2036,4,0,30,'0000-00-00 00:00:00','0000-00-00 00:00:00'),(957,2005,149,2028,14,0,35,'0000-00-00 00:00:00','0000-00-00 00:00:00'),(958,2005,149,2035,14,0,35,'0000-00-00 00:00:00','0000-00-00 00:00:00'),(959,2005,149,2036,14,0,35,'0000-00-00 00:00:00','0000-00-00 00:00:00'),(960,2005,253,2028,4,0,24,'0000-00-00 00:00:00','0000-00-00 00:00:00'),(961,2005,253,2035,4,0,31,'0000-00-00 00:00:00','0000-00-00 00:00:00'),(962,2005,253,2036,4,0,25,'0000-00-00 00:00:00','0000-00-00 00:00:00'),(963,2005,253,2028,14,0,50,'0000-00-00 00:00:00','0000-00-00 00:00:00'),(964,2005,253,2035,14,0,35,'0000-00-00 00:00:00','0000-00-00 00:00:00'),(965,2005,253,2036,14,0,37,'0000-00-00 00:00:00','0000-00-00 00:00:00'),(966,2005,254,2028,4,0,25,'0000-00-00 00:00:00','0000-00-00 00:00:00'),(967,2005,254,2035,4,0,20,'0000-00-00 00:00:00','0000-00-00 00:00:00'),(968,2005,254,2036,4,0,20,'0000-00-00 00:00:00','2016-03-25 19:20:28'),(969,2005,254,2028,14,0,48,'0000-00-00 00:00:00','0000-00-00 00:00:00'),(970,2005,254,2035,14,0,30,'0000-00-00 00:00:00','0000-00-00 00:00:00'),(971,2005,254,2036,14,0,42,'0000-00-00 00:00:00','0000-00-00 00:00:00'),(972,2020,162,2026,13,0,55,'0000-00-00 00:00:00','0000-00-00 00:00:00'),(973,2020,162,2033,13,0,52,'0000-00-00 00:00:00','0000-00-00 00:00:00'),(974,2020,162,2050,13,0,58,'0000-00-00 00:00:00','0000-00-00 00:00:00'),(975,2011,237,2025,7,0,40,'0000-00-00 00:00:00','0000-00-00 00:00:00'),(976,2011,237,2039,7,0,23,'0000-00-00 00:00:00','0000-00-00 00:00:00'),(977,2011,237,2052,7,0,20,'0000-00-00 00:00:00','0000-00-00 00:00:00'),(978,2011,237,2053,7,0,20,'0000-00-00 00:00:00','0000-00-00 00:00:00'),(979,2011,237,2054,7,0,29,'0000-00-00 00:00:00','0000-00-00 00:00:00'),(980,2011,237,2025,17,0,52,'0000-00-00 00:00:00','0000-00-00 00:00:00'),(981,2011,237,2039,17,0,48,'0000-00-00 00:00:00','0000-00-00 00:00:00'),(982,2011,237,2052,17,0,22,'0000-00-00 00:00:00','0000-00-00 00:00:00'),(983,2011,237,2053,17,0,29,'0000-00-00 00:00:00','0000-00-00 00:00:00'),(984,2011,237,2054,17,0,41,'0000-00-00 00:00:00','0000-00-00 00:00:00'),(985,2011,238,2025,7,0,38,'0000-00-00 00:00:00','0000-00-00 00:00:00'),(986,2011,238,2039,7,0,25,'0000-00-00 00:00:00','0000-00-00 00:00:00'),(987,2011,238,2052,7,0,20,'0000-00-00 00:00:00','0000-00-00 00:00:00'),(988,2011,238,2053,7,0,16,'0000-00-00 00:00:00','0000-00-00 00:00:00'),(989,2011,238,2054,7,0,33,'0000-00-00 00:00:00','0000-00-00 00:00:00'),(990,2011,238,2025,17,0,54,'0000-00-00 00:00:00','0000-00-00 00:00:00'),(991,2011,238,2039,17,0,41,'0000-00-00 00:00:00','0000-00-00 00:00:00'),(992,2011,238,2052,17,0,38,'0000-00-00 00:00:00','0000-00-00 00:00:00'),(993,2011,238,2053,17,0,33,'0000-00-00 00:00:00','0000-00-00 00:00:00'),(994,2011,238,2054,17,0,41,'0000-00-00 00:00:00','0000-00-00 00:00:00'),(995,2011,244,2025,7,0,31,'0000-00-00 00:00:00','0000-00-00 00:00:00'),(996,2011,244,2039,7,0,30,'0000-00-00 00:00:00','0000-00-00 00:00:00'),(997,2011,244,2052,7,0,20,'0000-00-00 00:00:00','0000-00-00 00:00:00'),(998,2011,244,2053,7,0,24,'0000-00-00 00:00:00','0000-00-00 00:00:00'),(999,2011,244,2054,7,0,32,'0000-00-00 00:00:00','0000-00-00 00:00:00'),(1000,2011,244,2025,17,0,55,'0000-00-00 00:00:00','0000-00-00 00:00:00'),(1001,2011,244,2039,17,0,39,'0000-00-00 00:00:00','0000-00-00 00:00:00'),(1002,2011,244,2052,17,0,31,'0000-00-00 00:00:00','0000-00-00 00:00:00'),(1003,2011,244,2053,17,0,25,'0000-00-00 00:00:00','0000-00-00 00:00:00'),(1004,2011,244,2054,17,0,46,'0000-00-00 00:00:00','0000-00-00 00:00:00'),(1005,2011,230,2025,7,0,28,'0000-00-00 00:00:00','2016-03-31 13:06:02'),(1006,2011,230,2039,7,0,31,'0000-00-00 00:00:00','2016-03-31 12:41:39'),(1007,2011,230,2052,7,0,20,'0000-00-00 00:00:00','2016-03-31 12:49:13'),(1008,2011,230,2053,7,0,26,'0000-00-00 00:00:00','0000-00-00 00:00:00'),(1009,2011,230,2054,7,0,30,'0000-00-00 00:00:00','2016-03-31 13:01:39'),(1010,2011,230,2025,17,0,45,'0000-00-00 00:00:00','0000-00-00 00:00:00'),(1011,2011,230,2039,17,0,54,'0000-00-00 00:00:00','0000-00-00 00:00:00'),(1012,2011,230,2052,17,0,22,'0000-00-00 00:00:00','0000-00-00 00:00:00'),(1013,2011,230,2053,17,0,43,'0000-00-00 00:00:00','0000-00-00 00:00:00'),(1014,2011,230,2054,17,0,51,'0000-00-00 00:00:00','0000-00-00 00:00:00'),(1015,2011,236,2025,7,0,30,'0000-00-00 00:00:00','0000-00-00 00:00:00'),(1016,2011,236,2039,7,0,28,'0000-00-00 00:00:00','0000-00-00 00:00:00'),(1017,2011,236,2052,7,0,30,'0000-00-00 00:00:00','0000-00-00 00:00:00'),(1018,2011,236,2053,7,0,26,'0000-00-00 00:00:00','0000-00-00 00:00:00'),(1019,2011,236,2054,7,0,28,'0000-00-00 00:00:00','0000-00-00 00:00:00'),(1020,2011,236,2025,17,0,40,'0000-00-00 00:00:00','0000-00-00 00:00:00'),(1021,2011,236,2039,17,0,40,'0000-00-00 00:00:00','0000-00-00 00:00:00'),(1022,2011,236,2052,17,0,36,'0000-00-00 00:00:00','0000-00-00 00:00:00'),(1023,2011,236,2053,17,0,40,'0000-00-00 00:00:00','0000-00-00 00:00:00'),(1024,2011,236,2054,17,0,40,'0000-00-00 00:00:00','0000-00-00 00:00:00'),(1025,2011,250,2025,7,0,36,'0000-00-00 00:00:00','0000-00-00 00:00:00'),(1026,2011,250,2039,7,0,28,'0000-00-00 00:00:00','0000-00-00 00:00:00'),(1027,2011,250,2052,7,0,20,'0000-00-00 00:00:00','0000-00-00 00:00:00'),(1028,2011,250,2053,7,0,21,'0000-00-00 00:00:00','0000-00-00 00:00:00'),(1029,2011,250,2054,7,0,28,'0000-00-00 00:00:00','0000-00-00 00:00:00'),(1030,2011,250,2025,17,0,52,'0000-00-00 00:00:00','0000-00-00 00:00:00'),(1031,2011,250,2039,17,0,44,'0000-00-00 00:00:00','0000-00-00 00:00:00'),(1032,2011,250,2052,17,0,27,'0000-00-00 00:00:00','0000-00-00 00:00:00'),(1033,2011,250,2053,17,0,32,'0000-00-00 00:00:00','0000-00-00 00:00:00'),(1034,2011,250,2054,17,0,26,'0000-00-00 00:00:00','0000-00-00 00:00:00'),(1035,2011,241,2025,17,0,50,'0000-00-00 00:00:00','0000-00-00 00:00:00'),(1036,2005,5,2035,4,0,33,'0000-00-00 00:00:00','0000-00-00 00:00:00'),(1037,2002,192,2049,5,0,40,'0000-00-00 00:00:00','0000-00-00 00:00:00'),(1038,2002,192,2049,15,0,54,'0000-00-00 00:00:00','0000-00-00 00:00:00'),(1039,2002,193,2049,5,0,30,'0000-00-00 00:00:00','0000-00-00 00:00:00'),(1040,2002,193,2049,15,0,40,'0000-00-00 00:00:00','0000-00-00 00:00:00'),(1041,2002,199,2049,5,0,24,'0000-00-00 00:00:00','2016-03-31 22:29:51'),(1042,2002,199,2049,15,0,55,'0000-00-00 00:00:00','2016-03-31 22:30:08'),(1043,2002,194,2049,5,0,33,'0000-00-00 00:00:00','2016-03-31 22:16:28'),(1044,2002,194,2049,15,0,36,'0000-00-00 00:00:00','2016-03-31 22:16:45'),(1045,2002,201,2049,5,0,40,'0000-00-00 00:00:00','0000-00-00 00:00:00'),(1046,2002,201,2049,15,0,42,'0000-00-00 00:00:00','0000-00-00 00:00:00'),(1047,2002,205,2049,5,0,36,'0000-00-00 00:00:00','0000-00-00 00:00:00'),(1048,2002,205,2049,15,0,36,'0000-00-00 00:00:00','0000-00-00 00:00:00'),(1049,2002,208,2049,5,0,36,'0000-00-00 00:00:00','0000-00-00 00:00:00'),(1050,2002,208,2049,15,0,37,'0000-00-00 00:00:00','0000-00-00 00:00:00'),(1051,2002,197,2049,5,0,36,'0000-00-00 00:00:00','0000-00-00 00:00:00'),(1052,2002,197,2049,15,0,48,'0000-00-00 00:00:00','0000-00-00 00:00:00'),(1053,2002,198,2049,5,0,20,'0000-00-00 00:00:00','0000-00-00 00:00:00'),(1054,2002,198,2049,15,0,40,'0000-00-00 00:00:00','0000-00-00 00:00:00'),(1055,2002,206,2049,5,0,38,'0000-00-00 00:00:00','0000-00-00 00:00:00'),(1056,2002,206,2049,15,0,58,'0000-00-00 00:00:00','0000-00-00 00:00:00'),(1057,2002,207,2049,5,0,40,'0000-00-00 00:00:00','0000-00-00 00:00:00'),(1058,2002,207,2049,15,0,50,'0000-00-00 00:00:00','0000-00-00 00:00:00'),(1059,2002,245,2049,5,0,40,'0000-00-00 00:00:00','0000-00-00 00:00:00'),(1060,2002,245,2049,15,0,50,'0000-00-00 00:00:00','0000-00-00 00:00:00'),(1061,2002,196,2049,5,0,27,'0000-00-00 00:00:00','0000-00-00 00:00:00'),(1062,2002,196,2049,15,0,59,'0000-00-00 00:00:00','0000-00-00 00:00:00'),(1063,2002,192,2034,5,0,32,'0000-00-00 00:00:00','0000-00-00 00:00:00'),(1064,2002,192,2040,5,0,28,'0000-00-00 00:00:00','0000-00-00 00:00:00'),(1065,2002,192,2034,15,0,53,'0000-00-00 00:00:00','0000-00-00 00:00:00'),(1066,2002,192,2040,15,0,48,'0000-00-00 00:00:00','0000-00-00 00:00:00'),(1067,2002,193,2034,5,0,32,'0000-00-00 00:00:00','0000-00-00 00:00:00'),(1068,2002,193,2040,5,0,36,'0000-00-00 00:00:00','0000-00-00 00:00:00'),(1069,2002,193,2034,15,0,50,'0000-00-00 00:00:00','0000-00-00 00:00:00'),(1070,2002,193,2040,15,0,38,'0000-00-00 00:00:00','0000-00-00 00:00:00'),(1071,2031,176,2045,10,0,20,'0000-00-00 00:00:00','0000-00-00 00:00:00'),(1072,2031,176,2046,10,0,24,'0000-00-00 00:00:00','0000-00-00 00:00:00'),(1073,2031,176,2056,10,0,14,'0000-00-00 00:00:00','0000-00-00 00:00:00'),(1074,2031,176,2057,10,0,30,'0000-00-00 00:00:00','0000-00-00 00:00:00'),(1075,2031,176,2045,20,0,20,'0000-00-00 00:00:00','0000-00-00 00:00:00'),(1076,2031,176,2046,20,0,30,'0000-00-00 00:00:00','0000-00-00 00:00:00'),(1077,2031,176,2056,20,0,28,'0000-00-00 00:00:00','0000-00-00 00:00:00'),(1078,2031,176,2057,20,0,30,'0000-00-00 00:00:00','0000-00-00 00:00:00'),(1079,2031,177,2045,10,0,30,'0000-00-00 00:00:00','0000-00-00 00:00:00'),(1080,2031,177,2046,10,0,30,'0000-00-00 00:00:00','0000-00-00 00:00:00'),(1081,2031,177,2056,10,0,22,'0000-00-00 00:00:00','0000-00-00 00:00:00'),(1082,2031,177,2057,10,0,33,'0000-00-00 00:00:00','0000-00-00 00:00:00'),(1083,2031,177,2045,20,0,50,'0000-00-00 00:00:00','0000-00-00 00:00:00'),(1084,2031,177,2046,20,0,40,'0000-00-00 00:00:00','0000-00-00 00:00:00'),(1085,2031,177,2056,20,0,30,'0000-00-00 00:00:00','0000-00-00 00:00:00'),(1086,2031,177,2057,20,0,40,'0000-00-00 00:00:00','0000-00-00 00:00:00'),(1087,2031,182,2045,10,0,36,'0000-00-00 00:00:00','0000-00-00 00:00:00'),(1088,2031,182,2046,10,0,27,'0000-00-00 00:00:00','0000-00-00 00:00:00'),(1089,2031,182,2056,10,0,24,'0000-00-00 00:00:00','0000-00-00 00:00:00'),(1090,2031,182,2057,10,0,20,'0000-00-00 00:00:00','2016-03-26 18:32:23'),(1091,2031,182,2045,20,0,37,'0000-00-00 00:00:00','0000-00-00 00:00:00'),(1092,2031,182,2046,20,0,35,'0000-00-00 00:00:00','0000-00-00 00:00:00'),(1093,2031,182,2056,20,0,37,'0000-00-00 00:00:00','0000-00-00 00:00:00'),(1094,2031,182,2057,20,0,35,'0000-00-00 00:00:00','2016-03-26 18:33:11'),(1095,2031,190,2045,10,0,25,'0000-00-00 00:00:00','2016-03-26 19:02:22'),(1096,2031,190,2046,10,0,23,'0000-00-00 00:00:00','0000-00-00 00:00:00'),(1097,2031,190,2056,10,0,19,'0000-00-00 00:00:00','0000-00-00 00:00:00'),(1098,2031,190,2046,20,0,36,'0000-00-00 00:00:00','0000-00-00 00:00:00'),(1099,2031,190,2056,20,0,30,'0000-00-00 00:00:00','0000-00-00 00:00:00'),(1100,2031,185,2045,20,0,46,'0000-00-00 00:00:00','2016-03-26 18:35:29'),(1101,2031,185,2045,10,0,40,'0000-00-00 00:00:00','2016-03-26 18:34:48'),(1102,2031,185,2046,10,0,33,'0000-00-00 00:00:00','0000-00-00 00:00:00'),(1103,2031,185,2056,10,0,36,'0000-00-00 00:00:00','0000-00-00 00:00:00'),(1104,2031,185,2046,20,0,40,'0000-00-00 00:00:00','0000-00-00 00:00:00'),(1105,2031,185,2056,20,0,32,'0000-00-00 00:00:00','0000-00-00 00:00:00'),(1106,2031,183,2045,10,0,37,'0000-00-00 00:00:00','0000-00-00 00:00:00'),(1107,2031,183,2046,10,0,32,'0000-00-00 00:00:00','0000-00-00 00:00:00'),(1108,2031,183,2056,10,0,37,'0000-00-00 00:00:00','0000-00-00 00:00:00'),(1109,2031,183,2057,10,0,30,'0000-00-00 00:00:00','0000-00-00 00:00:00'),(1110,2031,183,2045,20,0,31,'0000-00-00 00:00:00','0000-00-00 00:00:00'),(1111,2031,183,2046,20,0,33,'0000-00-00 00:00:00','0000-00-00 00:00:00'),(1112,2031,183,2056,20,0,32,'0000-00-00 00:00:00','0000-00-00 00:00:00'),(1113,2031,183,2057,20,0,48,'0000-00-00 00:00:00','0000-00-00 00:00:00'),(1114,2031,189,2045,10,0,38,'0000-00-00 00:00:00','0000-00-00 00:00:00'),(1115,2031,189,2046,10,0,24,'0000-00-00 00:00:00','0000-00-00 00:00:00'),(1116,2031,189,2056,10,0,25,'0000-00-00 00:00:00','0000-00-00 00:00:00'),(1117,2031,189,2057,10,0,33,'0000-00-00 00:00:00','0000-00-00 00:00:00'),(1118,2031,189,2045,20,0,40,'0000-00-00 00:00:00','0000-00-00 00:00:00'),(1119,2031,189,2046,20,0,30,'0000-00-00 00:00:00','0000-00-00 00:00:00'),(1120,2031,189,2056,20,0,34,'0000-00-00 00:00:00','0000-00-00 00:00:00'),(1121,2031,189,2057,20,0,40,'0000-00-00 00:00:00','0000-00-00 00:00:00'),(1122,2031,186,2045,10,0,40,'0000-00-00 00:00:00','0000-00-00 00:00:00'),(1123,2031,186,2046,10,0,36,'0000-00-00 00:00:00','0000-00-00 00:00:00'),(1124,2031,186,2056,10,0,29,'0000-00-00 00:00:00','0000-00-00 00:00:00'),(1125,2031,186,2057,10,0,20,'0000-00-00 00:00:00','0000-00-00 00:00:00'),(1126,2031,186,2045,20,0,37,'0000-00-00 00:00:00','0000-00-00 00:00:00'),(1127,2031,186,2046,20,0,31,'0000-00-00 00:00:00','0000-00-00 00:00:00'),(1128,2031,186,2056,20,0,43,'0000-00-00 00:00:00','0000-00-00 00:00:00'),(1129,2031,186,2057,20,0,37,'0000-00-00 00:00:00','0000-00-00 00:00:00'),(1130,2031,184,2046,10,0,26,'0000-00-00 00:00:00','0000-00-00 00:00:00'),(1131,2031,184,2056,10,0,11,'0000-00-00 00:00:00','0000-00-00 00:00:00'),(1132,2031,184,2046,20,0,35,'0000-00-00 00:00:00','0000-00-00 00:00:00'),(1133,2031,184,2056,20,0,39,'0000-00-00 00:00:00','0000-00-00 00:00:00'),(1134,2031,187,2045,10,0,30,'0000-00-00 00:00:00','0000-00-00 00:00:00'),(1135,2031,187,2046,10,0,34,'0000-00-00 00:00:00','0000-00-00 00:00:00'),(1136,2031,187,2056,10,0,21,'0000-00-00 00:00:00','0000-00-00 00:00:00'),(1137,2031,187,2057,10,0,30,'0000-00-00 00:00:00','0000-00-00 00:00:00'),(1138,2031,187,2045,20,0,43,'0000-00-00 00:00:00','0000-00-00 00:00:00'),(1139,2031,187,2046,20,0,37,'0000-00-00 00:00:00','0000-00-00 00:00:00'),(1140,2031,187,2056,20,0,43,'0000-00-00 00:00:00','0000-00-00 00:00:00'),(1141,2031,187,2057,20,0,43,'0000-00-00 00:00:00','0000-00-00 00:00:00'),(1142,2031,179,2045,10,0,38,'0000-00-00 00:00:00','0000-00-00 00:00:00'),(1143,2031,179,2046,10,0,34,'0000-00-00 00:00:00','0000-00-00 00:00:00'),(1144,2031,179,2056,10,0,34,'0000-00-00 00:00:00','0000-00-00 00:00:00'),(1145,2031,179,2045,20,0,46,'0000-00-00 00:00:00','0000-00-00 00:00:00'),(1146,2031,179,2046,20,0,41,'0000-00-00 00:00:00','2016-03-26 19:06:43'),(1147,2031,179,2056,20,0,40,'0000-00-00 00:00:00','0000-00-00 00:00:00'),(1148,2031,191,2045,10,0,20,'0000-00-00 00:00:00','0000-00-00 00:00:00'),(1149,2031,191,2046,10,0,17,'0000-00-00 00:00:00','0000-00-00 00:00:00'),(1150,2031,191,2056,10,0,20,'0000-00-00 00:00:00','0000-00-00 00:00:00'),(1151,2031,191,2057,10,0,20,'0000-00-00 00:00:00','0000-00-00 00:00:00'),(1152,2031,191,2045,20,0,32,'0000-00-00 00:00:00','0000-00-00 00:00:00'),(1153,2031,191,2046,20,0,31,'0000-00-00 00:00:00','0000-00-00 00:00:00'),(1154,2031,191,2056,20,0,36,'0000-00-00 00:00:00','0000-00-00 00:00:00'),(1155,2031,191,2057,20,0,25,'0000-00-00 00:00:00','0000-00-00 00:00:00'),(1156,2031,180,2045,10,0,25,'0000-00-00 00:00:00','0000-00-00 00:00:00'),(1157,2031,180,2046,10,0,29,'0000-00-00 00:00:00','0000-00-00 00:00:00'),(1158,2031,180,2056,10,0,20,'0000-00-00 00:00:00','0000-00-00 00:00:00'),(1159,2031,180,2057,10,0,40,'0000-00-00 00:00:00','0000-00-00 00:00:00'),(1160,2031,180,2045,20,0,50,'0000-00-00 00:00:00','0000-00-00 00:00:00'),(1161,2031,180,2046,20,0,45,'0000-00-00 00:00:00','0000-00-00 00:00:00'),(1162,2031,180,2056,20,0,33,'0000-00-00 00:00:00','0000-00-00 00:00:00'),(1163,2031,180,2057,20,0,47,'0000-00-00 00:00:00','0000-00-00 00:00:00'),(1164,2031,181,2045,10,0,38,'0000-00-00 00:00:00','0000-00-00 00:00:00'),(1165,2031,181,2046,10,0,37,'0000-00-00 00:00:00','0000-00-00 00:00:00'),(1166,2031,181,2056,10,0,36,'0000-00-00 00:00:00','0000-00-00 00:00:00'),(1167,2031,181,2057,10,0,20,'0000-00-00 00:00:00','0000-00-00 00:00:00'),(1168,2031,181,2045,20,0,42,'0000-00-00 00:00:00','0000-00-00 00:00:00'),(1169,2031,181,2046,20,0,40,'0000-00-00 00:00:00','0000-00-00 00:00:00'),(1170,2031,181,2056,20,0,32,'0000-00-00 00:00:00','0000-00-00 00:00:00'),(1171,2031,181,2057,20,0,43,'0000-00-00 00:00:00','0000-00-00 00:00:00'),(1172,2031,178,2045,10,0,33,'0000-00-00 00:00:00','0000-00-00 00:00:00'),(1173,2031,178,2046,10,0,29,'0000-00-00 00:00:00','0000-00-00 00:00:00'),(1174,2031,178,2056,10,0,29,'0000-00-00 00:00:00','0000-00-00 00:00:00'),(1175,2031,178,2057,10,0,20,'0000-00-00 00:00:00','0000-00-00 00:00:00'),(1176,2031,178,2045,20,0,37,'0000-00-00 00:00:00','0000-00-00 00:00:00'),(1177,2031,178,2046,20,0,30,'0000-00-00 00:00:00','0000-00-00 00:00:00'),(1178,2031,178,2056,20,0,28,'0000-00-00 00:00:00','0000-00-00 00:00:00'),(1179,2031,178,2057,20,0,33,'0000-00-00 00:00:00','0000-00-00 00:00:00'),(1180,2031,188,2045,10,0,37,'0000-00-00 00:00:00','0000-00-00 00:00:00'),(1181,2031,188,2046,10,0,33,'0000-00-00 00:00:00','0000-00-00 00:00:00'),(1182,2031,188,2056,10,0,22,'0000-00-00 00:00:00','0000-00-00 00:00:00'),(1183,2031,188,2057,10,0,20,'0000-00-00 00:00:00','0000-00-00 00:00:00'),(1184,2031,188,2045,20,0,36,'0000-00-00 00:00:00','0000-00-00 00:00:00'),(1185,2031,188,2046,20,0,37,'0000-00-00 00:00:00','0000-00-00 00:00:00'),(1186,2031,188,2056,20,0,28,'0000-00-00 00:00:00','0000-00-00 00:00:00'),(1187,2031,188,2057,20,0,22,'0000-00-00 00:00:00','0000-00-00 00:00:00'),(1188,2031,255,2045,10,0,25,'0000-00-00 00:00:00','0000-00-00 00:00:00'),(1189,2031,255,2046,10,0,27,'0000-00-00 00:00:00','0000-00-00 00:00:00'),(1190,2031,255,2056,10,0,9,'0000-00-00 00:00:00','0000-00-00 00:00:00'),(1191,2031,255,2057,10,0,10,'0000-00-00 00:00:00','0000-00-00 00:00:00'),(1192,2031,255,2045,20,0,31,'0000-00-00 00:00:00','0000-00-00 00:00:00'),(1193,2031,255,2046,20,0,40,'0000-00-00 00:00:00','0000-00-00 00:00:00'),(1194,2031,255,2056,20,0,24,'0000-00-00 00:00:00','0000-00-00 00:00:00'),(1195,2031,255,2057,20,0,17,'0000-00-00 00:00:00','0000-00-00 00:00:00'),(1196,2031,190,2045,20,0,42,'0000-00-00 00:00:00','0000-00-00 00:00:00'),(1197,2031,190,2057,10,0,20,'0000-00-00 00:00:00','0000-00-00 00:00:00'),(1198,2031,190,2057,20,0,35,'0000-00-00 00:00:00','0000-00-00 00:00:00'),(1199,2023,168,2027,1,0,36,'0000-00-00 00:00:00','0000-00-00 00:00:00'),(1200,2023,168,2029,1,0,38,'0000-00-00 00:00:00','0000-00-00 00:00:00'),(1201,2023,168,2030,1,0,34,'0000-00-00 00:00:00','0000-00-00 00:00:00'),(1202,2023,168,2031,1,0,30,'0000-00-00 00:00:00','0000-00-00 00:00:00'),(1203,2023,168,2032,1,0,28,'0000-00-00 00:00:00','0000-00-00 00:00:00'),(1204,2023,168,2051,1,0,20,'0000-00-00 00:00:00','0000-00-00 00:00:00'),(1205,2023,168,2058,1,0,24,'0000-00-00 00:00:00','0000-00-00 00:00:00'),(1206,2023,168,2059,1,0,20,'0000-00-00 00:00:00','0000-00-00 00:00:00'),(1207,2023,168,2060,1,0,16,'0000-00-00 00:00:00','0000-00-00 00:00:00'),(1208,2023,168,2061,1,0,18,'0000-00-00 00:00:00','0000-00-00 00:00:00'),(1209,2023,168,2027,11,0,59,'0000-00-00 00:00:00','0000-00-00 00:00:00'),(1210,2023,168,2029,11,0,59,'0000-00-00 00:00:00','0000-00-00 00:00:00'),(1211,2023,168,2030,11,0,57,'0000-00-00 00:00:00','0000-00-00 00:00:00'),(1212,2023,168,2031,11,0,42,'0000-00-00 00:00:00','0000-00-00 00:00:00'),(1213,2023,168,2032,11,0,38,'0000-00-00 00:00:00','0000-00-00 00:00:00'),(1214,2023,168,2051,11,0,20,'0000-00-00 00:00:00','0000-00-00 00:00:00'),(1215,2023,168,2058,11,0,32,'0000-00-00 00:00:00','0000-00-00 00:00:00'),(1216,2023,168,2059,11,0,36,'0000-00-00 00:00:00','0000-00-00 00:00:00'),(1217,2023,168,2060,11,0,24,'0000-00-00 00:00:00','0000-00-00 00:00:00'),(1218,2023,168,2061,11,0,20,'0000-00-00 00:00:00','0000-00-00 00:00:00'),(1219,2023,170,2027,1,0,36,'0000-00-00 00:00:00','0000-00-00 00:00:00'),(1220,2023,170,2029,1,0,38,'0000-00-00 00:00:00','0000-00-00 00:00:00'),(1221,2023,170,2030,1,0,35,'0000-00-00 00:00:00','0000-00-00 00:00:00'),(1222,2023,170,2031,1,0,32,'0000-00-00 00:00:00','0000-00-00 00:00:00'),(1223,2023,170,2032,1,0,28,'0000-00-00 00:00:00','0000-00-00 00:00:00'),(1224,2023,170,2051,1,0,18,'0000-00-00 00:00:00','0000-00-00 00:00:00'),(1225,2023,170,2058,1,0,28,'0000-00-00 00:00:00','0000-00-00 00:00:00'),(1226,2023,170,2059,1,0,22,'0000-00-00 00:00:00','0000-00-00 00:00:00'),(1227,2023,170,2060,1,0,18,'0000-00-00 00:00:00','0000-00-00 00:00:00'),(1228,2023,170,2061,1,0,16,'0000-00-00 00:00:00','0000-00-00 00:00:00'),(1229,2023,170,2027,11,0,58,'0000-00-00 00:00:00','0000-00-00 00:00:00'),(1230,2023,170,2029,11,0,59,'0000-00-00 00:00:00','0000-00-00 00:00:00'),(1231,2023,170,2030,11,0,57,'0000-00-00 00:00:00','0000-00-00 00:00:00'),(1232,2023,170,2031,11,0,50,'0000-00-00 00:00:00','0000-00-00 00:00:00'),(1233,2023,170,2032,11,0,40,'0000-00-00 00:00:00','0000-00-00 00:00:00'),(1234,2023,170,2051,11,0,26,'0000-00-00 00:00:00','0000-00-00 00:00:00'),(1235,2023,170,2058,11,0,36,'0000-00-00 00:00:00','0000-00-00 00:00:00'),(1236,2023,170,2059,11,0,26,'0000-00-00 00:00:00','0000-00-00 00:00:00'),(1237,2023,170,2060,11,0,30,'0000-00-00 00:00:00','0000-00-00 00:00:00'),(1238,2023,170,2061,11,0,20,'0000-00-00 00:00:00','0000-00-00 00:00:00'),(1239,2023,171,2061,11,0,21,'0000-00-00 00:00:00','0000-00-00 00:00:00'),(1240,2023,171,2060,11,0,38,'0000-00-00 00:00:00','0000-00-00 00:00:00'),(1241,2023,171,2059,11,0,54,'0000-00-00 00:00:00','0000-00-00 00:00:00'),(1242,2023,171,2058,11,0,51,'0000-00-00 00:00:00','0000-00-00 00:00:00'),(1243,2023,171,2051,11,0,21,'0000-00-00 00:00:00','0000-00-00 00:00:00'),(1244,2023,171,2032,11,0,54,'0000-00-00 00:00:00','0000-00-00 00:00:00'),(1245,2023,171,2031,11,0,54,'0000-00-00 00:00:00','0000-00-00 00:00:00'),(1246,2023,171,2030,11,0,54,'0000-00-00 00:00:00','0000-00-00 00:00:00'),(1247,2023,171,2029,11,0,60,'0000-00-00 00:00:00','0000-00-00 00:00:00'),(1248,2023,171,2027,11,0,60,'0000-00-00 00:00:00','0000-00-00 00:00:00'),(1249,2023,171,2061,1,0,18,'0000-00-00 00:00:00','0000-00-00 00:00:00'),(1250,2023,171,2060,1,0,20,'0000-00-00 00:00:00','0000-00-00 00:00:00'),(1251,2023,171,2059,1,0,28,'0000-00-00 00:00:00','0000-00-00 00:00:00'),(1252,2023,171,2058,1,0,32,'0000-00-00 00:00:00','0000-00-00 00:00:00'),(1253,2023,171,2051,1,0,24,'0000-00-00 00:00:00','0000-00-00 00:00:00'),(1254,2023,171,2032,1,0,36,'0000-00-00 00:00:00','0000-00-00 00:00:00'),(1255,2023,171,2031,1,0,30,'0000-00-00 00:00:00','0000-00-00 00:00:00'),(1256,2023,171,2030,1,0,36,'0000-00-00 00:00:00','0000-00-00 00:00:00'),(1257,2023,171,2029,1,0,40,'0000-00-00 00:00:00','0000-00-00 00:00:00'),(1258,2023,171,2027,1,0,40,'0000-00-00 00:00:00','0000-00-00 00:00:00'),(1259,2023,169,2027,1,0,40,'0000-00-00 00:00:00','0000-00-00 00:00:00'),(1260,2023,169,2029,1,0,40,'0000-00-00 00:00:00','0000-00-00 00:00:00'),(1261,2023,169,2030,1,0,36,'0000-00-00 00:00:00','0000-00-00 00:00:00'),(1262,2023,169,2031,1,0,40,'0000-00-00 00:00:00','0000-00-00 00:00:00'),(1263,2023,169,2032,1,0,36,'0000-00-00 00:00:00','0000-00-00 00:00:00'),(1264,2023,169,2051,1,0,20,'0000-00-00 00:00:00','0000-00-00 00:00:00'),(1265,2023,169,2058,1,0,32,'0000-00-00 00:00:00','0000-00-00 00:00:00'),(1266,2023,169,2059,1,0,20,'0000-00-00 00:00:00','0000-00-00 00:00:00'),(1267,2023,169,2060,1,0,18,'0000-00-00 00:00:00','0000-00-00 00:00:00'),(1268,2023,169,2061,1,0,18,'0000-00-00 00:00:00','0000-00-00 00:00:00'),(1269,2023,169,2027,11,0,60,'0000-00-00 00:00:00','0000-00-00 00:00:00'),(1270,2023,169,2029,11,0,60,'0000-00-00 00:00:00','0000-00-00 00:00:00'),(1271,2023,169,2030,11,0,54,'0000-00-00 00:00:00','0000-00-00 00:00:00'),(1272,2023,169,2031,11,0,48,'0000-00-00 00:00:00','0000-00-00 00:00:00'),(1273,2023,169,2032,11,0,42,'0000-00-00 00:00:00','0000-00-00 00:00:00'),(1274,2023,169,2051,11,0,24,'0000-00-00 00:00:00','0000-00-00 00:00:00'),(1275,2023,169,2058,11,0,42,'0000-00-00 00:00:00','0000-00-00 00:00:00'),(1276,2023,169,2059,11,0,60,'0000-00-00 00:00:00','0000-00-00 00:00:00'),(1277,2023,169,2060,11,0,24,'0000-00-00 00:00:00','0000-00-00 00:00:00'),(1278,2023,169,2061,11,0,22,'0000-00-00 00:00:00','0000-00-00 00:00:00'),(1279,2031,185,2057,10,0,30,'0000-00-00 00:00:00','0000-00-00 00:00:00'),(1280,2031,185,2057,20,0,50,'0000-00-00 00:00:00','0000-00-00 00:00:00'),(1281,2031,179,2057,10,0,26,'0000-00-00 00:00:00','0000-00-00 00:00:00'),(1282,2031,179,2057,20,0,50,'0000-00-00 00:00:00','0000-00-00 00:00:00'),(1283,2011,240,2039,7,0,27,'0000-00-00 00:00:00','0000-00-00 00:00:00'),(1284,2011,240,2039,17,0,40,'0000-00-00 00:00:00','0000-00-00 00:00:00'),(1285,2011,240,2053,7,0,15,'0000-00-00 00:00:00','0000-00-00 00:00:00'),(1286,2011,240,2053,17,0,32,'0000-00-00 00:00:00','0000-00-00 00:00:00'),(1287,2011,240,2052,7,0,37,'0000-00-00 00:00:00','2016-03-31 12:56:28'),(1288,2011,240,2052,17,0,35,'0000-00-00 00:00:00','0000-00-00 00:00:00'),(1289,2011,239,2052,17,0,35,'0000-00-00 00:00:00','0000-00-00 00:00:00'),(1290,2011,239,2052,7,0,30,'0000-00-00 00:00:00','0000-00-00 00:00:00'),(1291,2011,240,2054,7,0,26,'0000-00-00 00:00:00','0000-00-00 00:00:00'),(1292,2011,240,2054,17,0,39,'0000-00-00 00:00:00','0000-00-00 00:00:00'),(1293,2011,240,2025,7,0,35,'0000-00-00 00:00:00','0000-00-00 00:00:00'),(1294,2011,240,2025,17,0,45,'0000-00-00 00:00:00','0000-00-00 00:00:00'),(1295,2008,222,2037,16,0,55,'0000-00-00 00:00:00','0000-00-00 00:00:00'),(1296,2008,222,2041,16,0,55,'0000-00-00 00:00:00','0000-00-00 00:00:00'),(1297,2008,222,2055,16,0,44,'0000-00-00 00:00:00','0000-00-00 00:00:00'),(1298,2005,153,2028,14,0,56,'0000-00-00 00:00:00','0000-00-00 00:00:00'),(1299,2005,153,2035,14,0,44,'0000-00-00 00:00:00','0000-00-00 00:00:00'),(1300,2005,153,2036,14,0,52,'0000-00-00 00:00:00','0000-00-00 00:00:00'),(1301,2023,175,2027,1,0,36,'0000-00-00 00:00:00','0000-00-00 00:00:00'),(1302,2023,175,2027,11,0,60,'0000-00-00 00:00:00','0000-00-00 00:00:00'),(1303,2023,175,2029,1,0,40,'0000-00-00 00:00:00','0000-00-00 00:00:00'),(1304,2023,175,2029,11,0,60,'0000-00-00 00:00:00','0000-00-00 00:00:00'),(1305,2023,175,2030,1,0,40,'0000-00-00 00:00:00','0000-00-00 00:00:00'),(1306,2023,175,2030,11,0,60,'0000-00-00 00:00:00','0000-00-00 00:00:00'),(1307,2023,175,2031,1,0,30,'0000-00-00 00:00:00','0000-00-00 00:00:00'),(1308,2023,175,2031,11,0,57,'0000-00-00 00:00:00','0000-00-00 00:00:00'),(1309,2023,175,2032,1,0,36,'0000-00-00 00:00:00','0000-00-00 00:00:00'),(1310,2023,175,2032,11,0,57,'0000-00-00 00:00:00','0000-00-00 00:00:00'),(1311,2023,175,2051,1,0,18,'0000-00-00 00:00:00','0000-00-00 00:00:00'),(1312,2023,175,2051,11,0,24,'0000-00-00 00:00:00','0000-00-00 00:00:00'),(1313,2023,175,2058,1,0,38,'0000-00-00 00:00:00','0000-00-00 00:00:00'),(1314,2023,175,2058,11,0,51,'0000-00-00 00:00:00','0000-00-00 00:00:00'),(1315,2023,175,2059,1,0,28,'0000-00-00 00:00:00','0000-00-00 00:00:00'),(1316,2023,175,2059,11,0,39,'0000-00-00 00:00:00','0000-00-00 00:00:00'),(1317,2023,175,2060,1,0,19,'0000-00-00 00:00:00','0000-00-00 00:00:00'),(1318,2023,175,2060,11,0,57,'0000-00-00 00:00:00','0000-00-00 00:00:00'),(1319,2023,175,2061,1,0,18,'0000-00-00 00:00:00','0000-00-00 00:00:00'),(1320,2023,175,2061,11,0,20,'0000-00-00 00:00:00','0000-00-00 00:00:00'),(1321,2023,173,2027,1,0,34,'0000-00-00 00:00:00','2016-03-31 18:25:39'),(1322,2023,173,2027,11,0,52,'0000-00-00 00:00:00','0000-00-00 00:00:00'),(1323,2023,173,2029,1,0,35,'0000-00-00 00:00:00','0000-00-00 00:00:00'),(1324,2023,173,2029,11,0,52,'0000-00-00 00:00:00','0000-00-00 00:00:00'),(1325,2023,173,2030,1,0,32,'0000-00-00 00:00:00','0000-00-00 00:00:00'),(1326,2023,173,2030,11,0,50,'0000-00-00 00:00:00','0000-00-00 00:00:00'),(1327,2023,173,2031,1,0,28,'0000-00-00 00:00:00','0000-00-00 00:00:00'),(1328,2023,173,2031,11,0,48,'0000-00-00 00:00:00','0000-00-00 00:00:00'),(1329,2023,173,2032,1,0,23,'0000-00-00 00:00:00','0000-00-00 00:00:00'),(1330,2023,173,2032,11,0,48,'0000-00-00 00:00:00','0000-00-00 00:00:00'),(1331,2023,173,2051,11,0,20,'0000-00-00 00:00:00','0000-00-00 00:00:00'),(1332,2023,173,2051,1,0,20,'0000-00-00 00:00:00','0000-00-00 00:00:00'),(1333,2023,173,2058,1,0,20,'0000-00-00 00:00:00','0000-00-00 00:00:00'),(1334,2023,173,2058,11,0,38,'0000-00-00 00:00:00','0000-00-00 00:00:00'),(1335,2023,173,2059,11,0,34,'0000-00-00 00:00:00','0000-00-00 00:00:00'),(1336,2023,173,2059,1,0,20,'0000-00-00 00:00:00','0000-00-00 00:00:00'),(1337,2023,173,2060,11,0,22,'0000-00-00 00:00:00','0000-00-00 00:00:00'),(1338,2023,173,2060,1,0,20,'0000-00-00 00:00:00','0000-00-00 00:00:00'),(1339,2023,173,2061,11,0,20,'0000-00-00 00:00:00','0000-00-00 00:00:00'),(1340,2023,173,2061,1,0,19,'0000-00-00 00:00:00','0000-00-00 00:00:00'),(1341,2023,172,2027,1,0,36,'0000-00-00 00:00:00','2016-03-31 18:32:20'),(1342,2023,172,2027,11,0,57,'0000-00-00 00:00:00','0000-00-00 00:00:00'),(1343,2023,256,2027,1,0,32,'0000-00-00 00:00:00','0000-00-00 00:00:00'),(1344,2023,256,2027,11,0,53,'0000-00-00 00:00:00','0000-00-00 00:00:00'),(1345,2023,174,2027,11,0,60,'0000-00-00 00:00:00','0000-00-00 00:00:00'),(1346,2023,174,2027,1,0,40,'0000-00-00 00:00:00','0000-00-00 00:00:00'),(1347,2023,172,2029,11,0,48,'0000-00-00 00:00:00','0000-00-00 00:00:00'),(1348,2023,172,2029,1,0,38,'0000-00-00 00:00:00','0000-00-00 00:00:00'),(1349,2023,256,2029,1,0,32,'0000-00-00 00:00:00','0000-00-00 00:00:00'),(1350,2023,256,2029,11,0,50,'0000-00-00 00:00:00','0000-00-00 00:00:00'),(1351,2023,174,2029,11,0,60,'0000-00-00 00:00:00','0000-00-00 00:00:00'),(1352,2023,174,2029,1,0,40,'0000-00-00 00:00:00','0000-00-00 00:00:00'),(1353,2023,172,2030,11,0,57,'0000-00-00 00:00:00','0000-00-00 00:00:00'),(1354,2023,172,2030,1,0,36,'0000-00-00 00:00:00','0000-00-00 00:00:00'),(1355,2023,256,2030,1,0,30,'0000-00-00 00:00:00','0000-00-00 00:00:00'),(1356,2023,256,2030,11,0,53,'0000-00-00 00:00:00','0000-00-00 00:00:00'),(1357,2023,174,2030,11,0,60,'0000-00-00 00:00:00','0000-00-00 00:00:00'),(1358,2023,174,2030,1,0,40,'0000-00-00 00:00:00','0000-00-00 00:00:00'),(1359,2023,172,2031,11,0,47,'0000-00-00 00:00:00','0000-00-00 00:00:00'),(1360,2023,172,2031,1,0,28,'0000-00-00 00:00:00','0000-00-00 00:00:00'),(1361,2023,256,2031,1,0,24,'0000-00-00 00:00:00','0000-00-00 00:00:00'),(1362,2023,256,2031,11,0,36,'0000-00-00 00:00:00','0000-00-00 00:00:00'),(1363,2023,174,2031,11,0,60,'0000-00-00 00:00:00','0000-00-00 00:00:00'),(1364,2023,174,2031,1,0,40,'0000-00-00 00:00:00','0000-00-00 00:00:00'),(1365,2023,172,2032,11,0,54,'0000-00-00 00:00:00','0000-00-00 00:00:00'),(1366,2023,172,2032,1,0,32,'0000-00-00 00:00:00','0000-00-00 00:00:00'),(1367,2023,256,2032,1,0,20,'0000-00-00 00:00:00','0000-00-00 00:00:00'),(1368,2023,256,2032,11,0,32,'0000-00-00 00:00:00','0000-00-00 00:00:00'),(1369,2023,174,2032,11,0,60,'0000-00-00 00:00:00','0000-00-00 00:00:00'),(1370,2023,174,2032,1,0,40,'0000-00-00 00:00:00','0000-00-00 00:00:00'),(1371,2023,172,2051,1,0,18,'0000-00-00 00:00:00','0000-00-00 00:00:00'),(1372,2023,172,2051,11,0,21,'0000-00-00 00:00:00','0000-00-00 00:00:00'),(1373,2023,256,2051,11,0,20,'0000-00-00 00:00:00','0000-00-00 00:00:00'),(1374,2023,256,2051,1,0,18,'0000-00-00 00:00:00','0000-00-00 00:00:00'),(1375,2023,174,2051,1,0,20,'0000-00-00 00:00:00','2016-03-31 18:43:49'),(1376,2023,174,2051,11,0,40,'0000-00-00 00:00:00','0000-00-00 00:00:00'),(1377,2023,172,2058,11,0,30,'0000-00-00 00:00:00','0000-00-00 00:00:00'),(1378,2023,172,2058,1,0,24,'0000-00-00 00:00:00','0000-00-00 00:00:00'),(1379,2023,256,2058,1,0,18,'0000-00-00 00:00:00','0000-00-00 00:00:00'),(1380,2023,256,2058,11,0,30,'0000-00-00 00:00:00','0000-00-00 00:00:00'),(1381,2023,174,2058,11,0,50,'0000-00-00 00:00:00','0000-00-00 00:00:00'),(1382,2023,174,2058,1,0,20,'0000-00-00 00:00:00','0000-00-00 00:00:00'),(1383,2023,172,2059,1,0,24,'0000-00-00 00:00:00','0000-00-00 00:00:00'),(1384,2023,172,2059,11,0,36,'0000-00-00 00:00:00','0000-00-00 00:00:00'),(1385,2023,256,2059,11,0,50,'0000-00-00 00:00:00','0000-00-00 00:00:00'),(1386,2023,256,2059,1,0,30,'0000-00-00 00:00:00','0000-00-00 00:00:00'),(1387,2023,174,2059,1,0,30,'0000-00-00 00:00:00','0000-00-00 00:00:00'),(1388,2023,174,2059,11,0,49,'0000-00-00 00:00:00','0000-00-00 00:00:00'),(1389,2023,172,2060,1,0,20,'0000-00-00 00:00:00','0000-00-00 00:00:00'),(1390,2023,172,2061,1,0,18,'0000-00-00 00:00:00','0000-00-00 00:00:00'),(1391,2023,172,2060,11,0,21,'0000-00-00 00:00:00','0000-00-00 00:00:00'),(1392,2023,172,2061,11,0,21,'0000-00-00 00:00:00','0000-00-00 00:00:00'),(1393,2023,256,2060,11,0,23,'0000-00-00 00:00:00','0000-00-00 00:00:00'),(1394,2023,256,2061,11,0,20,'0000-00-00 00:00:00','0000-00-00 00:00:00'),(1395,2023,256,2060,1,0,20,'0000-00-00 00:00:00','0000-00-00 00:00:00'),(1396,2023,256,2061,1,0,18,'0000-00-00 00:00:00','0000-00-00 00:00:00'),(1397,2023,174,2060,1,0,24,'0000-00-00 00:00:00','0000-00-00 00:00:00'),(1398,2023,174,2061,1,0,20,'0000-00-00 00:00:00','0000-00-00 00:00:00'),(1399,2023,174,2060,11,0,50,'0000-00-00 00:00:00','0000-00-00 00:00:00'),(1400,2023,174,2061,11,0,30,'0000-00-00 00:00:00','0000-00-00 00:00:00'),(1401,2002,194,2034,5,0,38,'0000-00-00 00:00:00','0000-00-00 00:00:00'),(1402,2002,194,2034,15,0,31,'0000-00-00 00:00:00','0000-00-00 00:00:00'),(1403,2002,195,2034,15,0,36,'0000-00-00 00:00:00','0000-00-00 00:00:00'),(1404,2002,195,2034,5,0,40,'0000-00-00 00:00:00','0000-00-00 00:00:00'),(1405,2002,196,2034,5,0,29,'0000-00-00 00:00:00','2016-03-31 22:11:38'),(1406,2002,197,2034,5,0,32,'0000-00-00 00:00:00','0000-00-00 00:00:00'),(1407,2002,197,2034,15,0,58,'0000-00-00 00:00:00','0000-00-00 00:00:00'),(1408,2002,198,2034,15,0,50,'0000-00-00 00:00:00','0000-00-00 00:00:00'),(1409,2002,198,2034,5,0,36,'0000-00-00 00:00:00','0000-00-00 00:00:00'),(1410,2002,199,2034,5,0,36,'0000-00-00 00:00:00','2016-03-31 21:33:51'),(1411,2002,200,2034,5,0,35,'0000-00-00 00:00:00','0000-00-00 00:00:00'),(1412,2002,200,2034,15,0,51,'0000-00-00 00:00:00','0000-00-00 00:00:00'),(1413,2002,201,2034,15,0,52,'0000-00-00 00:00:00','0000-00-00 00:00:00'),(1414,2002,201,2034,5,0,40,'0000-00-00 00:00:00','0000-00-00 00:00:00'),(1415,2002,202,2034,15,0,41,'0000-00-00 00:00:00','0000-00-00 00:00:00'),(1416,2002,202,2034,5,0,28,'0000-00-00 00:00:00','0000-00-00 00:00:00'),(1417,2002,204,2034,5,0,40,'0000-00-00 00:00:00','0000-00-00 00:00:00'),(1418,2002,204,2034,15,0,59,'0000-00-00 00:00:00','0000-00-00 00:00:00'),(1419,2002,205,2034,15,0,34,'0000-00-00 00:00:00','0000-00-00 00:00:00'),(1420,2002,205,2034,5,0,30,'0000-00-00 00:00:00','0000-00-00 00:00:00'),(1421,2002,206,2034,5,0,36,'0000-00-00 00:00:00','0000-00-00 00:00:00'),(1422,2002,206,2034,15,0,50,'0000-00-00 00:00:00','0000-00-00 00:00:00'),(1423,2002,207,2034,15,0,44,'0000-00-00 00:00:00','0000-00-00 00:00:00'),(1424,2002,207,2034,5,0,40,'0000-00-00 00:00:00','0000-00-00 00:00:00'),(1425,2002,208,2034,5,0,40,'0000-00-00 00:00:00','0000-00-00 00:00:00'),(1426,2002,208,2034,15,0,57,'0000-00-00 00:00:00','0000-00-00 00:00:00'),(1427,2002,245,2034,15,0,52,'0000-00-00 00:00:00','0000-00-00 00:00:00'),(1428,2002,245,2034,5,0,40,'0000-00-00 00:00:00','0000-00-00 00:00:00'),(1429,2002,199,2034,15,0,49,'0000-00-00 00:00:00','0000-00-00 00:00:00'),(1430,2002,257,2034,5,0,29,'0000-00-00 00:00:00','0000-00-00 00:00:00'),(1431,2002,257,2034,15,0,46,'0000-00-00 00:00:00','0000-00-00 00:00:00'),(1432,2002,258,2034,15,0,56,'0000-00-00 00:00:00','0000-00-00 00:00:00'),(1433,2002,258,2034,5,0,35,'0000-00-00 00:00:00','0000-00-00 00:00:00'),(1434,2002,196,2034,15,0,53,'0000-00-00 00:00:00','0000-00-00 00:00:00'),(1435,2002,194,2040,5,0,24,'0000-00-00 00:00:00','0000-00-00 00:00:00'),(1436,2002,194,2040,15,0,19,'0000-00-00 00:00:00','0000-00-00 00:00:00'),(1437,2002,195,2040,15,0,30,'0000-00-00 00:00:00','0000-00-00 00:00:00'),(1438,2002,195,2040,5,0,35,'0000-00-00 00:00:00','0000-00-00 00:00:00'),(1439,2002,195,2049,15,0,44,'0000-00-00 00:00:00','0000-00-00 00:00:00'),(1440,2002,195,2049,5,0,40,'0000-00-00 00:00:00','0000-00-00 00:00:00'),(1441,2002,196,2040,5,0,29,'0000-00-00 00:00:00','0000-00-00 00:00:00'),(1442,2002,196,2040,15,0,48,'0000-00-00 00:00:00','0000-00-00 00:00:00'),(1443,2002,197,2040,15,0,45,'0000-00-00 00:00:00','0000-00-00 00:00:00'),(1444,2002,197,2040,5,0,34,'0000-00-00 00:00:00','0000-00-00 00:00:00'),(1445,2002,198,2040,5,0,20,'0000-00-00 00:00:00','0000-00-00 00:00:00'),(1446,2002,198,2040,15,0,56,'0000-00-00 00:00:00','0000-00-00 00:00:00'),(1447,2002,199,2040,15,0,39,'0000-00-00 00:00:00','0000-00-00 00:00:00'),(1448,2002,199,2040,5,0,36,'0000-00-00 00:00:00','0000-00-00 00:00:00'),(1449,2002,200,2040,5,0,35,'0000-00-00 00:00:00','0000-00-00 00:00:00'),(1450,2002,200,2040,15,0,51,'0000-00-00 00:00:00','0000-00-00 00:00:00'),(1451,2002,200,2049,15,0,36,'0000-00-00 00:00:00','0000-00-00 00:00:00'),(1452,2002,200,2049,5,0,28,'0000-00-00 00:00:00','0000-00-00 00:00:00'),(1453,2002,201,2040,15,0,51,'0000-00-00 00:00:00','0000-00-00 00:00:00'),(1454,2002,201,2040,5,0,32,'0000-00-00 00:00:00','0000-00-00 00:00:00'),(1455,2002,202,2040,5,0,24,'0000-00-00 00:00:00','0000-00-00 00:00:00'),(1456,2002,202,2040,15,0,24,'0000-00-00 00:00:00','0000-00-00 00:00:00'),(1457,2002,202,2049,5,0,24,'0000-00-00 00:00:00','0000-00-00 00:00:00'),(1458,2002,202,2049,15,0,41,'0000-00-00 00:00:00','0000-00-00 00:00:00'),(1459,2002,203,2040,15,0,45,'0000-00-00 00:00:00','0000-00-00 00:00:00'),(1460,2002,203,2040,5,0,32,'0000-00-00 00:00:00','0000-00-00 00:00:00'),(1461,2002,204,2040,5,0,32,'0000-00-00 00:00:00','0000-00-00 00:00:00'),(1462,2002,204,2040,15,0,55,'0000-00-00 00:00:00','2016-03-31 22:51:27'),(1463,2002,204,2049,15,0,54,'0000-00-00 00:00:00','0000-00-00 00:00:00'),(1464,2002,204,2049,5,0,36,'0000-00-00 00:00:00','0000-00-00 00:00:00'),(1465,2002,205,2040,15,0,34,'0000-00-00 00:00:00','0000-00-00 00:00:00'),(1466,2002,205,2040,5,0,33,'0000-00-00 00:00:00','0000-00-00 00:00:00'),(1467,2002,206,2040,5,0,32,'0000-00-00 00:00:00','0000-00-00 00:00:00'),(1468,2002,206,2040,15,0,47,'0000-00-00 00:00:00','0000-00-00 00:00:00'),(1469,2002,207,2040,15,0,38,'0000-00-00 00:00:00','0000-00-00 00:00:00'),(1470,2002,207,2040,5,0,40,'0000-00-00 00:00:00','0000-00-00 00:00:00'),(1471,2002,208,2040,5,0,40,'0000-00-00 00:00:00','0000-00-00 00:00:00'),(1472,2002,208,2040,15,0,27,'0000-00-00 00:00:00','0000-00-00 00:00:00'),(1473,2002,245,2040,15,0,44,'0000-00-00 00:00:00','0000-00-00 00:00:00'),(1474,2002,245,2040,5,0,38,'0000-00-00 00:00:00','0000-00-00 00:00:00'),(1475,2002,257,2040,5,0,22,'0000-00-00 00:00:00','0000-00-00 00:00:00'),(1476,2002,257,2040,15,0,53,'0000-00-00 00:00:00','0000-00-00 00:00:00'),(1477,2002,258,2040,15,0,54,'0000-00-00 00:00:00','0000-00-00 00:00:00'),(1478,2002,258,2040,5,0,35,'0000-00-00 00:00:00','0000-00-00 00:00:00'),(1479,2002,257,2049,5,0,31,'0000-00-00 00:00:00','0000-00-00 00:00:00'),(1480,2002,257,2049,15,0,52,'0000-00-00 00:00:00','0000-00-00 00:00:00'),(1481,2002,258,2049,5,0,39,'0000-00-00 00:00:00','0000-00-00 00:00:00'),(1482,2002,258,2049,15,0,60,'0000-00-00 00:00:00','0000-00-00 00:00:00'),(1483,2002,192,2062,5,0,24,'0000-00-00 00:00:00','0000-00-00 00:00:00'),(1484,2002,192,2063,5,0,35,'0000-00-00 00:00:00','0000-00-00 00:00:00'),(1485,2002,192,2062,15,0,51,'0000-00-00 00:00:00','0000-00-00 00:00:00'),(1486,2002,192,2063,15,0,58,'0000-00-00 00:00:00','0000-00-00 00:00:00'),(1487,2002,193,2062,15,0,40,'0000-00-00 00:00:00','0000-00-00 00:00:00'),(1488,2002,193,2063,15,0,40,'0000-00-00 00:00:00','0000-00-00 00:00:00'),(1489,2002,193,2062,5,0,28,'0000-00-00 00:00:00','0000-00-00 00:00:00'),(1490,2002,193,2063,5,0,22,'0000-00-00 00:00:00','0000-00-00 00:00:00'),(1491,2002,194,2062,5,0,27,'0000-00-00 00:00:00','0000-00-00 00:00:00'),(1492,2002,194,2063,5,0,18,'0000-00-00 00:00:00','0000-00-00 00:00:00'),(1493,2002,194,2062,15,0,15,'0000-00-00 00:00:00','0000-00-00 00:00:00'),(1494,2002,194,2063,15,0,30,'0000-00-00 00:00:00','0000-00-00 00:00:00'),(1495,2002,195,2063,15,0,33,'0000-00-00 00:00:00','0000-00-00 00:00:00'),(1496,2002,195,2062,15,0,36,'0000-00-00 00:00:00','0000-00-00 00:00:00'),(1497,2002,195,2062,5,0,30,'0000-00-00 00:00:00','0000-00-00 00:00:00'),(1498,2002,195,2063,5,0,30,'0000-00-00 00:00:00','0000-00-00 00:00:00'),(1499,2002,196,2062,5,0,23,'0000-00-00 00:00:00','0000-00-00 00:00:00'),(1500,2002,196,2063,5,0,30,'0000-00-00 00:00:00','0000-00-00 00:00:00'),(1501,2002,196,2063,15,0,55,'0000-00-00 00:00:00','0000-00-00 00:00:00'),(1502,2002,196,2062,15,0,47,'0000-00-00 00:00:00','0000-00-00 00:00:00'),(1503,2002,197,2062,15,0,50,'0000-00-00 00:00:00','0000-00-00 00:00:00'),(1504,2002,197,2063,15,0,48,'0000-00-00 00:00:00','0000-00-00 00:00:00'),(1505,2002,197,2062,5,0,32,'0000-00-00 00:00:00','0000-00-00 00:00:00'),(1506,2002,197,2063,5,0,35,'0000-00-00 00:00:00','0000-00-00 00:00:00'),(1507,2002,198,2062,5,0,24,'0000-00-00 00:00:00','0000-00-00 00:00:00'),(1508,2002,198,2063,5,0,30,'0000-00-00 00:00:00','0000-00-00 00:00:00'),(1509,2002,198,2062,15,0,54,'0000-00-00 00:00:00','0000-00-00 00:00:00'),(1510,2002,198,2063,15,0,45,'0000-00-00 00:00:00','0000-00-00 00:00:00'),(1511,2002,199,2062,15,0,40,'0000-00-00 00:00:00','0000-00-00 00:00:00'),(1512,2002,199,2063,15,0,30,'0000-00-00 00:00:00','0000-00-00 00:00:00'),(1513,2002,199,2062,5,0,23,'0000-00-00 00:00:00','0000-00-00 00:00:00'),(1514,2002,199,2063,5,0,20,'0000-00-00 00:00:00','0000-00-00 00:00:00'),(1515,2002,200,2062,5,0,31,'0000-00-00 00:00:00','0000-00-00 00:00:00'),(1516,2002,200,2063,5,0,40,'0000-00-00 00:00:00','0000-00-00 00:00:00'),(1517,2002,200,2062,15,0,50,'0000-00-00 00:00:00','0000-00-00 00:00:00'),(1518,2002,200,2063,15,0,55,'0000-00-00 00:00:00','0000-00-00 00:00:00'),(1519,2002,201,2062,15,0,32,'0000-00-00 00:00:00','0000-00-00 00:00:00'),(1520,2002,201,2063,15,0,50,'0000-00-00 00:00:00','0000-00-00 00:00:00'),(1521,2002,201,2062,5,0,28,'0000-00-00 00:00:00','0000-00-00 00:00:00'),(1522,2002,201,2063,5,0,35,'0000-00-00 00:00:00','0000-00-00 00:00:00'),(1523,2002,202,2062,5,0,24,'0000-00-00 00:00:00','0000-00-00 00:00:00'),(1524,2002,202,2063,5,0,25,'0000-00-00 00:00:00','0000-00-00 00:00:00'),(1525,2002,203,2062,5,0,32,'0000-00-00 00:00:00','0000-00-00 00:00:00'),(1526,2002,203,2063,5,0,25,'0000-00-00 00:00:00','0000-00-00 00:00:00'),(1527,2002,203,2062,15,0,16,'0000-00-00 00:00:00','0000-00-00 00:00:00'),(1528,2002,203,2063,15,0,40,'0000-00-00 00:00:00','0000-00-00 00:00:00'),(1529,2002,204,2062,15,0,45,'0000-00-00 00:00:00','0000-00-00 00:00:00'),(1530,2002,204,2063,15,0,58,'0000-00-00 00:00:00','0000-00-00 00:00:00'),(1531,2002,204,2063,5,0,35,'0000-00-00 00:00:00','0000-00-00 00:00:00'),(1532,2002,204,2062,5,0,28,'0000-00-00 00:00:00','0000-00-00 00:00:00'),(1533,2002,205,2062,5,0,28,'0000-00-00 00:00:00','0000-00-00 00:00:00'),(1534,2002,205,2063,5,0,20,'0000-00-00 00:00:00','0000-00-00 00:00:00'),(1535,2002,205,2062,15,0,20,'0000-00-00 00:00:00','0000-00-00 00:00:00'),(1536,2002,205,2063,15,0,37,'0000-00-00 00:00:00','0000-00-00 00:00:00'),(1537,2002,206,2062,15,0,44,'0000-00-00 00:00:00','0000-00-00 00:00:00'),(1538,2002,206,2063,15,0,50,'0000-00-00 00:00:00','0000-00-00 00:00:00'),(1539,2002,206,2062,5,0,24,'0000-00-00 00:00:00','0000-00-00 00:00:00'),(1540,2002,206,2063,5,0,35,'0000-00-00 00:00:00','0000-00-00 00:00:00'),(1541,2002,207,2062,5,0,40,'0000-00-00 00:00:00','0000-00-00 00:00:00'),(1542,2002,207,2063,5,0,20,'0000-00-00 00:00:00','0000-00-00 00:00:00'),(1543,2002,207,2062,15,0,40,'0000-00-00 00:00:00','0000-00-00 00:00:00'),(1544,2002,207,2063,15,0,30,'0000-00-00 00:00:00','0000-00-00 00:00:00'),(1545,2002,208,2062,15,0,35,'0000-00-00 00:00:00','0000-00-00 00:00:00'),(1546,2002,208,2063,15,0,35,'0000-00-00 00:00:00','0000-00-00 00:00:00'),(1547,2002,208,2062,5,0,40,'0000-00-00 00:00:00','0000-00-00 00:00:00'),(1548,2002,208,2063,5,0,25,'0000-00-00 00:00:00','0000-00-00 00:00:00'),(1549,2002,245,2062,5,0,40,'0000-00-00 00:00:00','0000-00-00 00:00:00'),(1550,2002,245,2063,5,0,25,'0000-00-00 00:00:00','0000-00-00 00:00:00'),(1551,2002,245,2062,15,0,31,'0000-00-00 00:00:00','0000-00-00 00:00:00'),(1552,2002,245,2063,15,0,43,'0000-00-00 00:00:00','0000-00-00 00:00:00'),(1553,2002,257,2062,15,0,41,'0000-00-00 00:00:00','0000-00-00 00:00:00'),(1554,2002,257,2063,15,0,17,'0000-00-00 00:00:00','0000-00-00 00:00:00'),(1555,2002,257,2062,5,0,24,'0000-00-00 00:00:00','0000-00-00 00:00:00'),(1556,2002,257,2063,5,0,15,'0000-00-00 00:00:00','0000-00-00 00:00:00'),(1557,2002,258,2062,5,0,22,'0000-00-00 00:00:00','0000-00-00 00:00:00'),(1558,2002,258,2063,5,0,37,'0000-00-00 00:00:00','0000-00-00 00:00:00'),(1559,2002,258,2062,15,0,50,'0000-00-00 00:00:00','0000-00-00 00:00:00'),(1560,2002,258,2063,15,0,60,'0000-00-00 00:00:00','0000-00-00 00:00:00'),(1561,2002,202,2062,15,0,33,'0000-00-00 00:00:00','0000-00-00 00:00:00'),(1562,2002,202,2063,15,0,40,'0000-00-00 00:00:00','0000-00-00 00:00:00'),(1563,2032,176,2045,1,0,10,'0000-00-00 00:00:00','0000-00-00 00:00:00'),(1564,2032,176,2045,2,0,15,'0000-00-00 00:00:00','0000-00-00 00:00:00'),(1565,2032,177,2045,1,0,20,'0000-00-00 00:00:00','0000-00-00 00:00:00'),(1566,2032,177,2045,2,0,14,'0000-00-00 00:00:00','0000-00-00 00:00:00'),(1567,2032,182,2045,1,0,17,'0000-00-00 00:00:00','0000-00-00 00:00:00'),(1568,2032,182,2045,2,0,16,'0000-00-00 00:00:00','0000-00-00 00:00:00'),(1569,2032,190,2045,1,0,9,'0000-00-00 00:00:00','0000-00-00 00:00:00'),(1570,2032,190,2045,2,0,10,'0000-00-00 00:00:00','0000-00-00 00:00:00'),(1571,2032,185,2045,1,0,19,'0000-00-00 00:00:00','2016-07-05 08:14:50'),(1572,2032,185,2045,2,0,18,'0000-00-00 00:00:00','0000-00-00 00:00:00'),(1573,2032,183,2045,1,0,10,'0000-00-00 00:00:00','2016-07-05 08:30:17'),(1574,2032,183,2045,2,0,17,'0000-00-00 00:00:00','0000-00-00 00:00:00'),(1575,2032,189,2045,1,0,11,'0000-00-00 00:00:00','0000-00-00 00:00:00'),(1576,2032,189,2045,2,0,17,'0000-00-00 00:00:00','0000-00-00 00:00:00'),(1577,2032,186,2045,1,0,20,'0000-00-00 00:00:00','0000-00-00 00:00:00'),(1578,2032,186,2045,2,0,18,'0000-00-00 00:00:00','0000-00-00 00:00:00'),(1579,2032,187,2045,1,0,5,'0000-00-00 00:00:00','0000-00-00 00:00:00'),(1580,2032,187,2045,2,0,8,'0000-00-00 00:00:00','0000-00-00 00:00:00'),(1581,2032,179,2045,1,0,14,'0000-00-00 00:00:00','0000-00-00 00:00:00'),(1582,2032,179,2045,2,0,13,'0000-00-00 00:00:00','0000-00-00 00:00:00'),(1583,2032,191,2045,1,0,15,'0000-00-00 00:00:00','2016-07-05 08:18:18'),(1584,2032,191,2045,2,0,11,'0000-00-00 00:00:00','0000-00-00 00:00:00'),(1585,2032,180,2045,1,0,14,'0000-00-00 00:00:00','0000-00-00 00:00:00'),(1586,2032,180,2045,2,0,10,'0000-00-00 00:00:00','0000-00-00 00:00:00'),(1587,2032,181,2045,1,0,13,'0000-00-00 00:00:00','0000-00-00 00:00:00'),(1588,2032,181,2045,2,0,11,'0000-00-00 00:00:00','0000-00-00 00:00:00'),(1589,2032,178,2045,1,0,12,'0000-00-00 00:00:00','0000-00-00 00:00:00'),(1590,2032,178,2045,2,0,11,'0000-00-00 00:00:00','0000-00-00 00:00:00'),(1591,2032,188,2045,1,0,12,'0000-00-00 00:00:00','0000-00-00 00:00:00'),(1592,2032,188,2045,2,0,14,'0000-00-00 00:00:00','0000-00-00 00:00:00'),(1593,2032,255,2045,1,0,11,'0000-00-00 00:00:00','0000-00-00 00:00:00'),(1594,2032,255,2045,2,0,11,'0000-00-00 00:00:00','0000-00-00 00:00:00'),(1595,2032,255,2045,11,0,36,'0000-00-00 00:00:00','0000-00-00 00:00:00'),(1596,2032,188,2045,11,0,45,'0000-00-00 00:00:00','0000-00-00 00:00:00'),(1597,2032,178,2045,11,0,35,'0000-00-00 00:00:00','0000-00-00 00:00:00'),(1598,2032,181,2045,11,0,42,'0000-00-00 00:00:00','0000-00-00 00:00:00'),(1599,2032,180,2045,11,0,26,'0000-00-00 00:00:00','0000-00-00 00:00:00'),(1600,2032,191,2045,11,0,38,'0000-00-00 00:00:00','0000-00-00 00:00:00'),(1601,2032,179,2045,11,0,53,'0000-00-00 00:00:00','0000-00-00 00:00:00'),(1602,2032,187,2045,11,0,43,'0000-00-00 00:00:00','0000-00-00 00:00:00'),(1603,2032,186,2045,11,0,37,'0000-00-00 00:00:00','0000-00-00 00:00:00'),(1604,2032,189,2045,11,0,42,'0000-00-00 00:00:00','0000-00-00 00:00:00'),(1605,2032,183,2045,11,0,37,'0000-00-00 00:00:00','0000-00-00 00:00:00'),(1606,2032,185,2045,11,0,37,'0000-00-00 00:00:00','0000-00-00 00:00:00'),(1607,2032,190,2045,11,0,35,'0000-00-00 00:00:00','0000-00-00 00:00:00'),(1608,2032,182,2045,11,0,42,'0000-00-00 00:00:00','0000-00-00 00:00:00'),(1609,2032,177,2045,11,0,49,'0000-00-00 00:00:00','0000-00-00 00:00:00'),(1610,2032,176,2045,11,0,30,'0000-00-00 00:00:00','0000-00-00 00:00:00'),(1611,2032,176,2046,1,0,12,'0000-00-00 00:00:00','0000-00-00 00:00:00'),(1612,2032,176,2046,2,0,17,'0000-00-00 00:00:00','0000-00-00 00:00:00'),(1613,2032,177,2046,1,0,20,'0000-00-00 00:00:00','0000-00-00 00:00:00'),(1614,2032,177,2046,2,0,8,'0000-00-00 00:00:00','0000-00-00 00:00:00'),(1615,2032,182,2046,1,0,16,'0000-00-00 00:00:00','0000-00-00 00:00:00'),(1616,2032,182,2046,2,0,13,'0000-00-00 00:00:00','0000-00-00 00:00:00'),(1617,2032,190,2046,1,0,10,'0000-00-00 00:00:00','0000-00-00 00:00:00'),(1618,2032,190,2046,2,0,5,'0000-00-00 00:00:00','0000-00-00 00:00:00'),(1619,2032,185,2046,1,0,16,'0000-00-00 00:00:00','0000-00-00 00:00:00'),(1620,2032,185,2046,2,0,12,'0000-00-00 00:00:00','0000-00-00 00:00:00'),(1621,2032,183,2046,1,0,8,'0000-00-00 00:00:00','0000-00-00 00:00:00'),(1622,2032,183,2046,2,0,18,'0000-00-00 00:00:00','0000-00-00 00:00:00'),(1623,2032,189,2046,1,0,13,'0000-00-00 00:00:00','0000-00-00 00:00:00'),(1624,2032,189,2046,2,0,16,'0000-00-00 00:00:00','0000-00-00 00:00:00'),(1625,2032,186,2046,1,0,18,'0000-00-00 00:00:00','0000-00-00 00:00:00'),(1626,2032,186,2046,2,0,12,'0000-00-00 00:00:00','0000-00-00 00:00:00'),(1627,2032,184,2046,1,0,8,'0000-00-00 00:00:00','0000-00-00 00:00:00'),(1628,2032,184,2046,2,0,8,'0000-00-00 00:00:00','0000-00-00 00:00:00'),(1629,2032,187,2046,1,0,15,'0000-00-00 00:00:00','0000-00-00 00:00:00'),(1630,2032,187,2046,2,0,9,'0000-00-00 00:00:00','0000-00-00 00:00:00'),(1631,2032,179,2046,1,0,12,'0000-00-00 00:00:00','0000-00-00 00:00:00'),(1632,2032,179,2046,2,0,16,'0000-00-00 00:00:00','0000-00-00 00:00:00'),(1633,2032,191,2046,1,0,7,'0000-00-00 00:00:00','0000-00-00 00:00:00'),(1634,2032,191,2046,2,0,10,'0000-00-00 00:00:00','0000-00-00 00:00:00'),(1635,2032,180,2046,1,0,14,'0000-00-00 00:00:00','0000-00-00 00:00:00'),(1636,2032,180,2046,2,0,12,'0000-00-00 00:00:00','0000-00-00 00:00:00'),(1637,2032,181,2046,1,0,17,'0000-00-00 00:00:00','0000-00-00 00:00:00'),(1638,2032,181,2046,2,0,10,'0000-00-00 00:00:00','0000-00-00 00:00:00'),(1639,2032,178,2046,1,0,17,'0000-00-00 00:00:00','2016-07-05 10:49:07'),(1640,2032,178,2046,2,0,14,'0000-00-00 00:00:00','0000-00-00 00:00:00'),(1641,2032,188,2046,1,0,12,'0000-00-00 00:00:00','0000-00-00 00:00:00'),(1642,2032,188,2046,2,0,16,'0000-00-00 00:00:00','0000-00-00 00:00:00'),(1643,2032,255,2046,1,0,14,'0000-00-00 00:00:00','0000-00-00 00:00:00'),(1644,2032,255,2046,2,0,14,'0000-00-00 00:00:00','0000-00-00 00:00:00'),(1645,2032,255,2046,11,0,37,'0000-00-00 00:00:00','0000-00-00 00:00:00'),(1646,2032,188,2046,11,0,47,'0000-00-00 00:00:00','0000-00-00 00:00:00'),(1647,2032,178,2046,11,0,35,'0000-00-00 00:00:00','0000-00-00 00:00:00'),(1648,2032,181,2046,11,0,43,'0000-00-00 00:00:00','0000-00-00 00:00:00'),(1649,2032,180,2046,11,0,37,'0000-00-00 00:00:00','0000-00-00 00:00:00'),(1650,2032,191,2046,11,0,31,'0000-00-00 00:00:00','2016-07-05 11:01:36'),(1651,2032,179,2046,11,0,42,'0000-00-00 00:00:00','0000-00-00 00:00:00'),(1652,2032,187,2046,11,0,32,'0000-00-00 00:00:00','0000-00-00 00:00:00'),(1653,2032,184,2046,11,0,44,'0000-00-00 00:00:00','0000-00-00 00:00:00'),(1654,2032,186,2046,11,0,43,'0000-00-00 00:00:00','0000-00-00 00:00:00'),(1655,2032,189,2046,11,0,44,'0000-00-00 00:00:00','0000-00-00 00:00:00'),(1656,2032,183,2046,11,0,34,'0000-00-00 00:00:00','0000-00-00 00:00:00'),(1657,2032,185,2046,11,0,46,'0000-00-00 00:00:00','0000-00-00 00:00:00'),(1658,2032,190,2046,11,0,40,'0000-00-00 00:00:00','0000-00-00 00:00:00'),(1659,2032,177,2046,11,0,30,'0000-00-00 00:00:00','0000-00-00 00:00:00'),(1660,2032,176,2046,11,0,37,'0000-00-00 00:00:00','0000-00-00 00:00:00'),(1661,2032,182,2046,11,0,41,'0000-00-00 00:00:00','0000-00-00 00:00:00'),(1662,2032,176,2056,1,0,10,'0000-00-00 00:00:00','0000-00-00 00:00:00'),(1663,2032,177,2056,1,0,12,'0000-00-00 00:00:00','0000-00-00 00:00:00'),(1664,2032,182,2056,1,0,16,'0000-00-00 00:00:00','0000-00-00 00:00:00'),(1665,2032,190,2056,1,0,6,'0000-00-00 00:00:00','0000-00-00 00:00:00'),(1666,2032,185,2056,1,0,14,'0000-00-00 00:00:00','0000-00-00 00:00:00'),(1667,2032,183,2056,1,0,10,'0000-00-00 00:00:00','0000-00-00 00:00:00'),(1668,2032,189,2056,1,0,8,'0000-00-00 00:00:00','0000-00-00 00:00:00'),(1669,2032,186,2056,1,0,15,'0000-00-00 00:00:00','0000-00-00 00:00:00'),(1670,2032,184,2056,1,0,2,'0000-00-00 00:00:00','0000-00-00 00:00:00'),(1671,2032,187,2056,1,0,9,'0000-00-00 00:00:00','0000-00-00 00:00:00'),(1672,2032,179,2056,1,0,12,'0000-00-00 00:00:00','0000-00-00 00:00:00'),(1673,2032,191,2056,1,0,7,'0000-00-00 00:00:00','0000-00-00 00:00:00'),(1674,2032,180,2056,1,0,9,'0000-00-00 00:00:00','0000-00-00 00:00:00'),(1675,2032,181,2056,1,0,8,'0000-00-00 00:00:00','0000-00-00 00:00:00'),(1676,2032,178,2056,1,0,12,'0000-00-00 00:00:00','0000-00-00 00:00:00'),(1677,2032,188,2056,1,0,10,'0000-00-00 00:00:00','0000-00-00 00:00:00'),(1678,2032,255,2056,1,0,10,'0000-00-00 00:00:00','0000-00-00 00:00:00'),(1679,2032,255,2056,2,0,10,'0000-00-00 00:00:00','0000-00-00 00:00:00'),(1680,2032,188,2056,2,0,13,'0000-00-00 00:00:00','0000-00-00 00:00:00'),(1681,2032,178,2056,2,0,10,'0000-00-00 00:00:00','0000-00-00 00:00:00'),(1682,2032,181,2056,2,0,8,'0000-00-00 00:00:00','0000-00-00 00:00:00'),(1683,2032,180,2056,2,0,7,'0000-00-00 00:00:00','0000-00-00 00:00:00'),(1684,2032,191,2056,2,0,7,'0000-00-00 00:00:00','0000-00-00 00:00:00'),(1685,2032,179,2056,2,0,16,'0000-00-00 00:00:00','0000-00-00 00:00:00'),(1686,2032,187,2056,2,0,2,'0000-00-00 00:00:00','0000-00-00 00:00:00'),(1687,2032,184,2056,2,0,10,'0000-00-00 00:00:00','0000-00-00 00:00:00'),(1688,2032,186,2056,2,0,10,'0000-00-00 00:00:00','0000-00-00 00:00:00'),(1689,2032,189,2056,2,0,18,'0000-00-00 00:00:00','0000-00-00 00:00:00'),(1690,2032,183,2056,2,0,18,'0000-00-00 00:00:00','0000-00-00 00:00:00'),(1691,2032,185,2056,2,0,10,'0000-00-00 00:00:00','0000-00-00 00:00:00'),(1692,2032,190,2056,2,0,3,'0000-00-00 00:00:00','0000-00-00 00:00:00'),(1693,2032,182,2056,2,0,13,'0000-00-00 00:00:00','0000-00-00 00:00:00'),(1694,2032,177,2056,2,0,10,'0000-00-00 00:00:00','0000-00-00 00:00:00'),(1695,2032,176,2056,2,0,15,'0000-00-00 00:00:00','0000-00-00 00:00:00'),(1696,2032,176,2056,11,0,31,'0000-00-00 00:00:00','0000-00-00 00:00:00'),(1697,2032,177,2056,11,0,38,'0000-00-00 00:00:00','0000-00-00 00:00:00'),(1698,2032,182,2056,11,0,40,'0000-00-00 00:00:00','0000-00-00 00:00:00'),(1699,2032,190,2056,11,0,36,'0000-00-00 00:00:00','0000-00-00 00:00:00'),(1700,2032,185,2056,11,0,45,'0000-00-00 00:00:00','0000-00-00 00:00:00'),(1701,2032,183,2056,11,0,39,'0000-00-00 00:00:00','0000-00-00 00:00:00'),(1702,2032,189,2056,11,0,40,'0000-00-00 00:00:00','0000-00-00 00:00:00'),(1703,2032,186,2056,11,0,41,'0000-00-00 00:00:00','0000-00-00 00:00:00'),(1704,2032,184,2056,11,0,39,'0000-00-00 00:00:00','0000-00-00 00:00:00'),(1705,2032,187,2056,11,0,46,'0000-00-00 00:00:00','0000-00-00 00:00:00'),(1706,2032,179,2056,11,0,45,'0000-00-00 00:00:00','0000-00-00 00:00:00'),(1707,2032,191,2056,11,0,39,'0000-00-00 00:00:00','0000-00-00 00:00:00'),(1708,2032,180,2056,11,0,30,'0000-00-00 00:00:00','0000-00-00 00:00:00'),(1709,2032,181,2056,11,0,37,'0000-00-00 00:00:00','0000-00-00 00:00:00'),(1710,2032,178,2056,11,0,18,'0000-00-00 00:00:00','0000-00-00 00:00:00'),(1711,2032,188,2056,11,0,35,'0000-00-00 00:00:00','0000-00-00 00:00:00'),(1712,2032,255,2056,11,0,34,'0000-00-00 00:00:00','0000-00-00 00:00:00'),(1713,2032,176,2057,1,0,16,'0000-00-00 00:00:00','0000-00-00 00:00:00'),(1714,2032,176,2057,2,0,18,'0000-00-00 00:00:00','0000-00-00 00:00:00'),(1715,2032,177,2057,1,0,20,'0000-00-00 00:00:00','0000-00-00 00:00:00'),(1716,2032,177,2057,2,0,16,'0000-00-00 00:00:00','0000-00-00 00:00:00'),(1717,2032,182,2057,1,0,12,'0000-00-00 00:00:00','0000-00-00 00:00:00'),(1718,2032,182,2057,2,0,20,'0000-00-00 00:00:00','0000-00-00 00:00:00'),(1719,2032,190,2057,1,0,13,'0000-00-00 00:00:00','2016-07-05 11:59:39'),(1720,2032,190,2057,2,0,9,'0000-00-00 00:00:00','0000-00-00 00:00:00'),(1721,2032,185,2057,1,0,19,'0000-00-00 00:00:00','0000-00-00 00:00:00'),(1722,2032,185,2057,2,0,20,'0000-00-00 00:00:00','0000-00-00 00:00:00'),(1723,2032,183,2057,1,0,20,'0000-00-00 00:00:00','0000-00-00 00:00:00'),(1724,2032,183,2057,2,0,17,'0000-00-00 00:00:00','0000-00-00 00:00:00'),(1725,2032,189,2057,1,0,11,'0000-00-00 00:00:00','0000-00-00 00:00:00'),(1726,2032,189,2057,2,0,20,'0000-00-00 00:00:00','0000-00-00 00:00:00'),(1727,2032,186,2057,1,0,18,'0000-00-00 00:00:00','0000-00-00 00:00:00'),(1728,2032,186,2057,2,0,13,'0000-00-00 00:00:00','0000-00-00 00:00:00'),(1729,2032,187,2057,1,0,15,'0000-00-00 00:00:00','2016-07-05 12:02:37'),(1730,2032,187,2057,2,0,16,'0000-00-00 00:00:00','0000-00-00 00:00:00'),(1731,2032,179,2057,1,0,10,'0000-00-00 00:00:00','0000-00-00 00:00:00'),(1732,2032,179,2057,2,0,10,'0000-00-00 00:00:00','0000-00-00 00:00:00'),(1733,2032,191,2057,1,0,18,'0000-00-00 00:00:00','0000-00-00 00:00:00'),(1734,2032,191,2057,2,0,13,'0000-00-00 00:00:00','0000-00-00 00:00:00'),(1735,2032,180,2057,1,0,17,'0000-00-00 00:00:00','0000-00-00 00:00:00'),(1736,2032,180,2057,2,0,14,'0000-00-00 00:00:00','2016-07-05 12:04:43'),(1737,2032,181,2057,1,0,20,'0000-00-00 00:00:00','0000-00-00 00:00:00'),(1738,2032,181,2057,2,0,18,'0000-00-00 00:00:00','0000-00-00 00:00:00'),(1739,2032,178,2057,1,0,17,'0000-00-00 00:00:00','0000-00-00 00:00:00'),(1740,2032,178,2057,2,0,18,'0000-00-00 00:00:00','0000-00-00 00:00:00'),(1741,2032,188,2057,1,0,14,'0000-00-00 00:00:00','0000-00-00 00:00:00'),(1742,2032,188,2057,2,0,16,'0000-00-00 00:00:00','0000-00-00 00:00:00'),(1743,2032,255,2057,1,0,11,'0000-00-00 00:00:00','0000-00-00 00:00:00'),(1744,2032,255,2057,2,0,11,'0000-00-00 00:00:00','0000-00-00 00:00:00'),(1745,2032,255,2057,11,0,41,'0000-00-00 00:00:00','0000-00-00 00:00:00'),(1746,2032,188,2057,11,0,49,'0000-00-00 00:00:00','0000-00-00 00:00:00'),(1747,2032,178,2057,11,0,48,'0000-00-00 00:00:00','0000-00-00 00:00:00'),(1748,2032,181,2057,11,0,52,'0000-00-00 00:00:00','0000-00-00 00:00:00'),(1749,2032,180,2057,11,0,40,'0000-00-00 00:00:00','0000-00-00 00:00:00'),(1750,2032,191,2057,11,0,38,'0000-00-00 00:00:00','0000-00-00 00:00:00'),(1751,2032,179,2057,11,0,53,'0000-00-00 00:00:00','0000-00-00 00:00:00'),(1752,2032,187,2057,11,0,43,'0000-00-00 00:00:00','0000-00-00 00:00:00'),(1753,2032,186,2057,11,0,49,'0000-00-00 00:00:00','0000-00-00 00:00:00'),(1754,2032,189,2057,11,0,48,'0000-00-00 00:00:00','0000-00-00 00:00:00'),(1755,2032,183,2057,11,0,49,'0000-00-00 00:00:00','0000-00-00 00:00:00'),(1756,2032,185,2057,11,0,49,'0000-00-00 00:00:00','0000-00-00 00:00:00'),(1757,2032,190,2057,11,0,47,'0000-00-00 00:00:00','0000-00-00 00:00:00'),(1758,2032,182,2057,11,0,51,'0000-00-00 00:00:00','0000-00-00 00:00:00'),(1759,2032,177,2057,11,0,39,'0000-00-00 00:00:00','0000-00-00 00:00:00'),(1760,2032,176,2057,11,0,41,'0000-00-00 00:00:00','0000-00-00 00:00:00'),(1761,2012,227,2025,24,0,18,'0000-00-00 00:00:00','0000-00-00 00:00:00'),(1762,2012,227,2025,25,0,18,'0000-00-00 00:00:00','0000-00-00 00:00:00'),(1763,2012,228,2025,24,0,15,'0000-00-00 00:00:00','0000-00-00 00:00:00'),(1764,2012,228,2025,25,0,17,'0000-00-00 00:00:00','0000-00-00 00:00:00'),(1765,2012,234,2025,24,0,10,'0000-00-00 00:00:00','0000-00-00 00:00:00'),(1766,2012,234,2025,25,0,12,'0000-00-00 00:00:00','0000-00-00 00:00:00'),(1767,2012,229,2025,24,0,17,'0000-00-00 00:00:00','0000-00-00 00:00:00'),(1768,2012,229,2025,25,0,19,'0000-00-00 00:00:00','0000-00-00 00:00:00'),(1769,2012,240,2025,24,0,18,'0000-00-00 00:00:00','0000-00-00 00:00:00'),(1770,2012,240,2025,25,0,13,'0000-00-00 00:00:00','0000-00-00 00:00:00'),(1771,2012,240,2025,17,0,55,'0000-00-00 00:00:00','0000-00-00 00:00:00'),(1772,2012,229,2025,17,0,51,'0000-00-00 00:00:00','0000-00-00 00:00:00'),(1773,2012,234,2025,17,0,54,'0000-00-00 00:00:00','0000-00-00 00:00:00'),(1774,2012,228,2025,17,0,45,'0000-00-00 00:00:00','0000-00-00 00:00:00'),(1775,2012,227,2025,17,0,51,'0000-00-00 00:00:00','0000-00-00 00:00:00'),(1776,2012,237,2025,24,0,16,'0000-00-00 00:00:00','0000-00-00 00:00:00'),(1777,2012,237,2025,25,0,12,'0000-00-00 00:00:00','0000-00-00 00:00:00'),(1778,2012,237,2025,17,0,53,'0000-00-00 00:00:00','0000-00-00 00:00:00'),(1779,2012,238,2025,24,0,18,'0000-00-00 00:00:00','0000-00-00 00:00:00'),(1780,2012,238,2025,25,0,15,'0000-00-00 00:00:00','0000-00-00 00:00:00'),(1781,2012,238,2025,17,0,56,'0000-00-00 00:00:00','0000-00-00 00:00:00'),(1782,2012,239,2025,24,0,19,'0000-00-00 00:00:00','0000-00-00 00:00:00'),(1783,2012,239,2025,25,0,18,'0000-00-00 00:00:00','0000-00-00 00:00:00'),(1784,2012,239,2025,17,0,50,'0000-00-00 00:00:00','0000-00-00 00:00:00'),(1785,2012,241,2025,24,0,19,'0000-00-00 00:00:00','0000-00-00 00:00:00'),(1786,2012,241,2025,25,0,17,'0000-00-00 00:00:00','0000-00-00 00:00:00'),(1787,2012,241,2025,17,0,48,'0000-00-00 00:00:00','0000-00-00 00:00:00'),(1788,2012,244,2025,24,0,19,'0000-00-00 00:00:00','0000-00-00 00:00:00'),(1789,2012,244,2025,25,0,17,'0000-00-00 00:00:00','0000-00-00 00:00:00'),(1790,2012,244,2025,17,0,55,'0000-00-00 00:00:00','0000-00-00 00:00:00'),(1791,2012,232,2025,24,0,18,'0000-00-00 00:00:00','0000-00-00 00:00:00'),(1792,2012,232,2025,25,0,20,'0000-00-00 00:00:00','0000-00-00 00:00:00'),(1793,2012,232,2025,17,0,49,'0000-00-00 00:00:00','0000-00-00 00:00:00'),(1794,2012,233,2025,24,0,20,'0000-00-00 00:00:00','0000-00-00 00:00:00'),(1795,2012,233,2025,25,0,20,'0000-00-00 00:00:00','0000-00-00 00:00:00'),(1796,2012,233,2025,17,0,30,'0000-00-00 00:00:00','0000-00-00 00:00:00'),(1797,2012,242,2025,24,0,18,'0000-00-00 00:00:00','0000-00-00 00:00:00'),(1798,2012,242,2025,25,0,12,'0000-00-00 00:00:00','0000-00-00 00:00:00'),(1799,2012,242,2025,17,0,53,'0000-00-00 00:00:00','0000-00-00 00:00:00'),(1800,2012,243,2025,24,0,20,'0000-00-00 00:00:00','0000-00-00 00:00:00'),(1801,2012,243,2025,25,0,17,'0000-00-00 00:00:00','0000-00-00 00:00:00'),(1802,2012,243,2025,17,0,45,'0000-00-00 00:00:00','0000-00-00 00:00:00'),(1803,2012,235,2025,24,0,17,'0000-00-00 00:00:00','0000-00-00 00:00:00'),(1804,2012,235,2025,25,0,17,'0000-00-00 00:00:00','0000-00-00 00:00:00'),(1805,2012,235,2025,17,0,53,'0000-00-00 00:00:00','0000-00-00 00:00:00'),(1806,2012,231,2025,24,0,12,'0000-00-00 00:00:00','0000-00-00 00:00:00'),(1807,2012,231,2025,25,0,13,'0000-00-00 00:00:00','0000-00-00 00:00:00'),(1808,2012,231,2025,17,0,52,'0000-00-00 00:00:00','0000-00-00 00:00:00'),(1809,2012,230,2025,24,0,20,'0000-00-00 00:00:00','0000-00-00 00:00:00'),(1810,2012,230,2025,25,0,18,'0000-00-00 00:00:00','0000-00-00 00:00:00'),(1811,2012,230,2025,17,0,58,'0000-00-00 00:00:00','0000-00-00 00:00:00'),(1812,2012,249,2025,24,0,20,'0000-00-00 00:00:00','0000-00-00 00:00:00'),(1813,2012,249,2025,25,0,18,'0000-00-00 00:00:00','0000-00-00 00:00:00'),(1814,2012,249,2025,17,0,51,'0000-00-00 00:00:00','0000-00-00 00:00:00'),(1815,2012,236,2025,24,0,14,'0000-00-00 00:00:00','0000-00-00 00:00:00'),(1816,2012,236,2025,25,0,16,'0000-00-00 00:00:00','0000-00-00 00:00:00'),(1817,2012,236,2025,17,0,48,'0000-00-00 00:00:00','0000-00-00 00:00:00'),(1818,2012,250,2025,24,0,17,'0000-00-00 00:00:00','0000-00-00 00:00:00'),(1819,2012,250,2025,25,0,20,'0000-00-00 00:00:00','0000-00-00 00:00:00'),(1820,2012,250,2025,17,0,45,'0000-00-00 00:00:00','0000-00-00 00:00:00'),(1821,2012,227,2039,24,0,18,'0000-00-00 00:00:00','0000-00-00 00:00:00'),(1822,2012,227,2039,25,0,12,'0000-00-00 00:00:00','0000-00-00 00:00:00'),(1823,2012,227,2039,17,0,48,'0000-00-00 00:00:00','0000-00-00 00:00:00'),(1824,2012,228,2039,24,0,12,'0000-00-00 00:00:00','0000-00-00 00:00:00'),(1825,2012,228,2039,25,0,15,'0000-00-00 00:00:00','0000-00-00 00:00:00'),(1826,2012,228,2039,17,0,35,'0000-00-00 00:00:00','0000-00-00 00:00:00'),(1827,2012,234,2039,24,0,12,'0000-00-00 00:00:00','0000-00-00 00:00:00'),(1828,2012,234,2039,25,0,8,'0000-00-00 00:00:00','0000-00-00 00:00:00'),(1829,2012,229,2039,24,0,19,'0000-00-00 00:00:00','0000-00-00 00:00:00'),(1830,2012,229,2039,25,0,15,'0000-00-00 00:00:00','0000-00-00 00:00:00'),(1831,2012,229,2039,17,0,41,'0000-00-00 00:00:00','0000-00-00 00:00:00'),(1832,2012,240,2039,24,0,20,'0000-00-00 00:00:00','0000-00-00 00:00:00'),(1833,2012,240,2039,25,0,19,'0000-00-00 00:00:00','0000-00-00 00:00:00'),(1834,2012,240,2039,17,0,49,'0000-00-00 00:00:00','0000-00-00 00:00:00'),(1835,2012,237,2039,24,0,17,'0000-00-00 00:00:00','0000-00-00 00:00:00'),(1836,2012,237,2039,25,0,10,'0000-00-00 00:00:00','0000-00-00 00:00:00'),(1837,2012,237,2039,17,0,49,'0000-00-00 00:00:00','0000-00-00 00:00:00'),(1838,2012,238,2039,24,0,16,'0000-00-00 00:00:00','0000-00-00 00:00:00'),(1839,2012,238,2039,25,0,14,'0000-00-00 00:00:00','0000-00-00 00:00:00'),(1840,2012,238,2039,17,0,50,'0000-00-00 00:00:00','0000-00-00 00:00:00'),(1841,2012,241,2039,24,0,11,'0000-00-00 00:00:00','0000-00-00 00:00:00'),(1842,2012,241,2039,25,0,15,'0000-00-00 00:00:00','0000-00-00 00:00:00'),(1843,2012,241,2039,17,0,45,'0000-00-00 00:00:00','0000-00-00 00:00:00'),(1844,2012,244,2039,24,0,16,'0000-00-00 00:00:00','0000-00-00 00:00:00'),(1845,2012,244,2039,25,0,14,'0000-00-00 00:00:00','0000-00-00 00:00:00'),(1846,2012,244,2039,17,0,44,'0000-00-00 00:00:00','0000-00-00 00:00:00'),(1847,2012,232,2039,24,0,17,'0000-00-00 00:00:00','0000-00-00 00:00:00'),(1848,2012,232,2039,25,0,12,'0000-00-00 00:00:00','0000-00-00 00:00:00'),(1849,2012,232,2039,17,0,45,'0000-00-00 00:00:00','0000-00-00 00:00:00'),(1850,2012,233,2039,24,0,20,'0000-00-00 00:00:00','0000-00-00 00:00:00'),(1851,2012,233,2039,25,0,16,'0000-00-00 00:00:00','0000-00-00 00:00:00'),(1852,2012,233,2039,17,0,35,'0000-00-00 00:00:00','0000-00-00 00:00:00'),(1853,2012,242,2039,24,0,16,'0000-00-00 00:00:00','0000-00-00 00:00:00'),(1854,2012,242,2039,25,0,10,'0000-00-00 00:00:00','0000-00-00 00:00:00'),(1855,2012,242,2039,17,0,46,'0000-00-00 00:00:00','0000-00-00 00:00:00'),(1856,2012,243,2039,24,0,11,'0000-00-00 00:00:00','0000-00-00 00:00:00'),(1857,2012,243,2039,25,0,13,'0000-00-00 00:00:00','0000-00-00 00:00:00'),(1858,2012,243,2039,17,0,27,'0000-00-00 00:00:00','0000-00-00 00:00:00'),(1859,2012,235,2039,24,0,14,'0000-00-00 00:00:00','0000-00-00 00:00:00'),(1860,2012,235,2039,25,0,14,'0000-00-00 00:00:00','0000-00-00 00:00:00'),(1861,2012,235,2039,17,0,42,'0000-00-00 00:00:00','0000-00-00 00:00:00'),(1862,2012,231,2039,24,0,13,'0000-00-00 00:00:00','0000-00-00 00:00:00'),(1863,2012,231,2039,25,0,10,'0000-00-00 00:00:00','0000-00-00 00:00:00'),(1864,2012,231,2039,17,0,42,'0000-00-00 00:00:00','0000-00-00 00:00:00'),(1865,2012,230,2039,24,0,8,'0000-00-00 00:00:00','0000-00-00 00:00:00'),(1866,2012,230,2039,25,0,14,'0000-00-00 00:00:00','0000-00-00 00:00:00'),(1867,2012,230,2039,17,0,51,'0000-00-00 00:00:00','0000-00-00 00:00:00'),(1868,2012,249,2039,24,0,5,'0000-00-00 00:00:00','0000-00-00 00:00:00'),(1869,2012,249,2039,25,0,4,'0000-00-00 00:00:00','0000-00-00 00:00:00'),(1870,2012,249,2039,17,0,47,'0000-00-00 00:00:00','0000-00-00 00:00:00'),(1871,2012,236,2039,24,0,14,'0000-00-00 00:00:00','0000-00-00 00:00:00'),(1872,2012,236,2039,25,0,14,'0000-00-00 00:00:00','0000-00-00 00:00:00'),(1873,2012,236,2039,17,0,45,'0000-00-00 00:00:00','0000-00-00 00:00:00'),(1874,2012,250,2039,24,0,17,'0000-00-00 00:00:00','0000-00-00 00:00:00'),(1875,2012,250,2039,25,0,19,'0000-00-00 00:00:00','0000-00-00 00:00:00'),(1876,2012,250,2039,17,0,30,'0000-00-00 00:00:00','0000-00-00 00:00:00'),(1877,2012,234,2039,17,0,43,'0000-00-00 00:00:00','0000-00-00 00:00:00'),(1878,2012,227,2052,24,0,10,'0000-00-00 00:00:00','0000-00-00 00:00:00'),(1879,2012,227,2052,25,0,13,'0000-00-00 00:00:00','0000-00-00 00:00:00'),(1880,2012,227,2052,17,0,37,'0000-00-00 00:00:00','0000-00-00 00:00:00'),(1881,2012,228,2052,24,0,5,'0000-00-00 00:00:00','0000-00-00 00:00:00'),(1882,2012,228,2052,25,0,8,'0000-00-00 00:00:00','0000-00-00 00:00:00'),(1883,2012,228,2052,17,0,35,'0000-00-00 00:00:00','0000-00-00 00:00:00'),(1884,2012,234,2052,24,0,12,'0000-00-00 00:00:00','0000-00-00 00:00:00'),(1885,2012,234,2052,25,0,6,'0000-00-00 00:00:00','0000-00-00 00:00:00'),(1886,2012,234,2052,17,0,46,'0000-00-00 00:00:00','0000-00-00 00:00:00'),(1887,2012,229,2052,24,0,10,'0000-00-00 00:00:00','0000-00-00 00:00:00'),(1888,2012,229,2052,25,0,14,'0000-00-00 00:00:00','0000-00-00 00:00:00'),(1889,2012,229,2052,17,0,47,'0000-00-00 00:00:00','0000-00-00 00:00:00'),(1890,2012,240,2052,24,0,12,'0000-00-00 00:00:00','0000-00-00 00:00:00'),(1891,2012,240,2052,25,0,7,'0000-00-00 00:00:00','0000-00-00 00:00:00'),(1892,2012,240,2052,17,0,47,'0000-00-00 00:00:00','0000-00-00 00:00:00'),(1893,2012,237,2052,24,0,5,'0000-00-00 00:00:00','0000-00-00 00:00:00'),(1894,2012,237,2052,25,0,8,'0000-00-00 00:00:00','0000-00-00 00:00:00'),(1895,2012,237,2052,17,0,41,'0000-00-00 00:00:00','0000-00-00 00:00:00'),(1896,2012,238,2052,24,0,14,'0000-00-00 00:00:00','0000-00-00 00:00:00'),(1897,2012,238,2052,25,0,8,'0000-00-00 00:00:00','0000-00-00 00:00:00'),(1898,2012,238,2052,17,0,35,'0000-00-00 00:00:00','0000-00-00 00:00:00'),(1899,2012,239,2052,24,0,17,'0000-00-00 00:00:00','0000-00-00 00:00:00'),(1900,2012,239,2052,25,0,10,'0000-00-00 00:00:00','0000-00-00 00:00:00'),(1901,2012,239,2052,17,0,36,'0000-00-00 00:00:00','0000-00-00 00:00:00'),(1902,2012,241,2052,24,0,8,'0000-00-00 00:00:00','0000-00-00 00:00:00'),(1903,2012,241,2052,25,0,10,'0000-00-00 00:00:00','0000-00-00 00:00:00'),(1904,2012,241,2052,17,0,38,'0000-00-00 00:00:00','0000-00-00 00:00:00'),(1905,2012,244,2052,24,0,11,'0000-00-00 00:00:00','0000-00-00 00:00:00'),(1906,2012,244,2052,25,0,13,'0000-00-00 00:00:00','0000-00-00 00:00:00'),(1907,2012,244,2052,17,0,39,'0000-00-00 00:00:00','0000-00-00 00:00:00'),(1908,2012,232,2052,24,0,12,'0000-00-00 00:00:00','0000-00-00 00:00:00'),(1909,2012,232,2052,25,0,10,'0000-00-00 00:00:00','0000-00-00 00:00:00'),(1910,2012,232,2052,17,0,37,'0000-00-00 00:00:00','0000-00-00 00:00:00'),(1911,2012,233,2052,24,0,20,'0000-00-00 00:00:00','0000-00-00 00:00:00'),(1912,2012,233,2052,25,0,20,'0000-00-00 00:00:00','0000-00-00 00:00:00'),(1913,2012,233,2052,17,0,21,'0000-00-00 00:00:00','0000-00-00 00:00:00'),(1914,2012,242,2052,24,0,10,'0000-00-00 00:00:00','0000-00-00 00:00:00'),(1915,2012,242,2052,25,0,9,'0000-00-00 00:00:00','0000-00-00 00:00:00'),(1916,2012,242,2052,17,0,45,'0000-00-00 00:00:00','0000-00-00 00:00:00'),(1917,2012,243,2052,24,0,11,'0000-00-00 00:00:00','0000-00-00 00:00:00'),(1918,2012,243,2052,25,0,10,'0000-00-00 00:00:00','0000-00-00 00:00:00'),(1919,2012,243,2052,17,0,31,'0000-00-00 00:00:00','0000-00-00 00:00:00'),(1920,2012,235,2052,24,0,14,'0000-00-00 00:00:00','0000-00-00 00:00:00'),(1921,2012,235,2052,25,0,11,'0000-00-00 00:00:00','0000-00-00 00:00:00'),(1922,2012,235,2052,17,0,41,'0000-00-00 00:00:00','0000-00-00 00:00:00'),(1923,2012,231,2052,24,0,14,'0000-00-00 00:00:00','0000-00-00 00:00:00'),(1924,2012,231,2052,25,0,15,'0000-00-00 00:00:00','0000-00-00 00:00:00'),(1925,2012,231,2052,17,0,30,'0000-00-00 00:00:00','0000-00-00 00:00:00'),(1926,2012,230,2052,24,0,11,'0000-00-00 00:00:00','0000-00-00 00:00:00'),(1927,2012,230,2052,25,0,16,'0000-00-00 00:00:00','0000-00-00 00:00:00'),(1928,2012,230,2052,17,0,46,'0000-00-00 00:00:00','0000-00-00 00:00:00'),(1929,2012,249,2052,24,0,15,'0000-00-00 00:00:00','0000-00-00 00:00:00'),(1930,2012,249,2052,25,0,10,'0000-00-00 00:00:00','0000-00-00 00:00:00'),(1931,2012,249,2052,17,0,45,'0000-00-00 00:00:00','0000-00-00 00:00:00'),(1932,2012,236,2052,24,0,15,'0000-00-00 00:00:00','0000-00-00 00:00:00'),(1933,2012,236,2052,25,0,15,'0000-00-00 00:00:00','0000-00-00 00:00:00'),(1934,2012,236,2052,17,0,40,'0000-00-00 00:00:00','0000-00-00 00:00:00'),(1935,2012,250,2052,24,0,10,'0000-00-00 00:00:00','0000-00-00 00:00:00'),(1936,2012,250,2052,25,0,14,'0000-00-00 00:00:00','0000-00-00 00:00:00'),(1937,2012,250,2052,17,0,36,'0000-00-00 00:00:00','0000-00-00 00:00:00'),(1938,2012,227,2053,24,0,14,'0000-00-00 00:00:00','0000-00-00 00:00:00'),(1939,2012,227,2053,25,0,9,'0000-00-00 00:00:00','0000-00-00 00:00:00'),(1940,2012,227,2053,17,0,29,'0000-00-00 00:00:00','0000-00-00 00:00:00'),(1941,2012,228,2053,24,0,5,'0000-00-00 00:00:00','0000-00-00 00:00:00'),(1942,2012,228,2053,25,0,10,'0000-00-00 00:00:00','0000-00-00 00:00:00'),(1943,2012,228,2053,17,0,31,'0000-00-00 00:00:00','0000-00-00 00:00:00'),(1944,2012,234,2053,24,0,5,'0000-00-00 00:00:00','0000-00-00 00:00:00'),(1945,2012,234,2053,25,0,5,'0000-00-00 00:00:00','0000-00-00 00:00:00'),(1946,2012,234,2053,17,0,40,'0000-00-00 00:00:00','0000-00-00 00:00:00'),(1947,2012,229,2053,24,0,5,'0000-00-00 00:00:00','0000-00-00 00:00:00'),(1948,2012,229,2053,25,0,11,'0000-00-00 00:00:00','0000-00-00 00:00:00'),(1949,2012,229,2053,17,0,32,'0000-00-00 00:00:00','0000-00-00 00:00:00'),(1950,2012,240,2053,24,0,14,'0000-00-00 00:00:00','0000-00-00 00:00:00'),(1951,2012,240,2053,25,0,8,'0000-00-00 00:00:00','0000-00-00 00:00:00'),(1952,2012,240,2053,17,0,42,'0000-00-00 00:00:00','0000-00-00 00:00:00'),(1953,2012,237,2053,24,0,6,'0000-00-00 00:00:00','0000-00-00 00:00:00'),(1954,2012,237,2053,25,0,3,'0000-00-00 00:00:00','0000-00-00 00:00:00'),(1955,2012,237,2053,17,0,33,'0000-00-00 00:00:00','0000-00-00 00:00:00'),(1956,2012,238,2053,24,0,10,'0000-00-00 00:00:00','0000-00-00 00:00:00'),(1957,2012,238,2053,25,0,8,'0000-00-00 00:00:00','0000-00-00 00:00:00'),(1958,2012,238,2053,17,0,35,'0000-00-00 00:00:00','0000-00-00 00:00:00'),(1959,2012,239,2053,24,0,13,'0000-00-00 00:00:00','0000-00-00 00:00:00'),(1960,2012,239,2053,25,0,10,'0000-00-00 00:00:00','0000-00-00 00:00:00'),(1961,2012,239,2053,17,0,32,'0000-00-00 00:00:00','0000-00-00 00:00:00'),(1962,2012,241,2053,24,0,5,'0000-00-00 00:00:00','0000-00-00 00:00:00'),(1963,2012,241,2053,25,0,9,'0000-00-00 00:00:00','0000-00-00 00:00:00'),(1964,2012,241,2053,17,0,28,'0000-00-00 00:00:00','0000-00-00 00:00:00'),(1965,2012,244,2053,24,0,10,'0000-00-00 00:00:00','0000-00-00 00:00:00'),(1966,2012,244,2053,25,0,8,'0000-00-00 00:00:00','0000-00-00 00:00:00'),(1967,2012,244,2053,17,0,37,'0000-00-00 00:00:00','0000-00-00 00:00:00'),(1968,2012,232,2053,24,0,11,'0000-00-00 00:00:00','0000-00-00 00:00:00'),(1969,2012,232,2053,25,0,8,'0000-00-00 00:00:00','0000-00-00 00:00:00'),(1970,2012,232,2053,17,0,30,'0000-00-00 00:00:00','0000-00-00 00:00:00'),(1971,2012,233,2053,24,0,12,'0000-00-00 00:00:00','0000-00-00 00:00:00'),(1972,2012,233,2053,25,0,16,'0000-00-00 00:00:00','0000-00-00 00:00:00'),(1973,2012,233,2053,17,0,9,'0000-00-00 00:00:00','0000-00-00 00:00:00'),(1974,2012,242,2053,24,0,8,'0000-00-00 00:00:00','0000-00-00 00:00:00'),(1975,2012,242,2053,25,0,8,'0000-00-00 00:00:00','0000-00-00 00:00:00'),(1976,2012,242,2053,17,0,35,'0000-00-00 00:00:00','0000-00-00 00:00:00'),(1977,2012,243,2053,24,0,10,'0000-00-00 00:00:00','0000-00-00 00:00:00'),(1978,2012,243,2053,25,0,8,'0000-00-00 00:00:00','0000-00-00 00:00:00'),(1979,2012,243,2053,17,0,15,'0000-00-00 00:00:00','0000-00-00 00:00:00'),(1980,2012,235,2053,24,0,17,'0000-00-00 00:00:00','0000-00-00 00:00:00'),(1981,2012,235,2053,25,0,10,'0000-00-00 00:00:00','0000-00-00 00:00:00'),(1982,2012,235,2053,17,0,35,'0000-00-00 00:00:00','0000-00-00 00:00:00'),(1983,2012,231,2053,24,0,13,'0000-00-00 00:00:00','0000-00-00 00:00:00'),(1984,2012,231,2053,25,0,10,'0000-00-00 00:00:00','0000-00-00 00:00:00'),(1985,2012,231,2053,17,0,34,'0000-00-00 00:00:00','0000-00-00 00:00:00'),(1986,2012,230,2053,24,0,8,'0000-00-00 00:00:00','0000-00-00 00:00:00'),(1987,2012,230,2053,25,0,12,'0000-00-00 00:00:00','0000-00-00 00:00:00'),(1988,2012,230,2053,17,0,46,'0000-00-00 00:00:00','0000-00-00 00:00:00'),(1989,2012,249,2053,24,0,15,'0000-00-00 00:00:00','0000-00-00 00:00:00'),(1990,2012,249,2053,25,0,10,'0000-00-00 00:00:00','0000-00-00 00:00:00'),(1991,2012,249,2053,17,0,37,'0000-00-00 00:00:00','0000-00-00 00:00:00'),(1992,2012,236,2053,24,0,11,'0000-00-00 00:00:00','0000-00-00 00:00:00'),(1993,2012,236,2053,25,0,14,'0000-00-00 00:00:00','0000-00-00 00:00:00'),(1994,2012,236,2053,17,0,40,'0000-00-00 00:00:00','0000-00-00 00:00:00'),(1995,2012,250,2053,24,0,12,'0000-00-00 00:00:00','0000-00-00 00:00:00'),(1996,2012,250,2053,25,0,16,'0000-00-00 00:00:00','0000-00-00 00:00:00'),(1997,2012,250,2053,17,0,30,'0000-00-00 00:00:00','0000-00-00 00:00:00'),(1998,2012,227,2054,24,0,16,'0000-00-00 00:00:00','0000-00-00 00:00:00'),(1999,2012,227,2054,25,0,10,'0000-00-00 00:00:00','0000-00-00 00:00:00'),(2000,2012,227,2054,17,0,33,'0000-00-00 00:00:00','0000-00-00 00:00:00'),(2001,2012,228,2054,24,0,6,'0000-00-00 00:00:00','0000-00-00 00:00:00'),(2002,2012,228,2054,25,0,15,'0000-00-00 00:00:00','0000-00-00 00:00:00'),(2003,2012,228,2054,17,0,37,'0000-00-00 00:00:00','0000-00-00 00:00:00'),(2004,2012,234,2054,24,0,10,'0000-00-00 00:00:00','0000-00-00 00:00:00'),(2005,2012,234,2054,25,0,9,'0000-00-00 00:00:00','0000-00-00 00:00:00'),(2006,2012,234,2054,17,0,45,'0000-00-00 00:00:00','0000-00-00 00:00:00'),(2007,2012,229,2054,24,0,13,'0000-00-00 00:00:00','0000-00-00 00:00:00'),(2008,2012,229,2054,25,0,15,'0000-00-00 00:00:00','0000-00-00 00:00:00'),(2009,2012,229,2054,17,0,43,'0000-00-00 00:00:00','0000-00-00 00:00:00'),(2010,2012,240,2054,24,0,17,'0000-00-00 00:00:00','0000-00-00 00:00:00'),(2011,2012,240,2054,25,0,16,'0000-00-00 00:00:00','0000-00-00 00:00:00'),(2012,2012,240,2054,17,0,49,'0000-00-00 00:00:00','0000-00-00 00:00:00'),(2013,2012,237,2054,24,0,12,'0000-00-00 00:00:00','0000-00-00 00:00:00'),(2014,2012,237,2054,25,0,9,'0000-00-00 00:00:00','0000-00-00 00:00:00'),(2015,2012,237,2054,17,0,37,'0000-00-00 00:00:00','0000-00-00 00:00:00'),(2016,2012,238,2054,24,0,12,'0000-00-00 00:00:00','0000-00-00 00:00:00'),(2017,2012,238,2054,25,0,10,'0000-00-00 00:00:00','0000-00-00 00:00:00'),(2018,2012,238,2054,17,0,40,'0000-00-00 00:00:00','0000-00-00 00:00:00'),(2019,2012,239,2054,24,0,16,'0000-00-00 00:00:00','0000-00-00 00:00:00'),(2020,2012,239,2054,25,0,10,'0000-00-00 00:00:00','0000-00-00 00:00:00'),(2021,2012,239,2054,17,0,37,'0000-00-00 00:00:00','0000-00-00 00:00:00'),(2022,2012,241,2054,24,0,10,'0000-00-00 00:00:00','0000-00-00 00:00:00'),(2023,2012,241,2054,25,0,14,'0000-00-00 00:00:00','0000-00-00 00:00:00'),(2024,2012,241,2054,17,0,37,'0000-00-00 00:00:00','0000-00-00 00:00:00'),(2025,2012,244,2054,24,0,15,'0000-00-00 00:00:00','0000-00-00 00:00:00'),(2026,2012,244,2054,25,0,13,'0000-00-00 00:00:00','0000-00-00 00:00:00'),(2027,2012,244,2054,17,0,43,'0000-00-00 00:00:00','0000-00-00 00:00:00'),(2028,2012,232,2054,24,0,17,'0000-00-00 00:00:00','0000-00-00 00:00:00'),(2029,2012,232,2054,25,0,12,'0000-00-00 00:00:00','0000-00-00 00:00:00'),(2030,2012,232,2054,17,0,45,'0000-00-00 00:00:00','0000-00-00 00:00:00'),(2031,2012,233,2054,24,0,20,'0000-00-00 00:00:00','0000-00-00 00:00:00'),(2032,2012,233,2054,25,0,14,'0000-00-00 00:00:00','0000-00-00 00:00:00'),(2033,2012,233,2054,17,0,26,'0000-00-00 00:00:00','0000-00-00 00:00:00'),(2034,2012,242,2054,24,0,14,'0000-00-00 00:00:00','0000-00-00 00:00:00'),(2035,2012,242,2054,25,0,10,'0000-00-00 00:00:00','0000-00-00 00:00:00'),(2036,2012,242,2054,17,0,40,'0000-00-00 00:00:00','0000-00-00 00:00:00'),(2037,2012,243,2054,24,0,20,'0000-00-00 00:00:00','0000-00-00 00:00:00'),(2038,2012,243,2054,25,0,15,'0000-00-00 00:00:00','0000-00-00 00:00:00'),(2039,2012,243,2054,17,0,34,'0000-00-00 00:00:00','0000-00-00 00:00:00'),(2040,2012,235,2054,24,0,13,'0000-00-00 00:00:00','0000-00-00 00:00:00'),(2041,2012,235,2054,25,0,13,'0000-00-00 00:00:00','0000-00-00 00:00:00'),(2042,2012,235,2054,17,0,43,'0000-00-00 00:00:00','0000-00-00 00:00:00'),(2043,2012,231,2054,24,0,14,'0000-00-00 00:00:00','0000-00-00 00:00:00'),(2044,2012,231,2054,25,0,13,'0000-00-00 00:00:00','0000-00-00 00:00:00'),(2045,2012,231,2054,17,0,46,'0000-00-00 00:00:00','0000-00-00 00:00:00'),(2046,2012,230,2054,24,0,20,'0000-00-00 00:00:00','0000-00-00 00:00:00'),(2047,2012,230,2054,25,0,14,'0000-00-00 00:00:00','0000-00-00 00:00:00'),(2048,2012,230,2054,17,0,60,'0000-00-00 00:00:00','0000-00-00 00:00:00'),(2049,2012,249,2054,24,0,20,'0000-00-00 00:00:00','0000-00-00 00:00:00'),(2050,2012,249,2054,25,0,16,'0000-00-00 00:00:00','0000-00-00 00:00:00'),(2051,2012,249,2054,17,0,43,'0000-00-00 00:00:00','0000-00-00 00:00:00'),(2052,2012,236,2054,24,0,12,'0000-00-00 00:00:00','0000-00-00 00:00:00'),(2053,2012,236,2054,25,0,15,'0000-00-00 00:00:00','0000-00-00 00:00:00'),(2054,2012,236,2054,17,0,42,'0000-00-00 00:00:00','0000-00-00 00:00:00'),(2055,2012,250,2054,24,0,16,'0000-00-00 00:00:00','0000-00-00 00:00:00'),(2056,2012,250,2054,25,0,17,'0000-00-00 00:00:00','0000-00-00 00:00:00'),(2057,2012,250,2054,17,0,45,'0000-00-00 00:00:00','0000-00-00 00:00:00'),(2058,2009,209,2041,26,0,20,'0000-00-00 00:00:00','0000-00-00 00:00:00'),(2059,2009,209,2041,27,0,18,'0000-00-00 00:00:00','0000-00-00 00:00:00'),(2060,2009,209,2041,18,0,50,'0000-00-00 00:00:00','2016-07-06 21:18:48'),(2061,2009,210,2041,26,0,18,'0000-00-00 00:00:00','0000-00-00 00:00:00'),(2062,2009,210,2041,27,0,20,'0000-00-00 00:00:00','0000-00-00 00:00:00'),(2063,2009,210,2041,18,0,55,'0000-00-00 00:00:00','0000-00-00 00:00:00'),(2064,2009,216,2041,26,0,20,'0000-00-00 00:00:00','0000-00-00 00:00:00'),(2065,2009,216,2041,27,0,20,'0000-00-00 00:00:00','0000-00-00 00:00:00'),(2066,2009,216,2041,18,0,59,'0000-00-00 00:00:00','0000-00-00 00:00:00'),(2067,2009,211,2041,26,0,20,'0000-00-00 00:00:00','0000-00-00 00:00:00'),(2068,2009,211,2041,27,0,20,'0000-00-00 00:00:00','0000-00-00 00:00:00'),(2069,2009,211,2041,18,0,59,'0000-00-00 00:00:00','0000-00-00 00:00:00'),(2070,2009,222,2041,26,0,20,'0000-00-00 00:00:00','0000-00-00 00:00:00'),(2071,2009,222,2041,27,0,20,'0000-00-00 00:00:00','0000-00-00 00:00:00'),(2072,2009,222,2041,18,0,59,'0000-00-00 00:00:00','0000-00-00 00:00:00'),(2073,2009,219,2041,26,0,20,'0000-00-00 00:00:00','0000-00-00 00:00:00'),(2074,2009,219,2041,27,0,20,'0000-00-00 00:00:00','0000-00-00 00:00:00'),(2075,2009,219,2041,18,0,60,'0000-00-00 00:00:00','0000-00-00 00:00:00'),(2076,2009,220,2041,26,0,18,'0000-00-00 00:00:00','0000-00-00 00:00:00'),(2077,2009,220,2041,27,0,16,'0000-00-00 00:00:00','0000-00-00 00:00:00'),(2078,2009,220,2041,18,0,55,'0000-00-00 00:00:00','0000-00-00 00:00:00'),(2079,2009,221,2041,26,0,14,'0000-00-00 00:00:00','0000-00-00 00:00:00'),(2080,2009,221,2041,27,0,20,'0000-00-00 00:00:00','0000-00-00 00:00:00'),(2081,2009,221,2041,18,0,56,'0000-00-00 00:00:00','0000-00-00 00:00:00'),(2082,2009,223,2041,26,0,20,'0000-00-00 00:00:00','0000-00-00 00:00:00'),(2083,2009,223,2041,27,0,18,'0000-00-00 00:00:00','0000-00-00 00:00:00'),(2084,2009,223,2041,18,0,52,'0000-00-00 00:00:00','0000-00-00 00:00:00'),(2085,2009,226,2041,26,0,20,'0000-00-00 00:00:00','0000-00-00 00:00:00'),(2086,2009,226,2041,27,0,20,'0000-00-00 00:00:00','0000-00-00 00:00:00'),(2087,2009,226,2041,18,0,58,'0000-00-00 00:00:00','0000-00-00 00:00:00'),(2088,2009,214,2041,26,0,20,'0000-00-00 00:00:00','0000-00-00 00:00:00'),(2089,2009,214,2041,27,0,20,'0000-00-00 00:00:00','0000-00-00 00:00:00'),(2090,2009,214,2041,18,0,55,'0000-00-00 00:00:00','0000-00-00 00:00:00'),(2091,2009,215,2041,26,0,14,'0000-00-00 00:00:00','0000-00-00 00:00:00'),(2092,2009,215,2041,27,0,18,'0000-00-00 00:00:00','0000-00-00 00:00:00'),(2093,2009,215,2041,18,0,51,'0000-00-00 00:00:00','0000-00-00 00:00:00'),(2094,2009,224,2041,26,0,20,'0000-00-00 00:00:00','0000-00-00 00:00:00'),(2095,2009,224,2041,27,0,16,'0000-00-00 00:00:00','0000-00-00 00:00:00'),(2096,2009,224,2041,18,0,59,'0000-00-00 00:00:00','0000-00-00 00:00:00'),(2097,2009,225,2041,26,0,18,'0000-00-00 00:00:00','0000-00-00 00:00:00'),(2098,2009,225,2041,27,0,20,'0000-00-00 00:00:00','0000-00-00 00:00:00'),(2099,2009,225,2041,18,0,52,'0000-00-00 00:00:00','0000-00-00 00:00:00'),(2100,2009,217,2041,26,0,20,'0000-00-00 00:00:00','0000-00-00 00:00:00'),(2101,2009,217,2041,27,0,20,'0000-00-00 00:00:00','0000-00-00 00:00:00'),(2102,2009,217,2041,18,0,59,'0000-00-00 00:00:00','0000-00-00 00:00:00'),(2103,2009,213,2041,26,0,18,'0000-00-00 00:00:00','0000-00-00 00:00:00'),(2104,2009,213,2041,27,0,20,'0000-00-00 00:00:00','0000-00-00 00:00:00'),(2105,2009,213,2041,18,0,53,'0000-00-00 00:00:00','0000-00-00 00:00:00'),(2106,2009,212,2041,26,0,12,'0000-00-00 00:00:00','0000-00-00 00:00:00'),(2107,2009,212,2041,27,0,18,'0000-00-00 00:00:00','0000-00-00 00:00:00'),(2108,2009,212,2041,18,0,56,'0000-00-00 00:00:00','0000-00-00 00:00:00'),(2109,2009,251,2041,26,0,10,'0000-00-00 00:00:00','0000-00-00 00:00:00'),(2110,2009,251,2041,27,0,15,'0000-00-00 00:00:00','0000-00-00 00:00:00'),(2111,2009,251,2041,18,0,56,'0000-00-00 00:00:00','0000-00-00 00:00:00'),(2112,2009,218,2041,26,0,18,'0000-00-00 00:00:00','0000-00-00 00:00:00'),(2113,2009,218,2041,27,0,18,'0000-00-00 00:00:00','0000-00-00 00:00:00'),(2114,2009,218,2041,18,0,52,'0000-00-00 00:00:00','0000-00-00 00:00:00'),(2115,2009,252,2041,26,0,20,'0000-00-00 00:00:00','0000-00-00 00:00:00'),(2116,2009,252,2041,27,0,20,'0000-00-00 00:00:00','0000-00-00 00:00:00'),(2117,2009,252,2041,18,0,57,'0000-00-00 00:00:00','0000-00-00 00:00:00'),(2118,2009,209,2064,26,0,14,'0000-00-00 00:00:00','0000-00-00 00:00:00'),(2119,2009,209,2064,27,0,12,'0000-00-00 00:00:00','0000-00-00 00:00:00'),(2120,2009,209,2064,18,0,30,'0000-00-00 00:00:00','0000-00-00 00:00:00'),(2121,2009,210,2064,26,0,8,'0000-00-00 00:00:00','2016-07-06 21:41:08'),(2122,2009,210,2064,27,0,14,'0000-00-00 00:00:00','0000-00-00 00:00:00'),(2123,2009,210,2064,18,0,35,'0000-00-00 00:00:00','0000-00-00 00:00:00'),(2124,2009,216,2064,26,0,16,'0000-00-00 00:00:00','0000-00-00 00:00:00'),(2125,2009,216,2064,27,0,11,'0000-00-00 00:00:00','0000-00-00 00:00:00'),(2126,2009,216,2064,18,0,41,'0000-00-00 00:00:00','0000-00-00 00:00:00'),(2127,2009,211,2064,26,0,12,'0000-00-00 00:00:00','0000-00-00 00:00:00'),(2128,2009,211,2064,27,0,16,'0000-00-00 00:00:00','0000-00-00 00:00:00'),(2129,2009,211,2064,18,0,43,'0000-00-00 00:00:00','0000-00-00 00:00:00'),(2130,2009,222,2064,26,0,12,'0000-00-00 00:00:00','0000-00-00 00:00:00'),(2131,2009,222,2064,27,0,14,'0000-00-00 00:00:00','0000-00-00 00:00:00'),(2132,2009,222,2064,18,0,38,'0000-00-00 00:00:00','0000-00-00 00:00:00'),(2133,2009,219,2064,26,0,16,'0000-00-00 00:00:00','0000-00-00 00:00:00'),(2134,2009,219,2064,27,0,18,'0000-00-00 00:00:00','0000-00-00 00:00:00'),(2135,2009,219,2064,18,0,39,'0000-00-00 00:00:00','0000-00-00 00:00:00'),(2136,2009,220,2064,26,0,14,'0000-00-00 00:00:00','0000-00-00 00:00:00'),(2137,2009,220,2064,27,0,15,'0000-00-00 00:00:00','0000-00-00 00:00:00'),(2138,2009,220,2064,18,0,40,'0000-00-00 00:00:00','0000-00-00 00:00:00'),(2139,2009,221,2064,26,0,14,'0000-00-00 00:00:00','0000-00-00 00:00:00'),(2140,2009,221,2064,27,0,14,'0000-00-00 00:00:00','0000-00-00 00:00:00'),(2141,2009,221,2064,18,0,27,'0000-00-00 00:00:00','0000-00-00 00:00:00'),(2142,2009,223,2064,26,0,12,'0000-00-00 00:00:00','0000-00-00 00:00:00'),(2143,2009,223,2064,27,0,8,'0000-00-00 00:00:00','0000-00-00 00:00:00'),(2144,2009,223,2064,18,0,43,'0000-00-00 00:00:00','0000-00-00 00:00:00'),(2145,2009,226,2064,26,0,12,'0000-00-00 00:00:00','0000-00-00 00:00:00'),(2146,2009,226,2064,27,0,15,'0000-00-00 00:00:00','0000-00-00 00:00:00'),(2147,2009,226,2064,18,0,41,'0000-00-00 00:00:00','0000-00-00 00:00:00'),(2148,2009,214,2064,26,0,13,'0000-00-00 00:00:00','0000-00-00 00:00:00'),(2149,2009,214,2064,27,0,16,'0000-00-00 00:00:00','0000-00-00 00:00:00'),(2150,2009,214,2064,18,0,35,'0000-00-00 00:00:00','0000-00-00 00:00:00'),(2151,2009,215,2064,26,0,8,'0000-00-00 00:00:00','0000-00-00 00:00:00'),(2152,2009,215,2064,27,0,4,'0000-00-00 00:00:00','0000-00-00 00:00:00'),(2153,2009,215,2064,18,0,12,'0000-00-00 00:00:00','0000-00-00 00:00:00'),(2154,2009,224,2064,26,0,12,'0000-00-00 00:00:00','0000-00-00 00:00:00'),(2155,2009,224,2064,27,0,11,'0000-00-00 00:00:00','0000-00-00 00:00:00'),(2156,2009,224,2064,18,0,43,'0000-00-00 00:00:00','0000-00-00 00:00:00'),(2157,2009,225,2064,26,0,4,'0000-00-00 00:00:00','0000-00-00 00:00:00'),(2158,2009,225,2064,27,0,8,'0000-00-00 00:00:00','0000-00-00 00:00:00'),(2159,2009,225,2064,18,0,34,'0000-00-00 00:00:00','0000-00-00 00:00:00'),(2160,2009,217,2064,26,0,8,'0000-00-00 00:00:00','0000-00-00 00:00:00'),(2161,2009,217,2064,27,0,11,'0000-00-00 00:00:00','0000-00-00 00:00:00'),(2162,2009,217,2064,18,0,42,'0000-00-00 00:00:00','0000-00-00 00:00:00'),(2163,2009,213,2064,26,0,13,'0000-00-00 00:00:00','0000-00-00 00:00:00'),(2164,2009,213,2064,27,0,10,'0000-00-00 00:00:00','0000-00-00 00:00:00'),(2165,2009,213,2064,18,0,32,'0000-00-00 00:00:00','0000-00-00 00:00:00'),(2166,2009,212,2064,26,0,6,'0000-00-00 00:00:00','0000-00-00 00:00:00'),(2167,2009,212,2064,27,0,11,'0000-00-00 00:00:00','0000-00-00 00:00:00'),(2168,2009,212,2064,18,0,42,'0000-00-00 00:00:00','0000-00-00 00:00:00'),(2169,2009,251,2064,26,0,5,'0000-00-00 00:00:00','0000-00-00 00:00:00'),(2170,2009,251,2064,27,0,10,'0000-00-00 00:00:00','0000-00-00 00:00:00'),(2171,2009,251,2064,18,0,18,'0000-00-00 00:00:00','0000-00-00 00:00:00'),(2172,2009,218,2064,26,0,14,'0000-00-00 00:00:00','0000-00-00 00:00:00'),(2173,2009,218,2064,27,0,8,'0000-00-00 00:00:00','0000-00-00 00:00:00'),(2174,2009,218,2064,18,0,30,'0000-00-00 00:00:00','0000-00-00 00:00:00'),(2175,2009,252,2064,26,0,10,'0000-00-00 00:00:00','0000-00-00 00:00:00'),(2176,2009,252,2064,27,0,14,'0000-00-00 00:00:00','0000-00-00 00:00:00'),(2177,2009,252,2064,18,0,48,'0000-00-00 00:00:00','0000-00-00 00:00:00'),(2178,2009,209,2055,26,0,16,'0000-00-00 00:00:00','0000-00-00 00:00:00'),(2179,2009,209,2055,27,0,14,'0000-00-00 00:00:00','0000-00-00 00:00:00'),(2180,2009,209,2055,18,0,27,'0000-00-00 00:00:00','0000-00-00 00:00:00'),(2181,2009,210,2055,26,0,8,'0000-00-00 00:00:00','0000-00-00 00:00:00'),(2182,2009,210,2055,27,0,14,'0000-00-00 00:00:00','0000-00-00 00:00:00'),(2183,2009,210,2055,18,0,23,'0000-00-00 00:00:00','0000-00-00 00:00:00'),(2184,2009,216,2055,26,0,8,'0000-00-00 00:00:00','0000-00-00 00:00:00'),(2185,2009,216,2055,27,0,4,'0000-00-00 00:00:00','0000-00-00 00:00:00'),(2186,2009,216,2055,18,0,20,'0000-00-00 00:00:00','0000-00-00 00:00:00'),(2187,2009,211,2055,26,0,14,'0000-00-00 00:00:00','0000-00-00 00:00:00'),(2188,2009,211,2055,27,0,14,'0000-00-00 00:00:00','0000-00-00 00:00:00'),(2189,2009,211,2055,18,0,25,'0000-00-00 00:00:00','0000-00-00 00:00:00'),(2190,2009,222,2055,26,0,10,'0000-00-00 00:00:00','0000-00-00 00:00:00'),(2191,2009,222,2055,27,0,12,'0000-00-00 00:00:00','0000-00-00 00:00:00'),(2192,2009,222,2055,18,0,44,'0000-00-00 00:00:00','0000-00-00 00:00:00'),(2193,2009,219,2055,26,0,16,'0000-00-00 00:00:00','0000-00-00 00:00:00'),(2194,2009,219,2055,27,0,15,'0000-00-00 00:00:00','0000-00-00 00:00:00'),(2195,2009,219,2055,18,0,44,'0000-00-00 00:00:00','0000-00-00 00:00:00'),(2196,2009,220,2055,26,0,16,'0000-00-00 00:00:00','0000-00-00 00:00:00'),(2197,2009,220,2055,27,0,10,'0000-00-00 00:00:00','0000-00-00 00:00:00'),(2198,2009,220,2055,18,0,32,'0000-00-00 00:00:00','0000-00-00 00:00:00'),(2199,2009,221,2055,26,0,14,'0000-00-00 00:00:00','0000-00-00 00:00:00'),(2200,2009,221,2055,27,0,10,'0000-00-00 00:00:00','0000-00-00 00:00:00'),(2201,2009,221,2055,18,0,36,'0000-00-00 00:00:00','0000-00-00 00:00:00'),(2202,2009,223,2055,26,0,12,'0000-00-00 00:00:00','0000-00-00 00:00:00'),(2203,2009,223,2055,27,0,4,'0000-00-00 00:00:00','0000-00-00 00:00:00'),(2204,2009,223,2055,18,0,24,'0000-00-00 00:00:00','0000-00-00 00:00:00'),(2205,2009,226,2055,26,0,4,'0000-00-00 00:00:00','0000-00-00 00:00:00'),(2206,2009,226,2055,27,0,6,'0000-00-00 00:00:00','0000-00-00 00:00:00'),(2207,2009,226,2055,18,0,36,'0000-00-00 00:00:00','0000-00-00 00:00:00'),(2208,2009,214,2055,26,0,16,'0000-00-00 00:00:00','0000-00-00 00:00:00'),(2209,2009,214,2055,27,0,8,'0000-00-00 00:00:00','0000-00-00 00:00:00'),(2210,2009,214,2055,18,0,31,'0000-00-00 00:00:00','0000-00-00 00:00:00'),(2211,2009,215,2055,26,0,10,'0000-00-00 00:00:00','0000-00-00 00:00:00'),(2212,2009,215,2055,27,0,12,'0000-00-00 00:00:00','0000-00-00 00:00:00'),(2213,2009,215,2055,18,0,15,'0000-00-00 00:00:00','0000-00-00 00:00:00'),(2214,2009,224,2055,26,0,16,'0000-00-00 00:00:00','0000-00-00 00:00:00'),(2215,2009,224,2055,27,0,13,'0000-00-00 00:00:00','0000-00-00 00:00:00'),(2216,2009,224,2055,18,0,25,'0000-00-00 00:00:00','0000-00-00 00:00:00'),(2217,2009,225,2055,26,0,2,'0000-00-00 00:00:00','0000-00-00 00:00:00'),(2218,2009,225,2055,27,0,4,'0000-00-00 00:00:00','0000-00-00 00:00:00'),(2219,2009,225,2055,18,0,23,'0000-00-00 00:00:00','0000-00-00 00:00:00'),(2220,2009,217,2055,26,0,10,'0000-00-00 00:00:00','0000-00-00 00:00:00'),(2221,2009,217,2055,27,0,10,'0000-00-00 00:00:00','0000-00-00 00:00:00'),(2222,2009,217,2055,18,0,34,'0000-00-00 00:00:00','0000-00-00 00:00:00'),(2223,2009,213,2055,26,0,10,'0000-00-00 00:00:00','0000-00-00 00:00:00'),(2224,2009,213,2055,27,0,10,'0000-00-00 00:00:00','0000-00-00 00:00:00'),(2225,2009,213,2055,18,0,35,'0000-00-00 00:00:00','0000-00-00 00:00:00'),(2226,2009,212,2055,26,0,10,'0000-00-00 00:00:00','0000-00-00 00:00:00'),(2227,2009,212,2055,27,0,16,'0000-00-00 00:00:00','0000-00-00 00:00:00'),(2228,2009,212,2055,18,0,30,'0000-00-00 00:00:00','0000-00-00 00:00:00'),(2229,2009,251,2055,26,0,2,'0000-00-00 00:00:00','0000-00-00 00:00:00'),(2230,2009,251,2055,27,0,5,'0000-00-00 00:00:00','0000-00-00 00:00:00'),(2231,2009,251,2055,18,0,21,'0000-00-00 00:00:00','0000-00-00 00:00:00'),(2232,2009,218,2055,26,0,15,'0000-00-00 00:00:00','0000-00-00 00:00:00'),(2233,2009,218,2055,27,0,11,'0000-00-00 00:00:00','0000-00-00 00:00:00'),(2234,2009,218,2055,18,0,32,'0000-00-00 00:00:00','0000-00-00 00:00:00'),(2235,2009,252,2055,26,0,4,'0000-00-00 00:00:00','0000-00-00 00:00:00'),(2236,2009,252,2055,27,0,8,'0000-00-00 00:00:00','0000-00-00 00:00:00'),(2237,2009,252,2055,18,0,27,'0000-00-00 00:00:00','0000-00-00 00:00:00'),(2238,2009,209,2037,26,0,18,'0000-00-00 00:00:00','0000-00-00 00:00:00'),(2239,2009,209,2037,27,0,14,'0000-00-00 00:00:00','0000-00-00 00:00:00'),(2240,2009,209,2037,18,0,42,'0000-00-00 00:00:00','0000-00-00 00:00:00'),(2241,2009,210,2037,26,0,20,'0000-00-00 00:00:00','0000-00-00 00:00:00'),(2242,2009,210,2037,27,0,20,'0000-00-00 00:00:00','0000-00-00 00:00:00'),(2243,2009,210,2037,18,0,55,'0000-00-00 00:00:00','0000-00-00 00:00:00'),(2244,2009,216,2037,26,0,20,'0000-00-00 00:00:00','0000-00-00 00:00:00'),(2245,2009,216,2037,27,0,17,'0000-00-00 00:00:00','0000-00-00 00:00:00'),(2246,2009,216,2037,18,0,59,'0000-00-00 00:00:00','0000-00-00 00:00:00'),(2247,2009,211,2037,26,0,19,'0000-00-00 00:00:00','0000-00-00 00:00:00'),(2248,2009,211,2037,27,0,20,'0000-00-00 00:00:00','0000-00-00 00:00:00'),(2249,2009,211,2037,18,0,58,'0000-00-00 00:00:00','0000-00-00 00:00:00'),(2250,2009,222,2037,26,0,18,'0000-00-00 00:00:00','0000-00-00 00:00:00'),(2251,2009,222,2037,27,0,20,'0000-00-00 00:00:00','0000-00-00 00:00:00'),(2252,2009,222,2037,18,0,59,'0000-00-00 00:00:00','0000-00-00 00:00:00'),(2253,2009,219,2037,26,0,14,'0000-00-00 00:00:00','0000-00-00 00:00:00'),(2254,2009,219,2037,27,0,20,'0000-00-00 00:00:00','0000-00-00 00:00:00'),(2255,2009,219,2037,18,0,58,'0000-00-00 00:00:00','0000-00-00 00:00:00'),(2256,2009,220,2037,26,0,20,'0000-00-00 00:00:00','0000-00-00 00:00:00'),(2257,2009,220,2037,27,0,15,'0000-00-00 00:00:00','0000-00-00 00:00:00'),(2258,2009,220,2037,18,0,56,'0000-00-00 00:00:00','0000-00-00 00:00:00'),(2259,2009,223,2037,26,0,20,'0000-00-00 00:00:00','0000-00-00 00:00:00'),(2260,2009,223,2037,27,0,16,'0000-00-00 00:00:00','0000-00-00 00:00:00'),(2261,2009,223,2037,18,0,58,'0000-00-00 00:00:00','0000-00-00 00:00:00'),(2262,2009,226,2037,26,0,20,'0000-00-00 00:00:00','0000-00-00 00:00:00'),(2263,2009,226,2037,27,0,18,'0000-00-00 00:00:00','0000-00-00 00:00:00'),(2264,2009,226,2037,18,0,56,'0000-00-00 00:00:00','0000-00-00 00:00:00'),(2265,2009,214,2037,26,0,18,'0000-00-00 00:00:00','0000-00-00 00:00:00'),(2266,2009,214,2037,27,0,18,'0000-00-00 00:00:00','0000-00-00 00:00:00'),(2267,2009,214,2037,18,0,58,'0000-00-00 00:00:00','0000-00-00 00:00:00'),(2268,2009,215,2037,26,0,18,'0000-00-00 00:00:00','0000-00-00 00:00:00'),(2269,2009,215,2037,27,0,20,'0000-00-00 00:00:00','0000-00-00 00:00:00'),(2270,2009,215,2037,18,0,47,'0000-00-00 00:00:00','0000-00-00 00:00:00'),(2271,2009,224,2037,26,0,20,'0000-00-00 00:00:00','0000-00-00 00:00:00'),(2272,2009,224,2037,27,0,14,'0000-00-00 00:00:00','0000-00-00 00:00:00'),(2273,2009,224,2037,18,0,59,'0000-00-00 00:00:00','0000-00-00 00:00:00'),(2274,2009,225,2037,26,0,20,'0000-00-00 00:00:00','0000-00-00 00:00:00'),(2275,2009,225,2037,27,0,18,'0000-00-00 00:00:00','0000-00-00 00:00:00'),(2276,2009,225,2037,18,0,49,'0000-00-00 00:00:00','0000-00-00 00:00:00'),(2277,2009,217,2037,26,0,16,'0000-00-00 00:00:00','0000-00-00 00:00:00'),(2278,2009,217,2037,27,0,15,'0000-00-00 00:00:00','0000-00-00 00:00:00'),(2279,2009,217,2037,18,0,59,'0000-00-00 00:00:00','0000-00-00 00:00:00'),(2280,2009,213,2037,26,0,16,'0000-00-00 00:00:00','0000-00-00 00:00:00'),(2281,2009,213,2037,27,0,14,'0000-00-00 00:00:00','0000-00-00 00:00:00'),(2282,2009,213,2037,18,0,50,'0000-00-00 00:00:00','0000-00-00 00:00:00'),(2283,2009,212,2037,26,0,20,'0000-00-00 00:00:00','0000-00-00 00:00:00'),(2284,2009,212,2037,27,0,15,'0000-00-00 00:00:00','0000-00-00 00:00:00'),(2285,2009,212,2037,18,0,52,'0000-00-00 00:00:00','0000-00-00 00:00:00'),(2286,2009,251,2037,26,0,7,'0000-00-00 00:00:00','0000-00-00 00:00:00'),(2287,2009,251,2037,27,0,19,'0000-00-00 00:00:00','0000-00-00 00:00:00'),(2288,2009,251,2037,18,0,47,'0000-00-00 00:00:00','0000-00-00 00:00:00'),(2289,2009,218,2037,26,0,14,'0000-00-00 00:00:00','0000-00-00 00:00:00'),(2290,2009,218,2037,27,0,13,'0000-00-00 00:00:00','0000-00-00 00:00:00'),(2291,2009,218,2037,18,0,31,'0000-00-00 00:00:00','0000-00-00 00:00:00'),(2292,2009,252,2037,26,0,16,'0000-00-00 00:00:00','0000-00-00 00:00:00'),(2293,2009,252,2037,27,0,18,'0000-00-00 00:00:00','0000-00-00 00:00:00'),(2294,2009,252,2037,18,0,57,'0000-00-00 00:00:00','0000-00-00 00:00:00'),(2295,2006,5,2028,28,0,20,'0000-00-00 00:00:00','0000-00-00 00:00:00'),(2296,2006,5,2028,29,0,15,'0000-00-00 00:00:00','0000-00-00 00:00:00'),(2297,2006,5,2028,20,0,50,'0000-00-00 00:00:00','0000-00-00 00:00:00'),(2298,2006,6,2028,28,0,17,'0000-00-00 00:00:00','0000-00-00 00:00:00'),(2299,2006,6,2028,29,0,16,'0000-00-00 00:00:00','0000-00-00 00:00:00'),(2300,2006,6,2028,20,0,48,'0000-00-00 00:00:00','0000-00-00 00:00:00'),(2301,2006,147,2028,28,0,20,'0000-00-00 00:00:00','0000-00-00 00:00:00'),(2302,2006,147,2028,29,0,20,'0000-00-00 00:00:00','0000-00-00 00:00:00'),(2303,2006,147,2028,20,0,54,'0000-00-00 00:00:00','0000-00-00 00:00:00'),(2304,2006,10,2028,28,0,20,'0000-00-00 00:00:00','0000-00-00 00:00:00'),(2305,2006,10,2028,29,0,16,'0000-00-00 00:00:00','0000-00-00 00:00:00'),(2306,2006,10,2028,20,0,52,'0000-00-00 00:00:00','0000-00-00 00:00:00'),(2307,2006,153,2028,28,0,20,'0000-00-00 00:00:00','0000-00-00 00:00:00'),(2308,2006,153,2028,29,0,20,'0000-00-00 00:00:00','0000-00-00 00:00:00'),(2309,2006,153,2028,20,0,56,'0000-00-00 00:00:00','0000-00-00 00:00:00'),(2310,2006,150,2028,28,0,20,'0000-00-00 00:00:00','0000-00-00 00:00:00'),(2311,2006,150,2028,29,0,16,'0000-00-00 00:00:00','0000-00-00 00:00:00'),(2312,2006,150,2028,20,0,49,'0000-00-00 00:00:00','0000-00-00 00:00:00'),(2313,2006,151,2028,28,0,20,'0000-00-00 00:00:00','0000-00-00 00:00:00'),(2314,2006,151,2028,29,0,20,'0000-00-00 00:00:00','2016-07-06 22:46:30'),(2315,2006,151,2028,20,0,49,'0000-00-00 00:00:00','0000-00-00 00:00:00'),(2316,2006,152,2028,28,0,20,'0000-00-00 00:00:00','0000-00-00 00:00:00'),(2317,2006,152,2028,29,0,20,'0000-00-00 00:00:00','0000-00-00 00:00:00'),(2318,2006,152,2028,20,0,48,'0000-00-00 00:00:00','0000-00-00 00:00:00'),(2319,2006,154,2028,28,0,20,'0000-00-00 00:00:00','0000-00-00 00:00:00'),(2320,2006,154,2028,29,0,16,'0000-00-00 00:00:00','0000-00-00 00:00:00'),(2321,2006,154,2028,20,0,50,'0000-00-00 00:00:00','0000-00-00 00:00:00'),(2322,2006,157,2028,28,0,20,'0000-00-00 00:00:00','0000-00-00 00:00:00'),(2323,2006,157,2028,29,0,20,'0000-00-00 00:00:00','0000-00-00 00:00:00'),(2324,2006,157,2028,20,0,34,'0000-00-00 00:00:00','0000-00-00 00:00:00'),(2325,2006,145,2028,28,0,20,'0000-00-00 00:00:00','0000-00-00 00:00:00'),(2326,2006,145,2028,29,0,18,'0000-00-00 00:00:00','0000-00-00 00:00:00'),(2327,2006,145,2028,20,0,50,'0000-00-00 00:00:00','0000-00-00 00:00:00');
/*!40000 ALTER TABLE `examinations` ENABLE KEYS */;
UNLOCK TABLES;

--
-- Table structure for table `list_def`
--

DROP TABLE IF EXISTS `list_def`;
/*!40101 SET @saved_cs_client     = @@character_set_client */;
/*!40101 SET character_set_client = utf8 */;
CREATE TABLE `list_def` (
  `r_k` int(11) NOT NULL AUTO_INCREMENT,
  `def_id` varchar(45) DEFAULT NULL,
  `val_desc` varchar(100) DEFAULT NULL,
  PRIMARY KEY (`r_k`)
) ENGINE=InnoDB AUTO_INCREMENT=157 DEFAULT CHARSET=utf8;
/*!40101 SET character_set_client = @saved_cs_client */;

--
-- Dumping data for table `list_def`
--

LOCK TABLES `list_def` WRITE;
/*!40000 ALTER TABLE `list_def` DISABLE KEYS */;
INSERT INTO `list_def` VALUES (150,'00-SEX','Sex'),(151,'CTC-CTR','Countries'),(152,'CTC-STA','States'),(153,'00-STAT','Status'),(154,'00-TT','Teacher Type'),(155,'00-SUBJ','Subjects'),(156,'CLS-SCTN','Class Sections');
/*!40000 ALTER TABLE `list_def` ENABLE KEYS */;
UNLOCK TABLES;

--
-- Table structure for table `parent`
--

DROP TABLE IF EXISTS `parent`;
/*!40101 SET @saved_cs_client     = @@character_set_client */;
/*!40101 SET character_set_client = utf8 */;
CREATE TABLE `parent` (
  `parent_id` int(11) NOT NULL,
  PRIMARY KEY (`parent_id`),
  CONSTRAINT `fk_parent_person1` FOREIGN KEY (`parent_id`) REFERENCES `person` (`person_id`) ON DELETE NO ACTION ON UPDATE NO ACTION
) ENGINE=InnoDB DEFAULT CHARSET=utf8 COMMENT='Describes a student.\nA Parent is a Person\nA Parent has many  /* comment truncated */ /*students*/';
/*!40101 SET character_set_client = @saved_cs_client */;

--
-- Dumping data for table `parent`
--

LOCK TABLES `parent` WRITE;
/*!40000 ALTER TABLE `parent` DISABLE KEYS */;
/*!40000 ALTER TABLE `parent` ENABLE KEYS */;
UNLOCK TABLES;

--
-- Table structure for table `person`
--

DROP TABLE IF EXISTS `person`;
/*!40101 SET @saved_cs_client     = @@character_set_client */;
/*!40101 SET character_set_client = utf8 */;
CREATE TABLE `person` (
  `person_id` int(11) NOT NULL AUTO_INCREMENT,
  `person_type_id` int(11) DEFAULT NULL,
  `f_name` varchar(50) DEFAULT NULL,
  `m_name` varchar(50) DEFAULT NULL,
  `l_name` varchar(50) DEFAULT NULL,
  `email` varchar(150) DEFAULT NULL,
  `username` varchar(50) DEFAULT NULL,
  `p_word` varchar(255) DEFAULT NULL,
  `dob` date DEFAULT NULL,
  `sex` int(11) DEFAULT NULL,
  `phone` varchar(15) DEFAULT NULL,
  `phone2` varchar(15) DEFAULT NULL,
  `pix` varchar(500) DEFAULT NULL,
  `status` tinyint(1) DEFAULT NULL,
  `last_login_ip` varchar(45) DEFAULT NULL,
  `create_date` datetime DEFAULT CURRENT_TIMESTAMP,
  `last_login_date` int(11) DEFAULT NULL,
  PRIMARY KEY (`person_id`)
) ENGINE=InnoDB AUTO_INCREMENT=2065 DEFAULT CHARSET=utf8 COMMENT='Describes a person';
/*!40101 SET character_set_client = @saved_cs_client */;

--
-- Dumping data for table `person`
--

LOCK TABLES `person` WRITE;
/*!40000 ALTER TABLE `person` DISABLE KEYS */;
INSERT INTO `person` VALUES (2001,1,'Admin','Admin','Admin','','admin','$2y$12$hENL2lJlPKSpleydmNI49OndOKE2UQkWxPsvKHoqMNFuhqJR5PNOi','2015-10-08',1,'NULL','','',1,'','2015-11-10 13:50:09',0),(2002,3,'student','A Name','Hans','','student','$2y$12$zSoRikxbZ1Rx3/1n3Lr5OOk3Z48S6lJiTeOEUf3YfKNP8PRUlZ00S','2009-10-14',1,'090909090909','','/assets/images/profiles/1445101268.jpg',0,'','2015-11-09 13:50:09',0),(2011,1,'Ajiboye','Adesola','Adetosin','','sola','$2y$12$zSoRikxbZ1Rx3/1n3Lr5OOk3Z48S6lJiTeOEUf3YfKNP8PRUlZ00S','1984-09-14',2,'08026656212','','',1,'','2015-11-08 13:50:09',0),(2012,1,'AYOMIDE','ADEOLU','DARAMOLA','','ayomide','$2y$10$iSmbc8HYPy09LlSUfKb9Ae3.G6uiVH5jmYc1M0IsjSXLJQhC0vuky','1989-10-09',1,'07037392869','','',1,'','2015-11-07 13:50:09',0),(2015,1,'Adetutu','Abimbola','Azeez','','abimbola','$2y$10$C6O6fbSkJmzwZH4/jGqWA.YtSCnQuNaAN6FPFS8TGzfniOe/myN2q','1976-03-09',2,'08052407484','','',1,'','2015-11-05 13:50:09',0),(2016,1,'Ayo','Ayoola','Babatunde','','mrs','','1992-09-09',2,'','','',0,'','2015-11-04 13:50:09',0),(2017,1,'O','A','Obayan','','obayan','$2y$10$ii/be8jHBc9B7fHE39cwTOlc7vxPvGuU31XQXAomP3tCBWSqZwREa','1987-03-10',2,'08023333333','','',0,'','2015-11-11 13:50:09',0),(2018,1,'asssf','fefe','df','','assfsf','$2y$10$p9fU.sL0xIPY3GEjOJCjV.92Fthpkhd2dDSUI2gGWYf437/gTmTY2','1999-11-02',1,'08023333334','','',0,'','2015-11-03 13:50:09',0),(2025,3,'INUMIDUN','IREOLUWA','OKELANA','','ireoluwa','','2007-06-15',2,'08026629963','','/assets/images/profiles/1448825540.jpg',1,'','2015-11-21 07:54:11',0),(2026,3,'OLAOLUWA','IBUKUNOLUWA','OKELANA','','olaoluwa','','2011-08-30',2,'08026629963','','/assets/images/profiles/1448825682.jpg',1,'','2015-11-21 07:58:50',0),(2027,3,'DAVID','ANUOLUWAPO','OKELANA','','david','','2013-05-23',1,'08026629963','','/assets/images/profiles/1448825815.jpg',1,'','2015-11-21 08:06:39',0),(2028,3,'SAMUEL','CHUKWUEMEKE','IJEH','','samuel','','2011-01-17',1,'08035786348','','/assets/images/profiles/1448825241.jpg',1,'','2015-11-21 08:33:30',0),(2029,3,'SARAH','EBELECHUKWU','IJEH','','sarah','','2013-01-16',2,'08035786348','','/assets/images/profiles/1448825970.jpg',1,'','2015-11-21 08:41:55',0),(2030,3,'ALADELOBA','DANIEL','AJIBOYE','','aladeloba','','2013-11-26',1,'08029433747','','/assets/images/profiles/1448825761.jpg',1,'','2015-11-21 08:52:19',0),(2031,3,'BASIT','','OKUBADEJO','','basit','','2013-06-11',1,'07058953144','','/assets/images/profiles/1448825848.jpg',1,'','2015-11-21 08:57:24',0),(2032,3,'IYANUOLUWA','ELIJAH','ADENUGA','','iyanuoluwa','','2013-09-06',1,'07033563633','','/assets/images/profiles/1448825925.jpg',1,'','2015-11-21 09:01:12',0),(2033,3,'AMIRAT','','OKUBADEJO','','amirat','','2011-02-25',2,'07058953144','','/assets/images/profiles/1448825739.jpg',1,'','2015-11-21 09:03:19',0),(2034,3,'NOFISAT','','OKUBADEJO','','nofisat','','2009-01-05',2,'07058953144','','/assets/images/profiles/1448825367.jpg',1,'','2015-11-21 09:05:09',0),(2035,3,'SAMIHAT','','JIMOH','','samihat','','2001-01-02',2,'08089040262','','/assets/images/profiles/1448825296.jpg',1,'','2015-11-23 22:45:06',0),(2036,3,'OLATEJU','YAZID','ABDULRASAQ','','olateju','','2011-03-04',1,'08023178636','','/assets/images/profiles/1448825202.jpg',1,'','2015-11-23 22:51:39',0),(2037,3,'AKOREDE','MIRWAIZ','ABDULRASAQ','','akorede','','2009-01-01',1,'08090770444','','/assets/images/profiles/1448825472.jpg',1,'','2015-11-26 23:25:10',0),(2039,3,'BABAJIDE','TAMIMU','ABDULRASAQ','','babajide','','2007-07-08',1,'08090770444','','/assets/images/profiles/1448825607.jpg',1,'','2015-11-26 23:30:49',0),(2040,3,'OGHENEOSIVWE','REJOICE','AGBANOWA','','ogheneosivwe','','2009-05-14',2,'08055525073','','/assets/images/profiles/1467698812.jpg',1,'','2015-11-26 23:34:39',0),(2041,3,'OLAMIDE','ELIZABETH','OBAYAN','','olamide','','2008-04-26',2,'08058900098','','/assets/images/profiles/1448825423.jpg',1,'','2015-11-26 23:37:24',0),(2042,1,'FUNMILAYO','OLUYEMI','BABATUNDE','','funmilayo','$2y$10$C2jEDAMNq0RBC/0jDIPWqeWyAfmF4CEtCHoi/1SDqZL9dBlgBP7rm','1975-05-07',2,'08123655310','','',1,'','2015-11-28 14:58:22',0),(2043,1,'OYINLOLA','','OBAYAN','','oyinlola','$2y$10$e8o8hn7VBKQEqbDrd2kXeeC6ZrK1sGCAiTJPv4eMt.Jz9MZuEQQce','1974-07-05',2,'08058900098','','',1,'','2015-11-28 15:01:57',0),(2044,1,'OLAJUMOKE','OLUWAFUNMILAYO','OLANIYI','','olajumoke','$2y$10$A/mB5Bk/lInp2quVSdKRau/DHMiYLT1fPcwJa3cWKtoMpSu3Ao3pG','1975-04-20',2,'07017344899','','',1,'','2015-11-28 15:06:12',0),(2045,3,'RILWAN','OLAMIDE','ADEKUNLE','','rilwan','','2005-08-19',1,'08053548124','','/assets/images/profiles/1467699699.jpg',1,'','2015-12-05 20:40:34',0),(2046,3,'DAMILOLA','','AKINFESO','','damilola','','2005-04-03',2,'08035795930','','/assets/images/profiles/1467699765.jpg',1,'','2015-12-05 20:42:20',0),(2049,3,'SULTAN','AYOMIDE','ADEKUNLE','','sultan','','2007-11-11',1,'08053548124','','/assets/images/profiles/1467698886.jpg',1,'','2015-12-05 22:51:12',0),(2050,3,'SHARON','','MICHEAL','','sharon','','2011-06-26',2,'','','/assets/images/profiles/1467700656.jpg',1,'','2016-03-23 16:22:50',0),(2051,3,'OLUWAFIREWAMIRI','','BALOGUN','','ire','','2014-04-29',1,'08023790892','','/assets/images/profiles/1467700402.jpg',1,'','2016-03-23 16:32:35',0),(2052,3,'LILIAN','','SHELU','','lilian','','2008-08-18',2,'08163204519','','',1,'','2016-03-24 13:36:59',0),(2053,3,'MAGDALENE','','DIAKPOMRERE','','magdalene','','2005-08-17',2,'08065113917','','/assets/images/profiles/1467700285.jpg',1,'','2016-03-24 17:25:29',0),(2054,3,'MORUFAT','KEHINDE','KEHINDE','','morufat','','2007-05-20',2,'08050956315','','/assets/images/profiles/1458836843.jpg',1,'','2016-03-24 17:27:23',0),(2055,3,'NATHANIEL','','DIAKPOMRERE','','nathaniel','','2008-02-02',1,'','','/assets/images/profiles/1467700174.jpg',1,'','2016-03-25 15:43:29',0),(2056,3,'DAMILOLA','','LATEEF','','damilola','','2004-11-02',2,'08029582892','','/assets/images/profiles/1467699886.jpg',1,'','2016-03-26 16:20:17',0),(2057,3,'AZEEZ','','OLALEKAN','','azeez','','2004-10-03',1,'08082866824','','',1,'','2016-03-26 16:21:43',0),(2058,3,'SOFIAT','','JIMOH','','sofiat','','2013-07-25',2,'080890400262','','/assets/images/profiles/1467700458.jpg',1,'','2016-03-28 08:38:59',0),(2059,3,'MICHEAL','','CHUKUKA','','micheal','','2013-05-09',1,'08130215362','','',1,'','2016-03-28 08:42:37',0),(2060,3,'MOYINOLUWA','','IDOWU','','moyinoluwa','','2014-06-04',2,'08131104867','','/assets/images/profiles/1467700542.jpg',1,'','2016-03-28 08:45:16',0),(2061,3,'KOREDE','','ADEBOYE','','korede','','2014-02-05',1,'07086344841','','/assets/images/profiles/1467700577.jpg',1,'','2016-03-28 09:23:47',0),(2062,3,'MERCY','','BABATUNDE','','mercy','','2009-06-10',2,'08039304569','','/assets/images/profiles/1467700035.jpg',1,'','2016-03-31 20:00:37',0),(2063,3,'VICTORIA','','SHELU','','victoria','','2010-01-13',2,'08034741415','','',1,'','2016-03-31 20:02:52',0),(2064,3,'BUYIKUNMI','','BALOGUN','','balogunbuyi','','1970-01-01',2,'','','',1,'','2016-07-06 11:37:55',0);
/*!40000 ALTER TABLE `person` ENABLE KEYS */;
UNLOCK TABLES;

--
-- Table structure for table `person_type`
--

DROP TABLE IF EXISTS `person_type`;
/*!40101 SET @saved_cs_client     = @@character_set_client */;
/*!40101 SET character_set_client = utf8 */;
CREATE TABLE `person_type` (
  `person_type_id` int(11) NOT NULL AUTO_INCREMENT,
  `name` varchar(45) DEFAULT NULL,
  `desc` varchar(100) DEFAULT NULL,
  PRIMARY KEY (`person_type_id`)
) ENGINE=InnoDB DEFAULT CHARSET=utf8;
/*!40101 SET character_set_client = @saved_cs_client */;

--
-- Dumping data for table `person_type`
--

LOCK TABLES `person_type` WRITE;
/*!40000 ALTER TABLE `person_type` DISABLE KEYS */;
/*!40000 ALTER TABLE `person_type` ENABLE KEYS */;
UNLOCK TABLES;

--
-- Table structure for table `session_term`
--

DROP TABLE IF EXISTS `session_term`;
/*!40101 SET @saved_cs_client     = @@character_set_client */;
/*!40101 SET character_set_client = utf8 */;
CREATE TABLE `session_term` (
  `session_term_id` int(11) NOT NULL AUTO_INCREMENT,
  `session_nm` varchar(50) DEFAULT NULL,
  `term` varchar(50) DEFAULT NULL,
  `class_id` int(11) DEFAULT NULL,
  `ius_yn` tinyint(1) DEFAULT NULL,
  `session_term_desc` varchar(100) DEFAULT NULL,
  `term_start` datetime NOT NULL,
  `term_end` datetime NOT NULL,
  `create_date` timestamp NULL DEFAULT CURRENT_TIMESTAMP,
  PRIMARY KEY (`session_term_id`)
) ENGINE=InnoDB AUTO_INCREMENT=2034 DEFAULT CHARSET=utf8;
/*!40101 SET character_set_client = @saved_cs_client */;

--
-- Dumping data for table `session_term`
--

LOCK TABLES `session_term` WRITE;
/*!40000 ALTER TABLE `session_term` DISABLE KEYS */;
INSERT INTO `session_term` VALUES (2001,'2015/2016','1',2,0,'2015/2016 session, 1st term','2016-07-15 00:00:00','0000-00-00 00:00:00','2015-10-17 21:49:29'),(2002,'2015/2016','2',2,0,'2015/2016 session, 2st term','2016-01-11 00:00:00','0000-00-00 00:00:00','2015-10-17 21:49:29'),(2003,'2015/2016','3',2,1,'2015/2016 session, 3rd term','2016-04-11 00:00:00','0000-00-00 00:00:00','2015-10-16 20:25:25'),(2004,'2015/2016','1',1,0,'2015/2016 session, 1st term','2016-07-15 00:00:00','0000-00-00 00:00:00','2015-10-19 01:27:54'),(2005,'2015/2016','2',1,0,'2015/2016 session, 2nd term','2016-01-11 00:00:00','0000-00-00 00:00:00','2015-10-17 20:29:30'),(2006,'2015/2016','3',1,0,'2015/2016 session, 3rd term','2016-04-11 00:00:00','0000-00-00 00:00:00','2015-10-19 01:27:54'),(2007,'2015/2016','1',3,0,'2015/2016 session, 1st term','2016-07-15 00:00:00','0000-00-00 00:00:00','0000-00-00 00:00:00'),(2008,'2015/2016','2',3,0,'2015/2016 session, 2nd term','2016-01-11 00:00:00','0000-00-00 00:00:00','0000-00-00 00:00:00'),(2009,'2015/2016','3',3,1,'2015/2016 session, 3rd term','2016-04-11 00:00:00','0000-00-00 00:00:00','0000-00-00 00:00:00'),(2010,'2015/2016','1',4,0,'2015/2016 session, 1st term','2016-07-15 00:00:00','0000-00-00 00:00:00','0000-00-00 00:00:00'),(2011,'2015/2016','2',4,0,'2015/2016 session, 2nd term','2016-01-11 00:00:00','0000-00-00 00:00:00','0000-00-00 00:00:00'),(2012,'2015/2016','3',4,1,'2015/2016 session, 3rd term','2016-04-11 00:00:00','0000-00-00 00:00:00','0000-00-00 00:00:00'),(2013,'2015/2016','1',5,0,'2015/2016 session, 1st term','2016-07-15 00:00:00','0000-00-00 00:00:00','0000-00-00 00:00:00'),(2014,'2015/2016','2',5,0,'2015/2016 session, 2nd term','2016-01-11 00:00:00','0000-00-00 00:00:00','0000-00-00 00:00:00'),(2015,'2015/2016','3',5,1,'2015/2016 session, 3rd term','2016-04-11 00:00:00','0000-00-00 00:00:00','0000-00-00 00:00:00'),(2016,'2015/2016','1',6,0,'2015/2016 session, 1st term','2016-07-15 00:00:00','0000-00-00 00:00:00','0000-00-00 00:00:00'),(2017,'2015/2016','2',6,0,'2015/2016 session, 2nd term','2016-01-11 00:00:00','0000-00-00 00:00:00','0000-00-00 00:00:00'),(2018,'2015/2016','3',6,1,'2015/2016 session, 3rd term','2016-04-11 00:00:00','0000-00-00 00:00:00','0000-00-00 00:00:00'),(2019,'2015/2016','1',7,0,'2015/2016 session, 1st term','2016-07-15 00:00:00','0000-00-00 00:00:00','0000-00-00 00:00:00'),(2020,'2015/2016','2',7,0,'2015/2016 session, 2nd term','2016-01-11 00:00:00','0000-00-00 00:00:00','0000-00-00 00:00:00'),(2021,'2015/2016','3',7,1,'2015/2016 session, 3rd term','2016-04-11 00:00:00','0000-00-00 00:00:00','0000-00-00 00:00:00'),(2022,'2015/2016','1',9,0,'2015/2016 session, 1st term','2016-07-15 00:00:00','0000-00-00 00:00:00','0000-00-00 00:00:00'),(2023,'2015/2016','2',9,0,'2015/2016 session, 2nd term','2016-01-11 00:00:00','0000-00-00 00:00:00','0000-00-00 00:00:00'),(2024,'2015/2016','3',9,1,'2015/2016 session, 3rd term','2016-04-11 00:00:00','0000-00-00 00:00:00','0000-00-00 00:00:00'),(2025,'2015/2016','1',8,0,'2015/2016 session, 1st term','2016-07-15 00:00:00','0000-00-00 00:00:00','0000-00-00 00:00:00'),(2026,'2015/2016','2',8,0,'2015/2016 session, 2nd term','2016-01-11 00:00:00','0000-00-00 00:00:00','0000-00-00 00:00:00'),(2029,'2015/2016','3',8,1,'2015/2016 session, 3rd term','2016-04-11 00:00:00','0000-00-00 00:00:00','0000-00-00 00:00:00'),(2030,'2015/2016','1',10,0,'2015/2016 session, 1st term','2016-07-15 00:00:00','0000-00-00 00:00:00','2015-11-28 18:50:36'),(2031,'2015/2016','2',10,0,'2015/2016 session, 2nd term','2016-01-11 00:00:00','0000-00-00 00:00:00','0000-00-00 00:00:00'),(2032,'2015/2016','3',10,1,'2015/2016 session, 3rd term','2016-04-11 00:00:00','0000-00-00 00:00:00','0000-00-00 00:00:00'),(2033,'2016/2017','1',1,1,'2016/2017 session, 1st term','2017-01-02 00:00:00','2016-07-11 13:54:02','2016-07-11 12:54:02');
/*!40000 ALTER TABLE `session_term` ENABLE KEYS */;
UNLOCK TABLES;

--
-- Table structure for table `student`
--

DROP TABLE IF EXISTS `student`;
/*!40101 SET @saved_cs_client     = @@character_set_client */;
/*!40101 SET character_set_client = utf8 */;
CREATE TABLE `student` (
  `student_id` int(11) NOT NULL,
  `class_id` int(11) DEFAULT NULL,
  `parent_id` int(11) DEFAULT NULL,
  `adminNo` varchar(45) DEFAULT NULL,
  `times_present` int(11) DEFAULT NULL,
  `times_punctual` int(11) DEFAULT NULL,
  `teacher_comment` varchar(500) DEFAULT NULL,
  `principal_comment` varchar(500) DEFAULT NULL,
  PRIMARY KEY (`student_id`),
  KEY `fk_student_parent1_idx` (`parent_id`),
  KEY `fk_student_class1_idx` (`class_id`)
) ENGINE=InnoDB DEFAULT CHARSET=utf8 COMMENT='Describes a student.\nA Student is a Person';
/*!40101 SET character_set_client = @saved_cs_client */;

--
-- Dumping data for table `student`
--

LOCK TABLES `student` WRITE;
/*!40000 ALTER TABLE `student` DISABLE KEYS */;
INSERT INTO `student` VALUES (2025,4,0,'TCS/2015/4/001',102,104,'She is humble and always ready to learn.','Good result keep it up.'),(2026,7,0,'TCS/2015/7/001',120,120,'She is an easy going girl, with a very soft mind.','Good result, you can perform better next term .'),(2027,9,0,'TCS/2015/9/001',102,104,'He is active and intelligent.','Excellent result keep it up.'),(2028,1,0,'TCS/2015/1/001',102,104,'He is very intelligent but restless and playful.','Good result keep it up.'),(2029,9,0,'TCS/2015/9/002',102,104,'She  is very active  and ready to learn.','Excellent result keep it up.'),(2030,9,0,'TCS/2015/9/003',96,104,'He is a very brilliant and active boy','Excellent result keep it up.'),(2031,9,0,'TCS/2015/9/004',100,104,'He is improving very well and ready to learn.','Good performance,keep it up'),(2032,9,0,'TCS/2015/9/005',100,104,'He is active,good at oral drills but needs more assistance in writing. ','Good result,keep it up.'),(2033,7,0,'TCS/2015/7/002',126,126,'She is an active girl and learn very easily.','Good result, you can still do better next term.'),(2034,2,0,'TCS/2015/2/002',100,104,'She is very hardworking,obedient and eager to learn.','Good result keep it up.'),(2035,1,0,'TCS/2015/1/002',100,100,'She is an Obedient girl, always ready to learn and needs to improve in her spelling.','Good result, you can still do better next term.'),(2036,1,0,'TCS/2015/1/003',94,94,'He is very intelligent but lazy. He always wants to be pushed before making an attempt.','Good result, you can perform better next term .'),(2037,3,0,'TCS/2015/3/001',98,104,'He is an intelligent boy, ready to learn but sometimes looses concentration.','Good result keep it up.'),(2039,4,0,'TCS/2015/4/002',98,104,'He is a gentle boy but he still needs to improve in his studies.','Average result,you can perform better next term.'),(2040,2,0,'TCS/2015/2/001',98,104,'She is obedient but needs to put in more effort in her studies.','Good result, you can still do better next term.'),(2041,3,0,'TCS/2015/3/002',102,104,'She is brilliant, ready to learn but ignores instructions.','Good result keep it up.'),(2045,10,0,'TCS/2015/10/001',104,104,'He is active in class but gradually gets distracted','Good result, you can still do better next term.'),(2046,10,0,'TCS/2015/10/002',104,104,'She is intelligent but needs to be more studious.','Average performance try harder next term.'),(2049,2,0,'TCS/2015/2/003',104,104,'He is active and eager to learn but he is very restless.','Good result keep it up.'),(2050,7,0,'TCS/2016/7/003',0,0,'She is an Obedient girl and always ready to learn.','Excellent performance keep it up.'),(2051,9,0,'TCS/2016/9/006',90,104,'He is responding to class activities especially in oral drills.','Good result, you can perform better next term .'),(2052,4,0,'TCS/2016/4/003',30,104,'She is respectful but still needs to focus solely on her studies for a better performance.','Average result,you can perform better next term.'),(2053,4,0,'TCS/2016/4/004',84,104,'She is eager to learn but she still needs to put in her best.','Average performance try harder next term.'),(2054,4,0,'TCS/2016/4/005',104,104,'She is an active child, she needs concentration at home and in school.','Average performance try harder next term.'),(2055,3,0,'TCS/2016/3/003',84,104,'He is an Obedient boy but needs to put more effort in his studies.','Average result,you can perform better next term.'),(2056,10,0,'TCS/2016/10/005',96,104,'She is willing to learn and active in class.','Average result,she needs to concentrate more to her studies.'),(2057,10,0,'TCS/2016/10/006',38,104,'He is an intelligent boy and always willing to learn.','Good result keep it up.'),(2058,9,0,'TCS/2016/9/007',98,104,'She is responding to class activities and ready to learn.','Good result, you can perform better next term .'),(2059,9,0,'TCS/2016/9/008',88,104,'He is improving very well and responds to class activities.','Good result, you can perform better next term .'),(2060,9,0,'TCS/2016/9/009',98,104,'She is improving very well but needs assistance at home.','Average result,you can perform better next term.'),(2061,9,0,'TCS/2016/9/010',98,104,'He is active and restless but very friendly.','Average result,you can perform better next term.'),(2062,2,0,'TCS/2016/2/004',98,104,'She is very active and eager to learn.','Good result, you can do better next term .'),(2063,2,0,'TCS/2016/2/005',30,104,'She is a very obedient child and she learns easily.','Good result, you can still do better next term.'),(2064,3,0,'TCS/2016/3/004',0,0,'','');
/*!40000 ALTER TABLE `student` ENABLE KEYS */;
UNLOCK TABLES;

--
-- Table structure for table `student_subject`
--

DROP TABLE IF EXISTS `student_subject`;
/*!40101 SET @saved_cs_client     = @@character_set_client */;
/*!40101 SET character_set_client = utf8 */;
CREATE TABLE `student_subject` (
  `student_subject_id` int(11) NOT NULL AUTO_INCREMENT,
  `student_id` int(11) DEFAULT NULL,
  `subject_id` int(11) DEFAULT NULL,
  PRIMARY KEY (`student_subject_id`)
) ENGINE=InnoDB DEFAULT CHARSET=utf8;
/*!40101 SET character_set_client = @saved_cs_client */;

--
-- Dumping data for table `student_subject`
--

LOCK TABLES `student_subject` WRITE;
/*!40000 ALTER TABLE `student_subject` DISABLE KEYS */;
/*!40000 ALTER TABLE `student_subject` ENABLE KEYS */;
UNLOCK TABLES;

--
-- Table structure for table `t_wb_lov`
--

DROP TABLE IF EXISTS `t_wb_lov`;
/*!40101 SET @saved_cs_client     = @@character_set_client */;
/*!40101 SET character_set_client = utf8 */;
CREATE TABLE `t_wb_lov` (
  `r_k` int(11) NOT NULL AUTO_INCREMENT,
  `dm_yn` tinyint(1) DEFAULT '0',
  `par_id` int(11) DEFAULT '0',
  `def_id` varchar(15) DEFAULT NULL,
  `val_id` varchar(10) DEFAULT NULL,
  `val_dsc` varchar(50) DEFAULT NULL,
  PRIMARY KEY (`r_k`)
) ENGINE=InnoDB AUTO_INCREMENT=2041 DEFAULT CHARSET=utf8 COMMENT='Settings table.\nHolds various settings especially to populat /* comment truncated */ /*e LOVs*/';
/*!40101 SET character_set_client = @saved_cs_client */;

--
-- Dumping data for table `t_wb_lov`
--

LOCK TABLES `t_wb_lov` WRITE;
/*!40000 ALTER TABLE `t_wb_lov` DISABLE KEYS */;
INSERT INTO `t_wb_lov` VALUES (1011,1,0,'00-SEX','1','Male'),(1012,1,0,'00-SEX','2','Female'),(1013,0,0,'CTC-CTR','NIG','Nigeria'),(1014,0,0,'CTC-CTR','USA','United State Of America'),(1015,1,0,'00-STAT','0','Pending'),(1016,1,0,'00-STAT','1','Approved'),(1017,1,0,'00-STAT','2','Rejected'),(1018,1,0,'00-STAT','3','Cancelled'),(1019,0,1013,'CTC-STA','AB','Abia'),(1020,0,1013,'CTC-STA','AD','Adamawa'),(1021,0,1013,'CTC-STA','AK','Akwa Ibom'),(1022,0,1013,'CTC-STA','AN','Anambra'),(1023,0,1013,'CTC-STA','BA','Bauchi'),(1024,0,1013,'CTC-STA','BY','Bayelsa'),(1025,0,1013,'CTC-STA','BE','Benue'),(1026,0,1013,'CTC-STA','BO','Borno'),(1027,0,1013,'CTC-STA','CR','Cross River'),(1028,0,1013,'CTC-STA','DE','Delta'),(1029,0,1013,'CTC-STA','EB','Ebonyi'),(1030,0,1013,'CTC-STA','ED','Edo'),(1031,0,1013,'CTC-STA','EK','Ekiti'),(1032,0,1013,'CTC-STA','EN','Enugu'),(1033,0,1013,'CTC-STA','FC','Federal Capital Territory'),(1034,0,1013,'CTC-STA','GO','Gombe'),(1035,0,1013,'CTC-STA','IM','Imo'),(1036,0,1013,'CTC-STA','JI','Jigawa'),(1037,0,1013,'CTC-STA','KD','Kaduna'),(1038,0,1013,'CTC-STA','KN','Kano'),(1039,0,1013,'CTC-STA','KT','Katsina'),(1040,0,1013,'CTC-STA','KE','Kebbi'),(1041,0,1013,'CTC-STA','KO','Kogi'),(1042,0,1013,'CTC-STA','KW','Kwara'),(1043,0,1013,'CTC-STA','LA','Lagos'),(1044,0,1013,'CTC-STA','NA','Nasarawa'),(1045,0,1013,'CTC-STA','NI','Niger'),(1046,0,1013,'CTC-STA','OG','Ogun'),(1047,0,1013,'CTC-STA','ON','Ondo'),(1048,0,1013,'CTC-STA','OS','Osun'),(1049,0,1013,'CTC-STA','OY','Oyo'),(1050,0,1013,'CTC-STA','PL','Plateau'),(1051,0,1013,'CTC-STA','RI','Rivers'),(1052,0,1013,'CTC-STA','SO','Sokoto'),(1053,0,1013,'CTC-STA','TA','Taraba'),(1054,0,1013,'CTC-STA','YO','Yobe'),(1055,0,1013,'CTC-STA','ZA','Zamfara'),(1056,0,1014,'CTC-STA','AL','Alabama'),(1057,0,1014,'CTC-STA','AK','Alaska'),(1058,0,0,'00-TT','1','Admin'),(1059,0,0,'00-TT','2','General'),(2001,0,0,'00-SUBJ','Maths','Mathematics'),(2002,0,0,'00-SUBJ','Eng','English'),(2003,0,0,'CLS-SCTN','A','Section A'),(2004,0,0,'CLS-SCTN','B','Section B'),(2005,0,0,'CLS-SCTN','C','Section C'),(2006,0,0,'00-SUBJ','SocStud','Social Studies'),(2007,0,0,'00-SUBJ','NumWork','Number Work'),(2008,0,0,'00-SUBJ','HlthHab','Health Habit'),(2009,0,0,'00-SUBJ','LettWrk','Letter Work'),(2010,0,0,'00-SUBJ','SocHab','Social Habit'),(2011,0,0,'00-SUBJ','Write','Writing'),(2012,0,0,'00-SUBJ','Rhym','Rhymes'),(2013,0,0,'00-SUBJ','Draw&Color','Drawing & Colouring'),(2014,0,0,'00-SUBJ','Read','Reading'),(2015,0,0,'00-SUBJ','Phncs','Phonics'),(2016,0,0,'00-SUBJ','Sci','Science'),(2017,0,0,'00-SUBJ','Frnh','French'),(2018,0,0,'00-SUBJ','verbal','Verbal Reasoning'),(2019,0,0,'00-SUBJ','Quantitati','Quantitative reasoning'),(2020,0,0,'00-SUBJ','Msc','Music'),(2021,0,0,'00-SUBJ','SocSci','Social Science'),(2022,0,0,'00-SUBJ','CivicEdu','Civic Education'),(2023,0,0,'00-SUBJ','Voctnal','Vocational Aptitude'),(2024,0,0,'00-SUBJ','HandWri','Handwriting'),(2025,0,0,'00-SUBJ','BasSci','Basic Science'),(2026,0,0,'00-SUBJ','Vrbl','Verbal'),(2027,0,0,'00-SUBJ','Agric','Agricultural Science'),(2028,0,0,'00-SUBJ','EngLit','English Literature'),(2029,0,0,'00-SUBJ','EngGram','English Grammar'),(2030,0,0,'00-SUBJ','CRS','Christian Religious Studies'),(2031,0,0,'00-SUBJ','PHE','Physical & Health Education'),(2032,0,0,'00-SUBJ','Computer','Computer Studies'),(2033,0,0,'00-SUBJ','HomeEcons','Home Economics'),(2034,0,0,'00-SUBJ','Yor','Yoruba'),(2035,0,0,'00-SUBJ','EngComp','English Composition'),(2036,0,0,'00-SUBJ','MentMaths','Mental Maths'),(2037,0,0,'00-SUBJ','CCA','C.C.A.'),(2038,0,0,'00-SUBJ','BasicTech','Basic Tech.'),(2039,0,0,'00-SUBJ','BusStd','Business Studies'),(2040,0,0,'00-SUBJ','Morals','Moral Instruction');
/*!40000 ALTER TABLE `t_wb_lov` ENABLE KEYS */;
UNLOCK TABLES;

--
-- Table structure for table `teacher`
--

DROP TABLE IF EXISTS `teacher`;
/*!40101 SET @saved_cs_client     = @@character_set_client */;
/*!40101 SET character_set_client = utf8 */;
CREATE TABLE `teacher` (
  `teacher_id` int(11) NOT NULL AUTO_INCREMENT,
  `teacher_type_id` int(11) DEFAULT NULL,
  PRIMARY KEY (`teacher_id`)
) ENGINE=InnoDB AUTO_INCREMENT=2045 DEFAULT CHARSET=utf8;
/*!40101 SET character_set_client = @saved_cs_client */;

--
-- Dumping data for table `teacher`
--

LOCK TABLES `teacher` WRITE;
/*!40000 ALTER TABLE `teacher` DISABLE KEYS */;
INSERT INTO `teacher` VALUES (2001,1),(2011,2),(2012,2),(2015,2),(2016,2),(2017,2),(2018,2),(2042,2),(2043,2),(2044,2);
/*!40000 ALTER TABLE `teacher` ENABLE KEYS */;
UNLOCK TABLES;
/*!40103 SET TIME_ZONE=@OLD_TIME_ZONE */;

/*!40101 SET SQL_MODE=@OLD_SQL_MODE */;
/*!40014 SET FOREIGN_KEY_CHECKS=@OLD_FOREIGN_KEY_CHECKS */;
/*!40014 SET UNIQUE_CHECKS=@OLD_UNIQUE_CHECKS */;
/*!40101 SET CHARACTER_SET_CLIENT=@OLD_CHARACTER_SET_CLIENT */;
/*!40101 SET CHARACTER_SET_RESULTS=@OLD_CHARACTER_SET_RESULTS */;
/*!40101 SET COLLATION_CONNECTION=@OLD_COLLATION_CONNECTION */;
/*!40111 SET SQL_NOTES=@OLD_SQL_NOTES */;

-- Dump completed on 2016-12-07 13:20:26
