/*!40101 SET @OLD_CHARACTER_SET_CLIENT=@@CHARACTER_SET_CLIENT */;
/*!40101 SET @OLD_CHARACTER_SET_RESULTS=@@CHARACTER_SET_RESULTS */;
/*!40101 SET @OLD_COLLATION_CONNECTION=@@COLLATION_CONNECTION */;
/*!40101 SET NAMES utf8 */;
/*!40103 SET @OLD_TIME_ZONE=@@TIME_ZONE */;
/*!40103 SET TIME_ZONE='+00:00' */;
/*!40014 SET @OLD_UNIQUE_CHECKS=@@UNIQUE_CHECKS, UNIQUE_CHECKS=0 */;
/*!40014 SET @OLD_FOREIGN_KEY_CHECKS=@@FOREIGN_KEY_CHECKS, FOREIGN_KEY_CHECKS=0 */;
/*!40101 SET @OLD_SQL_MODE=@@SQL_MODE, SQL_MODE='NO_AUTO_VALUE_ON_ZERO' */;
/*!40111 SET @OLD_SQL_NOTES=@@SQL_NOTES, SQL_NOTES=0 */;

--
-- Table structure for table `authroles`
--
DROP TABLE IF EXISTS class;
/*!40101 SET @saved_cs_client     = @@character_set_client */;
/*!40101 SET character_set_client = utf8 */;

CREATE TABLE `class` (
  `class_id` int(11) NOT NULL AUTO_INCREMENT,
  `class` varchar(45) DEFAULT NULL,
  `section_id` varchar(45) DEFAULT NULL,
  `last_stud_id` int(11) DEFAULT '1',
  `class_name` varchar(45) DEFAULT NULL,
  `class_desc` varchar(100) DEFAULT NULL,
  PRIMARY KEY (`class_id`)
) ENGINE=InnoDB AUTO_INCREMENT=11 DEFAULT CHARSET=utf8;

/*!40101 SET character_set_client = @saved_cs_client */;

--
-- Dumping data for table `authroles`
--
LOCK TABLES `class` WRITE;
/*!40000 ALTER TABLE `class`  DISABLE KEYS */;
INSERT INTO class VALUES("1","Primary 1","A","4"," Basic 1 ","");
INSERT INTO class VALUES("2","Primary 2","A","6","Basic 2","");
INSERT INTO class VALUES("3","Primary 3","A","5","Basic 3","");
INSERT INTO class VALUES("4","Primary 4","A","6","Basic 4","");
INSERT INTO class VALUES("5","Primary 5","A","1","Basic 5","");
INSERT INTO class VALUES("6","Primary 6","A","1","Basic 6","");
INSERT INTO class VALUES("7","Nursery 2","A","4","Nur 2","");
INSERT INTO class VALUES("8","Nursery 1","A","1","Nur 1","");
INSERT INTO class VALUES("9","Preparatory","A","11","PREP","");
INSERT INTO class VALUES("10","Junior Sec. Sch. 1","A","7","JSS1","");
/*!40000 ALTER TABLE `class`  ENABLE KEYS */;
UNLOCK TABLES;




--
-- Table structure for table `authroles`
--
DROP TABLE IF EXISTS class_subject;
/*!40101 SET @saved_cs_client     = @@character_set_client */;
/*!40101 SET character_set_client = utf8 */;

CREATE TABLE `class_subject` (
  `class_subject_id` int(11) NOT NULL AUTO_INCREMENT,
  `class_id` int(11) DEFAULT NULL,
  `subject_id` varchar(10) DEFAULT NULL,
  `teacher_id` int(11) DEFAULT NULL,
  `created` datetime DEFAULT NULL,
  `last_modified` timestamp NULL DEFAULT NULL ON UPDATE CURRENT_TIMESTAMP,
  `ins_yn` tinyint(1) DEFAULT '1',
  PRIMARY KEY (`class_subject_id`),
  KEY `fk_class_subject_class1_idx` (`class_id`),
  KEY `fk_class_subject_teacher1_idx` (`teacher_id`),
  CONSTRAINT `fk_class_subject_class1` FOREIGN KEY (`class_id`) REFERENCES `class` (`class_id`) ON DELETE NO ACTION ON UPDATE NO ACTION,
  CONSTRAINT `fk_class_subject_teacher1` FOREIGN KEY (`teacher_id`) REFERENCES `teacher` (`teacher_id`) ON DELETE NO ACTION ON UPDATE NO ACTION
) ENGINE=InnoDB AUTO_INCREMENT=259 DEFAULT CHARSET=utf8;

/*!40101 SET character_set_client = @saved_cs_client */;

--
-- Dumping data for table `authroles`
--
LOCK TABLES `class_subject` WRITE;
/*!40000 ALTER TABLE `class_subject`  DISABLE KEYS */;
INSERT INTO class_subject VALUES("5","1","Maths","2015","2015-10-17 17:30:22","2015-11-28 20:35:09","1");
INSERT INTO class_subject VALUES("6","1","Eng","2015","2015-10-17 17:30:22","2015-11-28 20:35:05","1");
INSERT INTO class_subject VALUES("10","1","SocStud","2015","2015-10-17 17:30:26","2015-11-28 20:32:14","1");
INSERT INTO class_subject VALUES("143","1","Phncs","2015","2015-11-28 15:32:14","0000-00-00 00:00:00","1");
INSERT INTO class_subject VALUES("144","1","Frnh","2015","2015-11-28 15:32:14","0000-00-00 00:00:00","1");
INSERT INTO class_subject VALUES("145","1","verbal","2015","2015-11-28 15:32:14","0000-00-00 00:00:00","1");
INSERT INTO class_subject VALUES("146","1","Quantitati","2015","2015-11-28 15:32:14","0000-00-00 00:00:00","1");
INSERT INTO class_subject VALUES("147","1","CivicEdu","2015","2015-11-28 15:32:14","0000-00-00 00:00:00","1");
INSERT INTO class_subject VALUES("148","1","Voctnal","2015","2015-11-28 15:32:14","0000-00-00 00:00:00","1");
INSERT INTO class_subject VALUES("149","1","HandWri","2015","2015-11-28 15:32:14","0000-00-00 00:00:00","1");
INSERT INTO class_subject VALUES("150","1","BasSci","2015","2015-11-28 15:32:14","0000-00-00 00:00:00","1");
INSERT INTO class_subject VALUES("151","1","Agric","2015","2015-11-28 15:32:14","0000-00-00 00:00:00","1");
INSERT INTO class_subject VALUES("152","1","CRS","2015","2015-11-28 15:32:14","0000-00-00 00:00:00","1");
INSERT INTO class_subject VALUES("153","1","PHE","2015","2015-11-28 15:32:14","0000-00-00 00:00:00","1");
INSERT INTO class_subject VALUES("154","1","Computer","2015","2015-11-28 15:32:14","0000-00-00 00:00:00","1");
INSERT INTO class_subject VALUES("155","1","HomeEcons","2015","2015-11-28 15:32:14","0000-00-00 00:00:00","1");
INSERT INTO class_subject VALUES("156","1","Yor","2015","2015-11-28 15:32:14","0000-00-00 00:00:00","1");
INSERT INTO class_subject VALUES("157","1","CCA","2015","2015-11-28 15:32:14","0000-00-00 00:00:00","1");
INSERT INTO class_subject VALUES("158","7","NumWork","2011","2015-12-05 14:13:45","0000-00-00 00:00:00","1");
INSERT INTO class_subject VALUES("159","7","HlthHab","2011","2015-12-05 14:13:45","0000-00-00 00:00:00","1");
INSERT INTO class_subject VALUES("160","7","LettWrk","2011","2015-12-05 14:13:45","0000-00-00 00:00:00","1");
INSERT INTO class_subject VALUES("161","7","SocHab","2011","2015-12-05 14:13:45","0000-00-00 00:00:00","1");
INSERT INTO class_subject VALUES("162","7","Phncs","2011","2015-12-05 14:13:45","0000-00-00 00:00:00","1");
INSERT INTO class_subject VALUES("163","7","Sci","2011","2015-12-05 14:13:45","0000-00-00 00:00:00","1");
INSERT INTO class_subject VALUES("164","7","CRS","2011","2015-12-05 14:13:45","0000-00-00 00:00:00","1");
INSERT INTO class_subject VALUES("165","7","Morals","2011","2015-12-05 14:13:45","0000-00-00 00:00:00","1");
INSERT INTO class_subject VALUES("166","7","Draw&Color","2011","2015-12-05 14:29:47","0000-00-00 00:00:00","1");
INSERT INTO class_subject VALUES("167","7","Frnh","2011","2015-12-05 14:29:47","2016-03-24 00:14:46","1");
INSERT INTO class_subject VALUES("168","9","NumWork","2042","2015-12-05 14:45:10","0000-00-00 00:00:00","1");
INSERT INTO class_subject VALUES("169","9","HlthHab","2042","2015-12-05 14:45:10","0000-00-00 00:00:00","1");
INSERT INTO class_subject VALUES("170","9","LettWrk","2042","2015-12-05 14:45:10","0000-00-00 00:00:00","1");
INSERT INTO class_subject VALUES("171","9","SocHab","2042","2015-12-05 14:45:10","0000-00-00 00:00:00","1");
INSERT INTO class_subject VALUES("172","9","Rhym","2042","2015-12-05 14:45:11","0000-00-00 00:00:00","1");
INSERT INTO class_subject VALUES("173","9","Draw&Color","2042","2015-12-05 14:45:11","0000-00-00 00:00:00","1");
INSERT INTO class_subject VALUES("174","9","Phncs","2042","2015-12-05 14:45:11","0000-00-00 00:00:00","1");
INSERT INTO class_subject VALUES("175","9","Sci","2042","2015-12-05 14:45:11","0000-00-00 00:00:00","1");
INSERT INTO class_subject VALUES("176","10","Maths","2044","2015-12-05 16:00:19","0000-00-00 00:00:00","1");
INSERT INTO class_subject VALUES("177","10","Eng","2044","2015-12-05 16:00:19","0000-00-00 00:00:00","1");
INSERT INTO class_subject VALUES("178","10","SocStud","2044","2015-12-05 16:00:19","0000-00-00 00:00:00","1");
INSERT INTO class_subject VALUES("179","10","Phncs","2044","2015-12-05 16:00:19","0000-00-00 00:00:00","1");
INSERT INTO class_subject VALUES("180","10","Frnh","2044","2015-12-05 16:00:19","0000-00-00 00:00:00","1");
INSERT INTO class_subject VALUES("181","10","CivicEdu","2044","2015-12-05 16:00:19","0000-00-00 00:00:00","1");
INSERT INTO class_subject VALUES("182","10","BasSci","2044","2015-12-05 16:00:19","0000-00-00 00:00:00","1");
INSERT INTO class_subject VALUES("183","10","Agric","2044","2015-12-05 16:00:19","0000-00-00 00:00:00","1");
INSERT INTO class_subject VALUES("184","10","CRS","2044","2015-12-05 16:00:19","0000-00-00 00:00:00","1");
INSERT INTO class_subject VALUES("185","10","PHE","2044","2015-12-05 16:00:19","0000-00-00 00:00:00","1");
INSERT INTO class_subject VALUES("186","10","Computer","2044","2015-12-05 16:00:19","0000-00-00 00:00:00","1");
INSERT INTO class_subject VALUES("187","10","HomeEcons","2044","2015-12-05 16:00:19","0000-00-00 00:00:00","1");
INSERT INTO class_subject VALUES("188","10","Yor","2044","2015-12-05 16:00:19","0000-00-00 00:00:00","1");
INSERT INTO class_subject VALUES("189","10","CCA","2044","2015-12-05 16:00:19","0000-00-00 00:00:00","1");
INSERT INTO class_subject VALUES("190","10","BasicTech","2044","2015-12-05 16:00:19","0000-00-00 00:00:00","1");
INSERT INTO class_subject VALUES("191","10","BusStd","2044","2015-12-05 16:00:19","0000-00-00 00:00:00","1");
INSERT INTO class_subject VALUES("192","2","Maths","2012","2015-12-05 16:03:22","0000-00-00 00:00:00","1");
INSERT INTO class_subject VALUES("193","2","Eng","2012","2015-12-05 16:03:22","0000-00-00 00:00:00","1");
INSERT INTO class_subject VALUES("194","2","SocStud","2012","2015-12-05 16:03:22","0000-00-00 00:00:00","1");
INSERT INTO class_subject VALUES("195","2","Phncs","2012","2015-12-05 16:03:22","0000-00-00 00:00:00","1");
INSERT INTO class_subject VALUES("196","2","Frnh","2012","2015-12-05 16:03:22","0000-00-00 00:00:00","1");
INSERT INTO class_subject VALUES("197","2","verbal","2012","2015-12-05 16:03:22","0000-00-00 00:00:00","1");
INSERT INTO class_subject VALUES("198","2","Quantitati","2012","2015-12-05 16:03:22","0000-00-00 00:00:00","1");
INSERT INTO class_subject VALUES("199","2","CivicEdu","2012","2015-12-05 16:03:22","0000-00-00 00:00:00","1");
INSERT INTO class_subject VALUES("200","2","HandWri","2012","2015-12-05 16:03:22","0000-00-00 00:00:00","1");
INSERT INTO class_subject VALUES("201","2","BasSci","2012","2015-12-05 16:03:22","0000-00-00 00:00:00","1");
INSERT INTO class_subject VALUES("202","2","Agric","2012","2015-12-05 16:03:22","0000-00-00 00:00:00","1");
INSERT INTO class_subject VALUES("203","2","CRS","2012","2015-12-05 16:03:22","0000-00-00 00:00:00","1");
INSERT INTO class_subject VALUES("204","2","PHE","2012","2015-12-05 16:03:22","0000-00-00 00:00:00","1");
INSERT INTO class_subject VALUES("205","2","Computer","2012","2015-12-05 16:03:22","0000-00-00 00:00:00","1");
INSERT INTO class_subject VALUES("206","2","HomeEcons","2012","2015-12-05 16:03:22","0000-00-00 00:00:00","1");
INSERT INTO class_subject VALUES("207","2","Yor","2012","2015-12-05 16:03:22","0000-00-00 00:00:00","1");
INSERT INTO class_subject VALUES("208","2","CCA","2012","2015-12-05 16:03:22","0000-00-00 00:00:00","1");
INSERT INTO class_subject VALUES("209","3","Maths","2015","2015-12-05 16:10:44","2015-12-06 06:16:29","1");
INSERT INTO class_subject VALUES("210","3","Eng","2015","2015-12-05 16:10:44","2015-12-06 06:16:29","1");
INSERT INTO class_subject VALUES("211","3","SocStud","2015","2015-12-05 16:10:44","2015-12-06 06:16:29","1");
INSERT INTO class_subject VALUES("212","3","Phncs","2015","2015-12-05 16:10:44","2015-12-06 06:16:29","1");
INSERT INTO class_subject VALUES("213","3","Frnh","2015","2015-12-05 16:10:44","2015-12-06 06:16:29","1");
INSERT INTO class_subject VALUES("214","3","verbal","2015","2015-12-05 16:10:44","2015-12-06 06:16:29","1");
INSERT INTO class_subject VALUES("215","3","Quantitati","2015","2015-12-05 16:10:44","2015-12-06 06:16:29","1");
INSERT INTO class_subject VALUES("216","3","CivicEdu","2015","2015-12-05 16:10:44","2015-12-06 06:16:29","1");
INSERT INTO class_subject VALUES("217","3","Voctnal","2015","2015-12-05 16:10:44","2015-12-06 06:16:29","1");
INSERT INTO class_subject VALUES("218","3","HandWri","2015","2015-12-05 16:10:44","2015-12-06 06:16:29","1");
INSERT INTO class_subject VALUES("219","3","BasSci","2015","2015-12-05 16:10:44","2015-12-06 06:16:29","1");
INSERT INTO class_subject VALUES("220","3","Agric","2015","2015-12-05 16:10:44","2015-12-06 06:16:29","1");
INSERT INTO class_subject VALUES("221","3","CRS","2015","2015-12-05 16:10:44","2015-12-06 06:16:29","1");
INSERT INTO class_subject VALUES("222","3","PHE","2015","2015-12-05 16:10:44","2015-12-06 06:16:29","1");
INSERT INTO class_subject VALUES("223","3","Computer","2015","2015-12-05 16:10:44","2015-12-06 06:16:29","1");
INSERT INTO class_subject VALUES("224","3","HomeEcons","2015","2015-12-05 16:10:44","2015-12-06 06:16:29","1");
INSERT INTO class_subject VALUES("225","3","Yor","2015","2015-12-05 16:10:44","2015-12-06 06:16:29","1");
INSERT INTO class_subject VALUES("226","3","CCA","2015","2015-12-05 16:10:44","2015-12-06 06:16:29","1");
INSERT INTO class_subject VALUES("227","4","Maths","2043","2015-12-05 16:18:23","0000-00-00 00:00:00","1");
INSERT INTO class_subject VALUES("228","4","Eng","2043","2015-12-05 16:18:23","0000-00-00 00:00:00","1");
INSERT INTO class_subject VALUES("229","4","SocStud","2043","2015-12-05 16:18:23","0000-00-00 00:00:00","1");
INSERT INTO class_subject VALUES("230","4","Phncs","2043","2015-12-05 16:18:23","0000-00-00 00:00:00","1");
INSERT INTO class_subject VALUES("231","4","Frnh","2043","2015-12-05 16:18:23","0000-00-00 00:00:00","1");
INSERT INTO class_subject VALUES("232","4","verbal","2043","2015-12-05 16:18:23","0000-00-00 00:00:00","1");
INSERT INTO class_subject VALUES("233","4","Quantitati","2043","2015-12-05 16:18:23","0000-00-00 00:00:00","1");
INSERT INTO class_subject VALUES("234","4","CivicEdu","2043","2015-12-05 16:18:23","0000-00-00 00:00:00","1");
INSERT INTO class_subject VALUES("235","4","Voctnal","2043","2015-12-05 16:18:23","0000-00-00 00:00:00","1");
INSERT INTO class_subject VALUES("236","4","HandWri","2043","2015-12-05 16:18:23","0000-00-00 00:00:00","1");
INSERT INTO class_subject VALUES("237","4","BasSci","2043","2015-12-05 16:18:23","0000-00-00 00:00:00","1");
INSERT INTO class_subject VALUES("238","4","Agric","2043","2015-12-05 16:18:23","0000-00-00 00:00:00","1");
INSERT INTO class_subject VALUES("239","4","CRS","2043","2015-12-05 16:18:23","0000-00-00 00:00:00","1");
INSERT INTO class_subject VALUES("240","4","PHE","2043","2015-12-05 16:18:23","0000-00-00 00:00:00","1");
INSERT INTO class_subject VALUES("241","4","Computer","2043","2015-12-05 16:18:23","0000-00-00 00:00:00","1");
INSERT INTO class_subject VALUES("242","4","HomeEcons","2043","2015-12-05 16:18:23","0000-00-00 00:00:00","1");
INSERT INTO class_subject VALUES("243","4","Yor","2043","2015-12-05 16:18:23","0000-00-00 00:00:00","1");
INSERT INTO class_subject VALUES("244","4","CCA","2043","2015-12-05 16:18:23","0000-00-00 00:00:00","1");
INSERT INTO class_subject VALUES("245","2","Voctnal","2012","2015-12-05 16:20:38","0000-00-00 00:00:00","1");
INSERT INTO class_subject VALUES("246","7","Rhym","2011","2016-03-23 21:12:09","0000-00-00 00:00:00","1");
INSERT INTO class_subject VALUES("247","7","Msc","2011","2016-03-23 21:12:09","0000-00-00 00:00:00","1");
INSERT INTO class_subject VALUES("248","7","HandWri","2011","2016-03-23 21:14:25","0000-00-00 00:00:00","1");
INSERT INTO class_subject VALUES("249","4","Msc","2043","2016-03-24 18:34:43","0000-00-00 00:00:00","1");
INSERT INTO class_subject VALUES("250","4","EngLit","2043","2016-03-24 18:34:43","0000-00-00 00:00:00","1");
INSERT INTO class_subject VALUES("251","3","Msc","2015","2016-03-25 15:45:11","0000-00-00 00:00:00","1");
INSERT INTO class_subject VALUES("252","3","EngLit","2015","2016-03-25 15:45:11","0000-00-00 00:00:00","1");
INSERT INTO class_subject VALUES("253","1","Msc","2015","2016-03-25 17:12:53","0000-00-00 00:00:00","1");
INSERT INTO class_subject VALUES("254","1","EngLit","2015","2016-03-25 17:12:53","0000-00-00 00:00:00","1");
INSERT INTO class_subject VALUES("255","10","Msc","2044","2016-03-26 16:25:42","0000-00-00 00:00:00","1");
INSERT INTO class_subject VALUES("256","9","HandWri","2042","2016-03-28 09:30:55","0000-00-00 00:00:00","1");
INSERT INTO class_subject VALUES("257","2","Msc","2012","2016-03-31 21:04:19","0000-00-00 00:00:00","1");
INSERT INTO class_subject VALUES("258","2","EngLit","2012","2016-03-31 21:04:19","0000-00-00 00:00:00","1");
/*!40000 ALTER TABLE `class_subject`  ENABLE KEYS */;
UNLOCK TABLES;




--
-- Table structure for table `authroles`
--
DROP TABLE IF EXISTS exam_type;
/*!40101 SET @saved_cs_client     = @@character_set_client */;
/*!40101 SET character_set_client = utf8 */;

CREATE TABLE `exam_type` (
  `exam_type_id` int(11) NOT NULL AUTO_INCREMENT,
  `exam_type_desc` varchar(45) DEFAULT NULL,
  `max_score` varchar(45) DEFAULT NULL,
  `session_term_id` int(11) DEFAULT NULL,
  `ius_yn` tinyint(1) DEFAULT '1',
  `created` datetime DEFAULT CURRENT_TIMESTAMP,
  `modified` timestamp NULL DEFAULT NULL ON UPDATE CURRENT_TIMESTAMP,
  PRIMARY KEY (`exam_type_id`)
) ENGINE=InnoDB AUTO_INCREMENT=32 DEFAULT CHARSET=utf8;

/*!40101 SET character_set_client = @saved_cs_client */;

--
-- Dumping data for table `authroles`
--
LOCK TABLES `exam_type` WRITE;
/*!40000 ALTER TABLE `exam_type`  DISABLE KEYS */;
INSERT INTO exam_type VALUES("1","Test 1","20","2032","1","2015-10-11 15:17:06","2016-07-05 08:46:32");
INSERT INTO exam_type VALUES("2","Test 2","20","2032","1","2015-10-11 15:17:06","2016-07-05 08:46:58");
INSERT INTO exam_type VALUES("3","Test 1","20","2029","1","2015-10-11 15:17:06","2016-07-05 08:49:31");
INSERT INTO exam_type VALUES("4","Test 2","20","2029","1","2015-10-11 15:17:06","2016-07-05 08:49:49");
INSERT INTO exam_type VALUES("5","Test 1","20","2024","1","2015-10-11 15:17:06","2016-07-05 08:50:09");
INSERT INTO exam_type VALUES("6","Test 2","20","2024","1","2015-10-11 15:17:06","2016-07-05 08:50:30");
INSERT INTO exam_type VALUES("7","Test 1","20","2021","1","2015-10-11 15:17:06","2016-07-05 08:50:48");
INSERT INTO exam_type VALUES("8","Test 2","20","2021","1","2015-10-31 12:51:02","2016-07-05 08:51:04");
INSERT INTO exam_type VALUES("9","Test 1","20","2018","1","2015-10-31 13:15:14","2016-07-05 08:51:24");
INSERT INTO exam_type VALUES("10","Test 2","20","2018","1","2015-10-31 13:18:13","2016-07-05 08:51:40");
INSERT INTO exam_type VALUES("11","Exam","60","2032","1","2015-10-31 13:18:34","2016-07-05 08:59:28");
INSERT INTO exam_type VALUES("12","Exam","60","2029","1","2015-10-31 13:18:52","2016-07-05 08:59:54");
INSERT INTO exam_type VALUES("13","Exam","60","2024","1","2015-10-31 13:19:11","2016-07-05 09:00:03");
INSERT INTO exam_type VALUES("14","Exam","60","2021","1","2015-10-31 13:19:50","2016-07-05 09:00:22");
INSERT INTO exam_type VALUES("15","Exam","60","2018","1","2015-10-31 13:20:02","2016-07-05 09:00:34");
INSERT INTO exam_type VALUES("16","Exam","60","2015","1","2015-10-31 13:20:14","2016-07-05 09:00:44");
INSERT INTO exam_type VALUES("17","Exam","60","2012","1","2015-10-31 13:20:26","2016-07-05 09:00:52");
INSERT INTO exam_type VALUES("18","Exam","60","2009","1","2015-10-31 13:20:38","2016-07-05 09:01:00");
INSERT INTO exam_type VALUES("19","Exam","60","2003","1","2015-10-31 13:20:50","2016-07-05 09:01:10");
INSERT INTO exam_type VALUES("20","Exam","60","2006","1","2015-12-05 21:34:48","2016-07-05 09:01:25");
INSERT INTO exam_type VALUES("21","Exam","60","2030","0","2015-12-05 21:36:04","2016-03-23 20:01:50");
INSERT INTO exam_type VALUES("22","Test 1","20","2015","1","2016-07-05 07:52:50","0000-00-00 00:00:00");
INSERT INTO exam_type VALUES("23","Test 2","20","2015","1","2016-07-05 07:53:13","0000-00-00 00:00:00");
INSERT INTO exam_type VALUES("24","Test 1","20","2012","1","2016-07-05 07:53:29","0000-00-00 00:00:00");
INSERT INTO exam_type VALUES("25","Test 2","20","2012","1","2016-07-05 07:53:42","0000-00-00 00:00:00");
INSERT INTO exam_type VALUES("26","Test 1","20","2009","1","2016-07-05 07:55:17","0000-00-00 00:00:00");
INSERT INTO exam_type VALUES("27","Test 2","20","2009","1","2016-07-05 07:55:31","0000-00-00 00:00:00");
INSERT INTO exam_type VALUES("28","Test 1","20","2006","1","2016-07-05 07:55:49","0000-00-00 00:00:00");
INSERT INTO exam_type VALUES("29","Test 2","20","2006","1","2016-07-05 07:56:03","0000-00-00 00:00:00");
INSERT INTO exam_type VALUES("30","Test 1","20","2003","1","2016-07-05 07:56:18","0000-00-00 00:00:00");
INSERT INTO exam_type VALUES("31","Test 2","20","2003","1","2016-07-05 07:56:29","0000-00-00 00:00:00");
/*!40000 ALTER TABLE `exam_type`  ENABLE KEYS */;
UNLOCK TABLES;




--
-- Table structure for table `authroles`
--
DROP TABLE IF EXISTS examinations;
/*!40101 SET @saved_cs_client     = @@character_set_client */;
/*!40101 SET character_set_client = utf8 */;

CREATE TABLE `examinations` (
  `exam_id` int(11) NOT NULL AUTO_INCREMENT,
  `session_term_id` int(11) DEFAULT NULL,
  `class_subject_id` int(11) DEFAULT NULL,
  `student_id` int(11) DEFAULT NULL,
  `exam_type_id` int(11) DEFAULT NULL,
  `max_score` int(11) DEFAULT NULL,
  `stud_score` int(11) DEFAULT NULL,
  `created` datetime DEFAULT NULL,
  `last_modified` timestamp NULL DEFAULT NULL ON UPDATE CURRENT_TIMESTAMP,
  PRIMARY KEY (`exam_id`),
  KEY `fk_examinations_exam_type1_idx` (`exam_type_id`),
  KEY `fk_examinations_student1_idx` (`student_id`),
  KEY `fk_examinations_class_subject1_idx` (`class_subject_id`),
  KEY `fk_examinations_session_term1_idx` (`session_term_id`),
  CONSTRAINT `fk_examinations_class_subject1` FOREIGN KEY (`class_subject_id`) REFERENCES `class_subject` (`class_subject_id`) ON DELETE NO ACTION ON UPDATE NO ACTION,
  CONSTRAINT `fk_examinations_exam_type1` FOREIGN KEY (`exam_type_id`) REFERENCES `exam_type` (`exam_type_id`) ON DELETE NO ACTION ON UPDATE NO ACTION,
  CONSTRAINT `fk_examinations_session_term1` FOREIGN KEY (`session_term_id`) REFERENCES `session_term` (`session_term_id`) ON DELETE NO ACTION ON UPDATE NO ACTION,
  CONSTRAINT `fk_examinations_student1` FOREIGN KEY (`student_id`) REFERENCES `student` (`student_id`) ON DELETE NO ACTION ON UPDATE NO ACTION
) ENGINE=InnoDB AUTO_INCREMENT=2328 DEFAULT CHARSET=utf8;

/*!40101 SET character_set_client = @saved_cs_client */;

--
-- Dumping data for table `authroles`
--
LOCK TABLES `examinations` WRITE;
/*!40000 ALTER TABLE `examinations`  DISABLE KEYS */;
INSERT INTO examinations VALUES("14","2004","5","2028","4","0","40","0000-00-00 00:00:00","0000-00-00 00:00:00");
INSERT INTO examinations VALUES("15","2004","5","2035","4","0","40","0000-00-00 00:00:00","0000-00-00 00:00:00");
INSERT INTO examinations VALUES("16","2004","5","2036","4","0","40","0000-00-00 00:00:00","0000-00-00 00:00:00");
INSERT INTO examinations VALUES("17","2004","6","2028","4","0","40","0000-00-00 00:00:00","0000-00-00 00:00:00");
INSERT INTO examinations VALUES("18","2004","6","2035","4","0","40","0000-00-00 00:00:00","0000-00-00 00:00:00");
INSERT INTO examinations VALUES("19","2004","6","2036","4","0","40","0000-00-00 00:00:00","0000-00-00 00:00:00");
INSERT INTO examinations VALUES("20","2004","6","2028","13","0","58","0000-00-00 00:00:00","0000-00-00 00:00:00");
INSERT INTO examinations VALUES("21","2004","6","2035","13","0","50","0000-00-00 00:00:00","0000-00-00 00:00:00");
INSERT INTO examinations VALUES("22","2004","6","2036","13","0","46","0000-00-00 00:00:00","0000-00-00 00:00:00");
INSERT INTO examinations VALUES("24","2004","10","2028","4","0","40","0000-00-00 00:00:00","2015-12-06 03:43:39");
INSERT INTO examinations VALUES("25","2004","10","2035","4","0","40","0000-00-00 00:00:00","0000-00-00 00:00:00");
INSERT INTO examinations VALUES("26","2004","10","2036","4","0","40","0000-00-00 00:00:00","0000-00-00 00:00:00");
INSERT INTO examinations VALUES("27","2004","10","2028","13","0","42","0000-00-00 00:00:00","0000-00-00 00:00:00");
INSERT INTO examinations VALUES("28","2004","10","2035","13","0","50","0000-00-00 00:00:00","0000-00-00 00:00:00");
INSERT INTO examinations VALUES("29","2004","10","2036","13","0","48","0000-00-00 00:00:00","0000-00-00 00:00:00");
INSERT INTO examinations VALUES("30","2004","143","2028","4","0","36","0000-00-00 00:00:00","0000-00-00 00:00:00");
INSERT INTO examinations VALUES("31","2004","143","2035","4","0","40","0000-00-00 00:00:00","2015-11-28 20:53:35");
INSERT INTO examinations VALUES("32","2004","143","2036","4","0","40","0000-00-00 00:00:00","2015-11-28 20:53:42");
INSERT INTO examinations VALUES("33","2004","144","2028","4","0","40","0000-00-00 00:00:00","0000-00-00 00:00:00");
INSERT INTO examinations VALUES("34","2004","144","2028","13","0","56","0000-00-00 00:00:00","0000-00-00 00:00:00");
INSERT INTO examinations VALUES("35","2004","144","2035","13","0","44","0000-00-00 00:00:00","0000-00-00 00:00:00");
INSERT INTO examinations VALUES("36","2004","144","2036","13","0","30","0000-00-00 00:00:00","0000-00-00 00:00:00");
INSERT INTO examinations VALUES("37","2004","143","2028","13","0","60","0000-00-00 00:00:00","0000-00-00 00:00:00");
INSERT INTO examinations VALUES("38","2004","143","2035","13","0","60","0000-00-00 00:00:00","0000-00-00 00:00:00");
INSERT INTO examinations VALUES("39","2004","143","2036","13","0","53","0000-00-00 00:00:00","0000-00-00 00:00:00");
INSERT INTO examinations VALUES("40","2004","145","2028","4","0","40","0000-00-00 00:00:00","0000-00-00 00:00:00");
INSERT INTO examinations VALUES("41","2004","145","2035","4","0","32","0000-00-00 00:00:00","0000-00-00 00:00:00");
INSERT INTO examinations VALUES("42","2004","145","2036","4","0","40","0000-00-00 00:00:00","0000-00-00 00:00:00");
INSERT INTO examinations VALUES("43","2004","146","2028","4","0","40","0000-00-00 00:00:00","0000-00-00 00:00:00");
INSERT INTO examinations VALUES("44","2004","146","2035","4","0","40","0000-00-00 00:00:00","0000-00-00 00:00:00");
INSERT INTO examinations VALUES("45","2004","146","2036","4","0","40","0000-00-00 00:00:00","0000-00-00 00:00:00");
INSERT INTO examinations VALUES("46","2004","147","2028","4","0","40","0000-00-00 00:00:00","0000-00-00 00:00:00");
INSERT INTO examinations VALUES("47","2004","147","2035","4","0","40","0000-00-00 00:00:00","0000-00-00 00:00:00");
INSERT INTO examinations VALUES("48","2004","147","2036","4","0","40","0000-00-00 00:00:00","0000-00-00 00:00:00");
INSERT INTO examinations VALUES("49","2004","147","2028","13","0","52","0000-00-00 00:00:00","0000-00-00 00:00:00");
INSERT INTO examinations VALUES("50","2004","147","2035","13","0","54","0000-00-00 00:00:00","0000-00-00 00:00:00");
INSERT INTO examinations VALUES("51","2004","147","2036","13","0","56","0000-00-00 00:00:00","0000-00-00 00:00:00");
INSERT INTO examinations VALUES("52","2004","148","2028","4","0","38","0000-00-00 00:00:00","0000-00-00 00:00:00");
INSERT INTO examinations VALUES("53","2004","148","2035","4","0","40","0000-00-00 00:00:00","0000-00-00 00:00:00");
INSERT INTO examinations VALUES("54","2004","148","2036","4","0","35","0000-00-00 00:00:00","0000-00-00 00:00:00");
INSERT INTO examinations VALUES("55","2004","148","2028","13","0","51","0000-00-00 00:00:00","0000-00-00 00:00:00");
INSERT INTO examinations VALUES("56","2004","148","2035","13","0","39","0000-00-00 00:00:00","0000-00-00 00:00:00");
INSERT INTO examinations VALUES("57","2004","148","2036","13","0","41","0000-00-00 00:00:00","0000-00-00 00:00:00");
INSERT INTO examinations VALUES("58","2004","149","2028","4","0","38","0000-00-00 00:00:00","0000-00-00 00:00:00");
INSERT INTO examinations VALUES("59","2004","149","2035","4","0","38","0000-00-00 00:00:00","0000-00-00 00:00:00");
INSERT INTO examinations VALUES("60","2004","149","2036","4","0","38","0000-00-00 00:00:00","0000-00-00 00:00:00");
INSERT INTO examinations VALUES("61","2004","150","2028","4","0","40","0000-00-00 00:00:00","0000-00-00 00:00:00");
INSERT INTO examinations VALUES("62","2004","150","2035","4","0","40","0000-00-00 00:00:00","0000-00-00 00:00:00");
INSERT INTO examinations VALUES("63","2004","150","2036","4","0","40","0000-00-00 00:00:00","0000-00-00 00:00:00");
INSERT INTO examinations VALUES("64","2004","151","2028","4","0","40","0000-00-00 00:00:00","0000-00-00 00:00:00");
INSERT INTO examinations VALUES("65","2004","151","2035","4","0","40","0000-00-00 00:00:00","0000-00-00 00:00:00");
INSERT INTO examinations VALUES("66","2004","151","2036","4","0","40","0000-00-00 00:00:00","0000-00-00 00:00:00");
INSERT INTO examinations VALUES("67","2004","151","2028","13","0","56","0000-00-00 00:00:00","0000-00-00 00:00:00");
INSERT INTO examinations VALUES("68","2004","151","2035","13","0","52","0000-00-00 00:00:00","0000-00-00 00:00:00");
INSERT INTO examinations VALUES("69","2004","151","2036","13","0","48","0000-00-00 00:00:00","0000-00-00 00:00:00");
INSERT INTO examinations VALUES("70","2004","152","2028","4","0","40","0000-00-00 00:00:00","0000-00-00 00:00:00");
INSERT INTO examinations VALUES("71","2004","153","2028","4","0","40","0000-00-00 00:00:00","0000-00-00 00:00:00");
INSERT INTO examinations VALUES("72","2004","153","2035","4","0","40","0000-00-00 00:00:00","0000-00-00 00:00:00");
INSERT INTO examinations VALUES("73","2004","153","2036","4","0","38","0000-00-00 00:00:00","0000-00-00 00:00:00");
INSERT INTO examinations VALUES("74","2004","153","2028","13","0","50","0000-00-00 00:00:00","0000-00-00 00:00:00");
INSERT INTO examinations VALUES("75","2004","153","2035","13","0","46","0000-00-00 00:00:00","0000-00-00 00:00:00");
INSERT INTO examinations VALUES("76","2004","153","2036","13","0","46","0000-00-00 00:00:00","0000-00-00 00:00:00");
INSERT INTO examinations VALUES("77","2004","154","2028","4","0","40","0000-00-00 00:00:00","0000-00-00 00:00:00");
INSERT INTO examinations VALUES("78","2004","154","2035","4","0","40","0000-00-00 00:00:00","0000-00-00 00:00:00");
INSERT INTO examinations VALUES("79","2004","154","2036","4","0","40","0000-00-00 00:00:00","0000-00-00 00:00:00");
INSERT INTO examinations VALUES("80","2004","154","2028","13","0","50","0000-00-00 00:00:00","0000-00-00 00:00:00");
INSERT INTO examinations VALUES("81","2004","154","2035","13","0","50","0000-00-00 00:00:00","0000-00-00 00:00:00");
INSERT INTO examinations VALUES("82","2004","154","2036","13","0","54","0000-00-00 00:00:00","0000-00-00 00:00:00");
INSERT INTO examinations VALUES("83","2004","155","2028","4","0","40","0000-00-00 00:00:00","0000-00-00 00:00:00");
INSERT INTO examinations VALUES("84","2004","155","2035","4","0","40","0000-00-00 00:00:00","0000-00-00 00:00:00");
INSERT INTO examinations VALUES("85","2004","155","2036","4","0","40","0000-00-00 00:00:00","0000-00-00 00:00:00");
INSERT INTO examinations VALUES("86","2004","156","2028","4","0","40","0000-00-00 00:00:00","0000-00-00 00:00:00");
INSERT INTO examinations VALUES("87","2004","156","2035","4","0","32","0000-00-00 00:00:00","0000-00-00 00:00:00");
INSERT INTO examinations VALUES("88","2004","156","2036","4","0","40","0000-00-00 00:00:00","0000-00-00 00:00:00");
INSERT INTO examinations VALUES("89","2004","157","2028","4","0","40","0000-00-00 00:00:00","0000-00-00 00:00:00");
INSERT INTO examinations VALUES("90","2004","157","2035","4","0","30","0000-00-00 00:00:00","2015-11-28 21:16:13");
INSERT INTO examinations VALUES("91","2004","157","2036","4","0","38","0000-00-00 00:00:00","2015-11-28 21:16:12");
INSERT INTO examinations VALUES("92","2004","150","2028","13","0","60","0000-00-00 00:00:00","0000-00-00 00:00:00");
INSERT INTO examinations VALUES("93","2004","152","2028","13","0","56","0000-00-00 00:00:00","0000-00-00 00:00:00");
INSERT INTO examinations VALUES("94","2004","145","2028","13","0","52","0000-00-00 00:00:00","0000-00-00 00:00:00");
INSERT INTO examinations VALUES("95","2004","149","2028","13","0","54","0000-00-00 00:00:00","0000-00-00 00:00:00");
INSERT INTO examinations VALUES("96","2004","155","2028","13","0","55","0000-00-00 00:00:00","0000-00-00 00:00:00");
INSERT INTO examinations VALUES("97","2004","5","2028","13","0","60","0000-00-00 00:00:00","0000-00-00 00:00:00");
INSERT INTO examinations VALUES("98","2004","157","2028","13","0","55","0000-00-00 00:00:00","0000-00-00 00:00:00");
INSERT INTO examinations VALUES("99","2004","146","2028","13","0","58","0000-00-00 00:00:00","0000-00-00 00:00:00");
INSERT INTO examinations VALUES("100","2004","156","2028","13","0","32","0000-00-00 00:00:00","0000-00-00 00:00:00");
INSERT INTO examinations VALUES("101","2004","152","2035","4","0","40","0000-00-00 00:00:00","0000-00-00 00:00:00");
INSERT INTO examinations VALUES("102","2004","152","2035","13","0","38","0000-00-00 00:00:00","0000-00-00 00:00:00");
INSERT INTO examinations VALUES("103","2004","145","2035","13","0","44","0000-00-00 00:00:00","0000-00-00 00:00:00");
INSERT INTO examinations VALUES("104","2004","149","2035","13","0","55","0000-00-00 00:00:00","0000-00-00 00:00:00");
INSERT INTO examinations VALUES("105","2004","155","2035","13","0","55","0000-00-00 00:00:00","0000-00-00 00:00:00");
INSERT INTO examinations VALUES("106","2004","5","2035","13","0","54","0000-00-00 00:00:00","0000-00-00 00:00:00");
INSERT INTO examinations VALUES("107","2004","157","2035","13","0","53","0000-00-00 00:00:00","0000-00-00 00:00:00");
INSERT INTO examinations VALUES("108","2004","156","2035","13","0","32","0000-00-00 00:00:00","0000-00-00 00:00:00");
INSERT INTO examinations VALUES("109","2004","146","2035","13","0","58","0000-00-00 00:00:00","0000-00-00 00:00:00");
INSERT INTO examinations VALUES("110","2004","150","2035","13","0","54","0000-00-00 00:00:00","0000-00-00 00:00:00");
INSERT INTO examinations VALUES("111","2004","144","2035","4","0","40","0000-00-00 00:00:00","0000-00-00 00:00:00");
INSERT INTO examinations VALUES("112","2004","145","2036","13","0","48","0000-00-00 00:00:00","0000-00-00 00:00:00");
INSERT INTO examinations VALUES("113","2004","149","2036","13","0","38","0000-00-00 00:00:00","0000-00-00 00:00:00");
INSERT INTO examinations VALUES("114","2004","155","2036","13","0","53","0000-00-00 00:00:00","0000-00-00 00:00:00");
INSERT INTO examinations VALUES("115","2004","5","2036","13","0","52","0000-00-00 00:00:00","0000-00-00 00:00:00");
INSERT INTO examinations VALUES("116","2004","157","2036","13","0","52","0000-00-00 00:00:00","0000-00-00 00:00:00");
INSERT INTO examinations VALUES("117","2004","146","2036","13","0","58","0000-00-00 00:00:00","0000-00-00 00:00:00");
INSERT INTO examinations VALUES("118","2004","156","2036","13","0","32","0000-00-00 00:00:00","0000-00-00 00:00:00");
INSERT INTO examinations VALUES("119","2004","144","2036","4","0","40","0000-00-00 00:00:00","0000-00-00 00:00:00");
INSERT INTO examinations VALUES("120","2004","150","2036","13","0","52","0000-00-00 00:00:00","0000-00-00 00:00:00");
INSERT INTO examinations VALUES("121","2019","158","2033","3","0","40","0000-00-00 00:00:00","0000-00-00 00:00:00");
INSERT INTO examinations VALUES("122","2019","158","2026","3","0","39","0000-00-00 00:00:00","0000-00-00 00:00:00");
INSERT INTO examinations VALUES("123","2019","158","2026","12","0","58","0000-00-00 00:00:00","0000-00-00 00:00:00");
INSERT INTO examinations VALUES("124","2019","158","2033","12","0","56","0000-00-00 00:00:00","0000-00-00 00:00:00");
INSERT INTO examinations VALUES("125","2019","160","2026","12","0","58","0000-00-00 00:00:00","0000-00-00 00:00:00");
INSERT INTO examinations VALUES("126","2019","160","2033","12","0","58","0000-00-00 00:00:00","0000-00-00 00:00:00");
INSERT INTO examinations VALUES("127","2019","160","2026","3","0","38","0000-00-00 00:00:00","0000-00-00 00:00:00");
INSERT INTO examinations VALUES("128","2019","160","2033","3","0","40","0000-00-00 00:00:00","0000-00-00 00:00:00");
INSERT INTO examinations VALUES("129","2019","161","2026","3","0","40","0000-00-00 00:00:00","0000-00-00 00:00:00");
INSERT INTO examinations VALUES("130","2019","161","2033","3","0","40","0000-00-00 00:00:00","0000-00-00 00:00:00");
INSERT INTO examinations VALUES("131","2019","161","2026","12","0","60","0000-00-00 00:00:00","0000-00-00 00:00:00");
INSERT INTO examinations VALUES("132","2019","161","2033","12","0","60","0000-00-00 00:00:00","0000-00-00 00:00:00");
INSERT INTO examinations VALUES("133","2019","159","2026","12","0","54","0000-00-00 00:00:00","0000-00-00 00:00:00");
INSERT INTO examinations VALUES("134","2019","159","2026","3","0","40","0000-00-00 00:00:00","0000-00-00 00:00:00");
INSERT INTO examinations VALUES("135","2019","159","2033","3","0","40","0000-00-00 00:00:00","0000-00-00 00:00:00");
INSERT INTO examinations VALUES("136","2019","163","2026","3","0","40","0000-00-00 00:00:00","0000-00-00 00:00:00");
INSERT INTO examinations VALUES("137","2019","163","2033","3","0","40","0000-00-00 00:00:00","2015-12-06 04:24:53");
INSERT INTO examinations VALUES("138","2019","163","2026","12","0","60","0000-00-00 00:00:00","0000-00-00 00:00:00");
INSERT INTO examinations VALUES("139","2019","163","2033","12","0","60","0000-00-00 00:00:00","0000-00-00 00:00:00");
INSERT INTO examinations VALUES("140","2019","164","2026","12","0","57","0000-00-00 00:00:00","0000-00-00 00:00:00");
INSERT INTO examinations VALUES("141","2019","164","2033","12","0","57","0000-00-00 00:00:00","0000-00-00 00:00:00");
INSERT INTO examinations VALUES("142","2019","164","2026","3","0","40","0000-00-00 00:00:00","0000-00-00 00:00:00");
INSERT INTO examinations VALUES("143","2019","164","2033","3","0","40","0000-00-00 00:00:00","0000-00-00 00:00:00");
INSERT INTO examinations VALUES("144","2019","165","2026","3","0","40","0000-00-00 00:00:00","0000-00-00 00:00:00");
INSERT INTO examinations VALUES("145","2019","165","2033","3","0","40","0000-00-00 00:00:00","0000-00-00 00:00:00");
INSERT INTO examinations VALUES("146","2019","165","2026","12","0","60","0000-00-00 00:00:00","0000-00-00 00:00:00");
INSERT INTO examinations VALUES("147","2019","165","2033","12","0","60","0000-00-00 00:00:00","0000-00-00 00:00:00");
INSERT INTO examinations VALUES("148","2019","162","2033","12","0","60","0000-00-00 00:00:00","0000-00-00 00:00:00");
INSERT INTO examinations VALUES("149","2019","162","2026","12","0","58","0000-00-00 00:00:00","0000-00-00 00:00:00");
INSERT INTO examinations VALUES("150","2019","162","2026","3","0","40","0000-00-00 00:00:00","0000-00-00 00:00:00");
INSERT INTO examinations VALUES("151","2019","162","2033","3","0","40","0000-00-00 00:00:00","0000-00-00 00:00:00");
INSERT INTO examinations VALUES("152","2019","166","2026","3","0","38","0000-00-00 00:00:00","2015-12-06 04:39:09");
INSERT INTO examinations VALUES("153","2019","166","2033","3","0","35","0000-00-00 00:00:00","0000-00-00 00:00:00");
INSERT INTO examinations VALUES("154","2019","166","2033","12","0","50","0000-00-00 00:00:00","0000-00-00 00:00:00");
INSERT INTO examinations VALUES("155","2019","159","2033","12","0","57","0000-00-00 00:00:00","0000-00-00 00:00:00");
INSERT INTO examinations VALUES("156","2019","166","2026","12","0","50","0000-00-00 00:00:00","0000-00-00 00:00:00");
INSERT INTO examinations VALUES("157","2022","168","2027","1","0","32","0000-00-00 00:00:00","0000-00-00 00:00:00");
INSERT INTO examinations VALUES("158","2022","168","2029","1","0","35","0000-00-00 00:00:00","0000-00-00 00:00:00");
INSERT INTO examinations VALUES("159","2022","168","2030","1","0","28","0000-00-00 00:00:00","0000-00-00 00:00:00");
INSERT INTO examinations VALUES("160","2022","168","2031","1","0","20","0000-00-00 00:00:00","0000-00-00 00:00:00");
INSERT INTO examinations VALUES("161","2022","168","2032","1","0","20","0000-00-00 00:00:00","0000-00-00 00:00:00");
INSERT INTO examinations VALUES("162","2022","168","2032","10","0","32","0000-00-00 00:00:00","0000-00-00 00:00:00");
INSERT INTO examinations VALUES("163","2022","168","2031","10","0","41","0000-00-00 00:00:00","0000-00-00 00:00:00");
INSERT INTO examinations VALUES("164","2022","168","2030","10","0","54","0000-00-00 00:00:00","0000-00-00 00:00:00");
INSERT INTO examinations VALUES("165","2022","168","2029","10","0","58","0000-00-00 00:00:00","0000-00-00 00:00:00");
INSERT INTO examinations VALUES("166","2022","168","2027","10","0","60","0000-00-00 00:00:00","0000-00-00 00:00:00");
INSERT INTO examinations VALUES("167","2022","170","2027","10","0","58","0000-00-00 00:00:00","0000-00-00 00:00:00");
INSERT INTO examinations VALUES("168","2022","170","2029","10","0","55","0000-00-00 00:00:00","0000-00-00 00:00:00");
INSERT INTO examinations VALUES("169","2022","170","2030","10","0","54","0000-00-00 00:00:00","0000-00-00 00:00:00");
INSERT INTO examinations VALUES("170","2022","170","2031","10","0","47","0000-00-00 00:00:00","0000-00-00 00:00:00");
INSERT INTO examinations VALUES("171","2022","170","2032","10","0","32","0000-00-00 00:00:00","0000-00-00 00:00:00");
INSERT INTO examinations VALUES("172","2022","170","2027","1","0","34","0000-00-00 00:00:00","0000-00-00 00:00:00");
INSERT INTO examinations VALUES("173","2022","170","2029","1","0","38","0000-00-00 00:00:00","0000-00-00 00:00:00");
INSERT INTO examinations VALUES("174","2022","170","2030","1","0","30","0000-00-00 00:00:00","0000-00-00 00:00:00");
INSERT INTO examinations VALUES("175","2022","170","2031","1","0","20","0000-00-00 00:00:00","0000-00-00 00:00:00");
INSERT INTO examinations VALUES("176","2022","170","2032","1","0","20","0000-00-00 00:00:00","0000-00-00 00:00:00");
INSERT INTO examinations VALUES("177","2022","171","2032","1","0","18","0000-00-00 00:00:00","0000-00-00 00:00:00");
INSERT INTO examinations VALUES("178","2022","171","2031","1","0","24","0000-00-00 00:00:00","0000-00-00 00:00:00");
INSERT INTO examinations VALUES("179","2022","171","2030","1","0","30","0000-00-00 00:00:00","0000-00-00 00:00:00");
INSERT INTO examinations VALUES("180","2022","171","2029","1","0","38","0000-00-00 00:00:00","0000-00-00 00:00:00");
INSERT INTO examinations VALUES("181","2022","171","2027","1","0","36","0000-00-00 00:00:00","0000-00-00 00:00:00");
INSERT INTO examinations VALUES("182","2022","171","2027","10","0","52","0000-00-00 00:00:00","2015-12-06 05:03:22");
INSERT INTO examinations VALUES("183","2022","171","2029","10","0","56","0000-00-00 00:00:00","0000-00-00 00:00:00");
INSERT INTO examinations VALUES("184","2022","171","2030","10","0","44","0000-00-00 00:00:00","0000-00-00 00:00:00");
INSERT INTO examinations VALUES("185","2022","171","2031","10","0","36","0000-00-00 00:00:00","0000-00-00 00:00:00");
INSERT INTO examinations VALUES("186","2022","171","2032","10","0","38","0000-00-00 00:00:00","0000-00-00 00:00:00");
INSERT INTO examinations VALUES("187","2022","169","2027","10","0","52","0000-00-00 00:00:00","0000-00-00 00:00:00");
INSERT INTO examinations VALUES("188","2022","169","2029","10","0","50","0000-00-00 00:00:00","0000-00-00 00:00:00");
INSERT INTO examinations VALUES("189","2022","169","2030","10","0","48","0000-00-00 00:00:00","0000-00-00 00:00:00");
INSERT INTO examinations VALUES("190","2022","169","2031","10","0","40","0000-00-00 00:00:00","0000-00-00 00:00:00");
INSERT INTO examinations VALUES("191","2022","169","2032","10","0","42","0000-00-00 00:00:00","0000-00-00 00:00:00");
INSERT INTO examinations VALUES("192","2022","169","2027","1","0","32","0000-00-00 00:00:00","0000-00-00 00:00:00");
INSERT INTO examinations VALUES("193","2022","169","2029","1","0","32","0000-00-00 00:00:00","0000-00-00 00:00:00");
INSERT INTO examinations VALUES("194","2022","169","2030","1","0","28","0000-00-00 00:00:00","0000-00-00 00:00:00");
INSERT INTO examinations VALUES("195","2022","169","2031","1","0","20","0000-00-00 00:00:00","0000-00-00 00:00:00");
INSERT INTO examinations VALUES("196","2022","173","2027","1","0","36","0000-00-00 00:00:00","0000-00-00 00:00:00");
INSERT INTO examinations VALUES("197","2022","173","2029","1","0","34","0000-00-00 00:00:00","0000-00-00 00:00:00");
INSERT INTO examinations VALUES("198","2022","173","2030","1","0","30","0000-00-00 00:00:00","0000-00-00 00:00:00");
INSERT INTO examinations VALUES("199","2022","173","2031","1","0","20","0000-00-00 00:00:00","0000-00-00 00:00:00");
INSERT INTO examinations VALUES("200","2022","173","2032","1","0","20","0000-00-00 00:00:00","0000-00-00 00:00:00");
INSERT INTO examinations VALUES("201","2022","173","2027","10","0","54","0000-00-00 00:00:00","0000-00-00 00:00:00");
INSERT INTO examinations VALUES("202","2022","173","2029","10","0","53","0000-00-00 00:00:00","0000-00-00 00:00:00");
INSERT INTO examinations VALUES("203","2022","173","2030","10","0","50","0000-00-00 00:00:00","0000-00-00 00:00:00");
INSERT INTO examinations VALUES("204","2022","173","2031","10","0","38","0000-00-00 00:00:00","0000-00-00 00:00:00");
INSERT INTO examinations VALUES("205","2022","173","2032","10","0","35","0000-00-00 00:00:00","0000-00-00 00:00:00");
INSERT INTO examinations VALUES("206","2022","175","2032","10","0","40","0000-00-00 00:00:00","0000-00-00 00:00:00");
INSERT INTO examinations VALUES("207","2022","175","2031","10","0","48","0000-00-00 00:00:00","0000-00-00 00:00:00");
INSERT INTO examinations VALUES("208","2022","175","2030","10","0","52","0000-00-00 00:00:00","0000-00-00 00:00:00");
INSERT INTO examinations VALUES("209","2022","175","2029","10","0","52","0000-00-00 00:00:00","0000-00-00 00:00:00");
INSERT INTO examinations VALUES("210","2022","175","2027","10","0","48","0000-00-00 00:00:00","0000-00-00 00:00:00");
INSERT INTO examinations VALUES("211","2022","175","2027","1","0","40","0000-00-00 00:00:00","0000-00-00 00:00:00");
INSERT INTO examinations VALUES("212","2022","175","2029","1","0","40","0000-00-00 00:00:00","0000-00-00 00:00:00");
INSERT INTO examinations VALUES("213","2022","175","2030","1","0","28","0000-00-00 00:00:00","0000-00-00 00:00:00");
INSERT INTO examinations VALUES("214","2022","175","2031","1","0","20","0000-00-00 00:00:00","0000-00-00 00:00:00");
INSERT INTO examinations VALUES("215","2022","175","2032","1","0","20","0000-00-00 00:00:00","0000-00-00 00:00:00");
INSERT INTO examinations VALUES("216","2022","172","2027","1","0","32","0000-00-00 00:00:00","0000-00-00 00:00:00");
INSERT INTO examinations VALUES("217","2022","172","2029","1","0","28","0000-00-00 00:00:00","0000-00-00 00:00:00");
INSERT INTO examinations VALUES("218","2022","172","2030","1","0","22","0000-00-00 00:00:00","0000-00-00 00:00:00");
INSERT INTO examinations VALUES("219","2022","172","2031","1","0","18","0000-00-00 00:00:00","0000-00-00 00:00:00");
INSERT INTO examinations VALUES("220","2022","172","2032","1","0","20","0000-00-00 00:00:00","0000-00-00 00:00:00");
INSERT INTO examinations VALUES("221","2022","172","2027","10","0","48","0000-00-00 00:00:00","0000-00-00 00:00:00");
INSERT INTO examinations VALUES("222","2022","172","2029","10","0","49","0000-00-00 00:00:00","0000-00-00 00:00:00");
INSERT INTO examinations VALUES("223","2022","172","2030","10","0","45","0000-00-00 00:00:00","0000-00-00 00:00:00");
INSERT INTO examinations VALUES("224","2022","172","2031","10","0","30","0000-00-00 00:00:00","0000-00-00 00:00:00");
INSERT INTO examinations VALUES("225","2022","172","2032","10","0","33","0000-00-00 00:00:00","0000-00-00 00:00:00");
INSERT INTO examinations VALUES("226","2022","174","2027","10","0","60","0000-00-00 00:00:00","0000-00-00 00:00:00");
INSERT INTO examinations VALUES("227","2022","174","2029","10","0","60","0000-00-00 00:00:00","0000-00-00 00:00:00");
INSERT INTO examinations VALUES("228","2022","174","2030","10","0","60","0000-00-00 00:00:00","0000-00-00 00:00:00");
INSERT INTO examinations VALUES("229","2022","174","2031","10","0","60","0000-00-00 00:00:00","0000-00-00 00:00:00");
INSERT INTO examinations VALUES("230","2022","174","2032","10","0","60","0000-00-00 00:00:00","0000-00-00 00:00:00");
INSERT INTO examinations VALUES("231","2022","174","2027","1","0","34","0000-00-00 00:00:00","0000-00-00 00:00:00");
INSERT INTO examinations VALUES("232","2022","174","2029","1","0","37","0000-00-00 00:00:00","0000-00-00 00:00:00");
INSERT INTO examinations VALUES("233","2022","174","2030","1","0","25","0000-00-00 00:00:00","0000-00-00 00:00:00");
INSERT INTO examinations VALUES("234","2022","174","2031","1","0","17","0000-00-00 00:00:00","0000-00-00 00:00:00");
INSERT INTO examinations VALUES("235","2022","174","2032","1","0","36","0000-00-00 00:00:00","0000-00-00 00:00:00");
INSERT INTO examinations VALUES("236","2022","169","2032","1","0","20","0000-00-00 00:00:00","0000-00-00 00:00:00");
INSERT INTO examinations VALUES("237","2007","209","2037","6","0","26","0000-00-00 00:00:00","0000-00-00 00:00:00");
INSERT INTO examinations VALUES("238","2007","209","2041","6","0","34","0000-00-00 00:00:00","0000-00-00 00:00:00");
INSERT INTO examinations VALUES("239","2007","209","2037","15","0","54","0000-00-00 00:00:00","0000-00-00 00:00:00");
INSERT INTO examinations VALUES("240","2007","209","2041","15","0","54","0000-00-00 00:00:00","0000-00-00 00:00:00");
INSERT INTO examinations VALUES("241","2007","210","2037","15","0","43","0000-00-00 00:00:00","0000-00-00 00:00:00");
INSERT INTO examinations VALUES("242","2007","210","2041","15","0","56","0000-00-00 00:00:00","2015-12-06 06:39:08");
INSERT INTO examinations VALUES("243","2007","210","2037","6","0","36","0000-00-00 00:00:00","0000-00-00 00:00:00");
INSERT INTO examinations VALUES("244","2007","210","2041","6","0","40","0000-00-00 00:00:00","2015-12-06 06:38:49");
INSERT INTO examinations VALUES("245","2007","211","2037","6","0","24","0000-00-00 00:00:00","0000-00-00 00:00:00");
INSERT INTO examinations VALUES("246","2007","211","2037","15","0","52","0000-00-00 00:00:00","0000-00-00 00:00:00");
INSERT INTO examinations VALUES("247","2007","211","2041","15","0","53","0000-00-00 00:00:00","0000-00-00 00:00:00");
INSERT INTO examinations VALUES("248","2007","211","2041","6","0","40","0000-00-00 00:00:00","0000-00-00 00:00:00");
INSERT INTO examinations VALUES("249","2007","212","2037","6","0","34","0000-00-00 00:00:00","0000-00-00 00:00:00");
INSERT INTO examinations VALUES("250","2007","212","2041","6","0","34","0000-00-00 00:00:00","0000-00-00 00:00:00");
INSERT INTO examinations VALUES("251","2007","212","2037","15","0","54","0000-00-00 00:00:00","0000-00-00 00:00:00");
INSERT INTO examinations VALUES("252","2007","212","2041","15","0","57","0000-00-00 00:00:00","0000-00-00 00:00:00");
INSERT INTO examinations VALUES("253","2007","213","2037","15","0","35","0000-00-00 00:00:00","0000-00-00 00:00:00");
INSERT INTO examinations VALUES("254","2007","213","2041","15","0","58","0000-00-00 00:00:00","0000-00-00 00:00:00");
INSERT INTO examinations VALUES("255","2007","213","2037","6","0","24","0000-00-00 00:00:00","0000-00-00 00:00:00");
INSERT INTO examinations VALUES("256","2007","213","2041","6","0","35","0000-00-00 00:00:00","0000-00-00 00:00:00");
INSERT INTO examinations VALUES("257","2007","214","2037","6","0","16","0000-00-00 00:00:00","0000-00-00 00:00:00");
INSERT INTO examinations VALUES("258","2007","214","2041","6","0","32","0000-00-00 00:00:00","2015-12-06 06:38:19");
INSERT INTO examinations VALUES("259","2007","214","2037","15","0","57","0000-00-00 00:00:00","0000-00-00 00:00:00");
INSERT INTO examinations VALUES("260","2007","214","2041","15","0","55","0000-00-00 00:00:00","2015-12-06 06:38:33");
INSERT INTO examinations VALUES("261","2007","215","2037","15","0","53","0000-00-00 00:00:00","0000-00-00 00:00:00");
INSERT INTO examinations VALUES("262","2007","215","2037","6","0","26","0000-00-00 00:00:00","2015-12-06 06:49:54");
INSERT INTO examinations VALUES("263","2007","216","2037","6","0","20","0000-00-00 00:00:00","2015-12-06 06:54:53");
INSERT INTO examinations VALUES("264","2007","216","2041","6","0","28","0000-00-00 00:00:00","0000-00-00 00:00:00");
INSERT INTO examinations VALUES("265","2007","216","2037","15","0","54","0000-00-00 00:00:00","0000-00-00 00:00:00");
INSERT INTO examinations VALUES("266","2007","216","2041","15","0","58","0000-00-00 00:00:00","0000-00-00 00:00:00");
INSERT INTO examinations VALUES("267","2007","217","2037","15","0","40","0000-00-00 00:00:00","2015-12-06 06:41:47");
INSERT INTO examinations VALUES("268","2007","217","2041","15","0","50","0000-00-00 00:00:00","2015-12-06 06:45:17");
INSERT INTO examinations VALUES("269","2007","217","2041","6","0","36","0000-00-00 00:00:00","2015-12-06 06:44:58");
INSERT INTO examinations VALUES("270","2007","217","2037","6","0","28","0000-00-00 00:00:00","0000-00-00 00:00:00");
INSERT INTO examinations VALUES("271","2007","218","2037","6","0","32","0000-00-00 00:00:00","0000-00-00 00:00:00");
INSERT INTO examinations VALUES("272","2007","218","2037","15","0","50","0000-00-00 00:00:00","0000-00-00 00:00:00");
INSERT INTO examinations VALUES("273","2007","219","2037","15","0","46","0000-00-00 00:00:00","0000-00-00 00:00:00");
INSERT INTO examinations VALUES("274","2007","219","2041","15","0","56","0000-00-00 00:00:00","0000-00-00 00:00:00");
INSERT INTO examinations VALUES("275","2007","219","2037","6","0","30","0000-00-00 00:00:00","0000-00-00 00:00:00");
INSERT INTO examinations VALUES("276","2007","219","2041","6","0","30","0000-00-00 00:00:00","0000-00-00 00:00:00");
INSERT INTO examinations VALUES("277","2007","218","2041","15","0","55","0000-00-00 00:00:00","0000-00-00 00:00:00");
INSERT INTO examinations VALUES("278","2007","218","2041","6","0","33","0000-00-00 00:00:00","0000-00-00 00:00:00");
INSERT INTO examinations VALUES("279","2007","220","2037","6","0","20","0000-00-00 00:00:00","0000-00-00 00:00:00");
INSERT INTO examinations VALUES("280","2007","220","2041","6","0","32","0000-00-00 00:00:00","0000-00-00 00:00:00");
INSERT INTO examinations VALUES("281","2007","220","2037","15","0","38","0000-00-00 00:00:00","0000-00-00 00:00:00");
INSERT INTO examinations VALUES("282","2007","220","2041","15","0","58","0000-00-00 00:00:00","0000-00-00 00:00:00");
INSERT INTO examinations VALUES("283","2007","221","2041","15","0","50","0000-00-00 00:00:00","0000-00-00 00:00:00");
INSERT INTO examinations VALUES("284","2007","221","2041","6","0","20","0000-00-00 00:00:00","0000-00-00 00:00:00");
INSERT INTO examinations VALUES("285","2007","222","2037","6","0","22","0000-00-00 00:00:00","2015-12-06 06:53:10");
INSERT INTO examinations VALUES("286","2007","222","2041","6","0","36","0000-00-00 00:00:00","2015-12-06 06:53:26");
INSERT INTO examinations VALUES("287","2007","222","2037","15","0","50","0000-00-00 00:00:00","0000-00-00 00:00:00");
INSERT INTO examinations VALUES("288","2007","222","2041","15","0","54","0000-00-00 00:00:00","0000-00-00 00:00:00");
INSERT INTO examinations VALUES("289","2007","223","2037","6","0","32","0000-00-00 00:00:00","0000-00-00 00:00:00");
INSERT INTO examinations VALUES("290","2007","223","2041","6","0","36","0000-00-00 00:00:00","0000-00-00 00:00:00");
INSERT INTO examinations VALUES("291","2007","223","2037","15","0","48","0000-00-00 00:00:00","0000-00-00 00:00:00");
INSERT INTO examinations VALUES("292","2007","223","2041","15","0","46","0000-00-00 00:00:00","0000-00-00 00:00:00");
INSERT INTO examinations VALUES("293","2007","224","2037","6","0","22","0000-00-00 00:00:00","0000-00-00 00:00:00");
INSERT INTO examinations VALUES("294","2007","224","2041","6","0","16","0000-00-00 00:00:00","0000-00-00 00:00:00");
INSERT INTO examinations VALUES("295","2007","224","2037","15","0","56","0000-00-00 00:00:00","2015-12-06 07:03:56");
INSERT INTO examinations VALUES("296","2007","224","2041","15","0","60","0000-00-00 00:00:00","2015-12-06 07:07:17");
INSERT INTO examinations VALUES("297","2007","225","2037","15","0","41","0000-00-00 00:00:00","2015-12-06 07:04:14");
INSERT INTO examinations VALUES("298","2007","225","2041","15","0","41","0000-00-00 00:00:00","0000-00-00 00:00:00");
INSERT INTO examinations VALUES("299","2007","225","2037","6","0","16","0000-00-00 00:00:00","2015-12-06 07:04:30");
INSERT INTO examinations VALUES("300","2007","225","2041","6","0","16","0000-00-00 00:00:00","0000-00-00 00:00:00");
INSERT INTO examinations VALUES("301","2007","226","2037","6","0","22","0000-00-00 00:00:00","0000-00-00 00:00:00");
INSERT INTO examinations VALUES("302","2007","226","2041","6","0","22","0000-00-00 00:00:00","0000-00-00 00:00:00");
INSERT INTO examinations VALUES("303","2007","226","2037","15","0","34","0000-00-00 00:00:00","0000-00-00 00:00:00");
INSERT INTO examinations VALUES("304","2007","226","2041","15","0","38","0000-00-00 00:00:00","0000-00-00 00:00:00");
INSERT INTO examinations VALUES("305","2007","215","2041","15","0","46","0000-00-00 00:00:00","0000-00-00 00:00:00");
INSERT INTO examinations VALUES("306","2007","215","2041","6","0","24","0000-00-00 00:00:00","0000-00-00 00:00:00");
INSERT INTO examinations VALUES("307","2010","227","2025","7","0","40","0000-00-00 00:00:00","0000-00-00 00:00:00");
INSERT INTO examinations VALUES("308","2010","227","2039","7","0","25","0000-00-00 00:00:00","0000-00-00 00:00:00");
INSERT INTO examinations VALUES("309","2010","227","2025","16","0","46","0000-00-00 00:00:00","2015-12-06 12:42:13");
INSERT INTO examinations VALUES("310","2010","227","2039","16","0","46","0000-00-00 00:00:00","0000-00-00 00:00:00");
INSERT INTO examinations VALUES("311","2010","228","2025","7","0","37","0000-00-00 00:00:00","0000-00-00 00:00:00");
INSERT INTO examinations VALUES("312","2010","228","2039","7","0","28","0000-00-00 00:00:00","0000-00-00 00:00:00");
INSERT INTO examinations VALUES("313","2010","228","2025","16","0","48","0000-00-00 00:00:00","0000-00-00 00:00:00");
INSERT INTO examinations VALUES("314","2010","228","2039","16","0","32","0000-00-00 00:00:00","0000-00-00 00:00:00");
INSERT INTO examinations VALUES("315","2010","229","2025","16","0","54","0000-00-00 00:00:00","0000-00-00 00:00:00");
INSERT INTO examinations VALUES("316","2010","229","2039","16","0","38","0000-00-00 00:00:00","0000-00-00 00:00:00");
INSERT INTO examinations VALUES("317","2010","229","2025","7","0","39","0000-00-00 00:00:00","0000-00-00 00:00:00");
INSERT INTO examinations VALUES("318","2010","229","2039","7","0","29","0000-00-00 00:00:00","0000-00-00 00:00:00");
INSERT INTO examinations VALUES("319","2030","176","2045","20","0","22","0000-00-00 00:00:00","0000-00-00 00:00:00");
INSERT INTO examinations VALUES("320","2030","176","2046","20","0","20","0000-00-00 00:00:00","0000-00-00 00:00:00");
INSERT INTO examinations VALUES("321","2030","177","2045","20","0","36","0000-00-00 00:00:00","0000-00-00 00:00:00");
INSERT INTO examinations VALUES("322","2030","177","2046","20","0","34","0000-00-00 00:00:00","0000-00-00 00:00:00");
INSERT INTO examinations VALUES("323","2030","176","2045","21","0","32","0000-00-00 00:00:00","0000-00-00 00:00:00");
INSERT INTO examinations VALUES("324","2030","176","2046","21","0","32","0000-00-00 00:00:00","0000-00-00 00:00:00");
INSERT INTO examinations VALUES("325","2030","177","2045","21","0","52","0000-00-00 00:00:00","0000-00-00 00:00:00");
INSERT INTO examinations VALUES("326","2030","177","2046","21","0","47","0000-00-00 00:00:00","0000-00-00 00:00:00");
INSERT INTO examinations VALUES("327","2030","178","2045","21","0","31","0000-00-00 00:00:00","0000-00-00 00:00:00");
INSERT INTO examinations VALUES("328","2030","178","2046","21","0","25","0000-00-00 00:00:00","0000-00-00 00:00:00");
INSERT INTO examinations VALUES("329","2030","178","2045","20","0","38","0000-00-00 00:00:00","0000-00-00 00:00:00");
INSERT INTO examinations VALUES("330","2030","178","2046","20","0","31","0000-00-00 00:00:00","0000-00-00 00:00:00");
INSERT INTO examinations VALUES("331","2030","179","2045","20","0","39","0000-00-00 00:00:00","0000-00-00 00:00:00");
INSERT INTO examinations VALUES("332","2030","179","2046","20","0","37","0000-00-00 00:00:00","0000-00-00 00:00:00");
INSERT INTO examinations VALUES("333","2030","179","2045","21","0","59","0000-00-00 00:00:00","0000-00-00 00:00:00");
INSERT INTO examinations VALUES("334","2030","179","2046","21","0","57","0000-00-00 00:00:00","0000-00-00 00:00:00");
INSERT INTO examinations VALUES("335","2030","180","2045","21","0","58","0000-00-00 00:00:00","0000-00-00 00:00:00");
INSERT INTO examinations VALUES("336","2030","180","2046","21","0","57","0000-00-00 00:00:00","0000-00-00 00:00:00");
INSERT INTO examinations VALUES("337","2030","180","2045","20","0","37","0000-00-00 00:00:00","0000-00-00 00:00:00");
INSERT INTO examinations VALUES("338","2030","180","2046","20","0","27","0000-00-00 00:00:00","0000-00-00 00:00:00");
INSERT INTO examinations VALUES("339","2030","181","2045","20","0","32","0000-00-00 00:00:00","0000-00-00 00:00:00");
INSERT INTO examinations VALUES("340","2030","181","2046","20","0","24","0000-00-00 00:00:00","0000-00-00 00:00:00");
INSERT INTO examinations VALUES("341","2030","181","2045","21","0","51","0000-00-00 00:00:00","0000-00-00 00:00:00");
INSERT INTO examinations VALUES("342","2030","181","2046","21","0","42","0000-00-00 00:00:00","0000-00-00 00:00:00");
INSERT INTO examinations VALUES("343","2030","182","2045","21","0","22","0000-00-00 00:00:00","0000-00-00 00:00:00");
INSERT INTO examinations VALUES("344","2030","182","2046","21","0","28","0000-00-00 00:00:00","0000-00-00 00:00:00");
INSERT INTO examinations VALUES("345","2030","182","2045","20","0","36","0000-00-00 00:00:00","0000-00-00 00:00:00");
INSERT INTO examinations VALUES("346","2030","182","2046","20","0","33","0000-00-00 00:00:00","0000-00-00 00:00:00");
INSERT INTO examinations VALUES("347","2030","183","2045","20","0","22","0000-00-00 00:00:00","0000-00-00 00:00:00");
INSERT INTO examinations VALUES("348","2030","183","2046","20","0","22","0000-00-00 00:00:00","0000-00-00 00:00:00");
INSERT INTO examinations VALUES("349","2030","183","2045","21","0","35","0000-00-00 00:00:00","0000-00-00 00:00:00");
INSERT INTO examinations VALUES("350","2030","183","2046","21","0","40","0000-00-00 00:00:00","0000-00-00 00:00:00");
INSERT INTO examinations VALUES("351","2030","184","2046","21","0","35","0000-00-00 00:00:00","0000-00-00 00:00:00");
INSERT INTO examinations VALUES("352","2030","184","2046","20","0","25","0000-00-00 00:00:00","0000-00-00 00:00:00");
INSERT INTO examinations VALUES("353","2030","185","2045","20","0","33","0000-00-00 00:00:00","2015-12-06 12:07:01");
INSERT INTO examinations VALUES("354","2030","185","2046","20","0","24","0000-00-00 00:00:00","2015-12-06 12:12:58");
INSERT INTO examinations VALUES("355","2030","185","2045","21","0","45","0000-00-00 00:00:00","0000-00-00 00:00:00");
INSERT INTO examinations VALUES("356","2030","185","2046","21","0","37","0000-00-00 00:00:00","0000-00-00 00:00:00");
INSERT INTO examinations VALUES("357","2030","186","2045","21","0","41","0000-00-00 00:00:00","2015-12-06 12:12:03");
INSERT INTO examinations VALUES("358","2030","186","2046","21","0","45","0000-00-00 00:00:00","2015-12-06 12:12:30");
INSERT INTO examinations VALUES("359","2030","186","2045","20","0","36","0000-00-00 00:00:00","0000-00-00 00:00:00");
INSERT INTO examinations VALUES("360","2030","186","2046","20","0","20","0000-00-00 00:00:00","0000-00-00 00:00:00");
INSERT INTO examinations VALUES("361","2030","187","2045","20","0","33","0000-00-00 00:00:00","0000-00-00 00:00:00");
INSERT INTO examinations VALUES("362","2030","187","2046","20","0","30","0000-00-00 00:00:00","0000-00-00 00:00:00");
INSERT INTO examinations VALUES("363","2030","187","2045","21","0","38","0000-00-00 00:00:00","0000-00-00 00:00:00");
INSERT INTO examinations VALUES("364","2030","187","2046","21","0","52","0000-00-00 00:00:00","0000-00-00 00:00:00");
INSERT INTO examinations VALUES("365","2030","188","2045","21","0","42","0000-00-00 00:00:00","0000-00-00 00:00:00");
INSERT INTO examinations VALUES("366","2030","188","2046","21","0","50","0000-00-00 00:00:00","0000-00-00 00:00:00");
INSERT INTO examinations VALUES("367","2030","188","2045","20","0","28","0000-00-00 00:00:00","0000-00-00 00:00:00");
INSERT INTO examinations VALUES("368","2030","188","2046","20","0","23","0000-00-00 00:00:00","0000-00-00 00:00:00");
INSERT INTO examinations VALUES("369","2030","189","2045","20","0","30","0000-00-00 00:00:00","2015-12-06 12:00:23");
INSERT INTO examinations VALUES("370","2030","189","2046","20","0","20","0000-00-00 00:00:00","2015-12-06 12:00:57");
INSERT INTO examinations VALUES("371","2030","189","2045","21","0","30","0000-00-00 00:00:00","0000-00-00 00:00:00");
INSERT INTO examinations VALUES("372","2030","189","2046","21","0","34","0000-00-00 00:00:00","0000-00-00 00:00:00");
INSERT INTO examinations VALUES("373","2030","190","2045","20","0","34","0000-00-00 00:00:00","0000-00-00 00:00:00");
INSERT INTO examinations VALUES("374","2030","190","2046","20","0","26","0000-00-00 00:00:00","0000-00-00 00:00:00");
INSERT INTO examinations VALUES("375","2030","190","2045","21","0","48","0000-00-00 00:00:00","0000-00-00 00:00:00");
INSERT INTO examinations VALUES("376","2030","190","2046","21","0","38","0000-00-00 00:00:00","0000-00-00 00:00:00");
INSERT INTO examinations VALUES("377","2030","191","2045","21","0","29","0000-00-00 00:00:00","0000-00-00 00:00:00");
INSERT INTO examinations VALUES("378","2030","191","2046","21","0","33","0000-00-00 00:00:00","0000-00-00 00:00:00");
INSERT INTO examinations VALUES("379","2030","191","2045","20","0","27","0000-00-00 00:00:00","0000-00-00 00:00:00");
INSERT INTO examinations VALUES("380","2030","191","2046","20","0","25","0000-00-00 00:00:00","0000-00-00 00:00:00");
INSERT INTO examinations VALUES("381","2010","230","2025","7","0","40","0000-00-00 00:00:00","0000-00-00 00:00:00");
INSERT INTO examinations VALUES("382","2010","230","2039","7","0","33","0000-00-00 00:00:00","0000-00-00 00:00:00");
INSERT INTO examinations VALUES("383","2010","230","2025","16","0","60","0000-00-00 00:00:00","0000-00-00 00:00:00");
INSERT INTO examinations VALUES("384","2010","230","2039","16","0","55","0000-00-00 00:00:00","0000-00-00 00:00:00");
INSERT INTO examinations VALUES("385","2010","231","2025","16","0","52","0000-00-00 00:00:00","0000-00-00 00:00:00");
INSERT INTO examinations VALUES("386","2010","231","2039","16","0","41","0000-00-00 00:00:00","0000-00-00 00:00:00");
INSERT INTO examinations VALUES("387","2010","231","2025","7","0","30","0000-00-00 00:00:00","0000-00-00 00:00:00");
INSERT INTO examinations VALUES("388","2010","231","2039","7","0","26","0000-00-00 00:00:00","0000-00-00 00:00:00");
INSERT INTO examinations VALUES("389","2010","232","2025","7","0","40","0000-00-00 00:00:00","0000-00-00 00:00:00");
INSERT INTO examinations VALUES("390","2010","232","2039","7","0","38","0000-00-00 00:00:00","0000-00-00 00:00:00");
INSERT INTO examinations VALUES("391","2010","232","2025","16","0","56","0000-00-00 00:00:00","0000-00-00 00:00:00");
INSERT INTO examinations VALUES("392","2010","232","2039","16","0","52","0000-00-00 00:00:00","0000-00-00 00:00:00");
INSERT INTO examinations VALUES("393","2010","233","2025","16","0","54","0000-00-00 00:00:00","0000-00-00 00:00:00");
INSERT INTO examinations VALUES("394","2010","233","2039","16","0","36","0000-00-00 00:00:00","0000-00-00 00:00:00");
INSERT INTO examinations VALUES("395","2010","233","2039","7","0","32","0000-00-00 00:00:00","0000-00-00 00:00:00");
INSERT INTO examinations VALUES("396","2010","233","2025","7","0","40","0000-00-00 00:00:00","0000-00-00 00:00:00");
INSERT INTO examinations VALUES("397","2010","234","2025","7","0","36","0000-00-00 00:00:00","0000-00-00 00:00:00");
INSERT INTO examinations VALUES("398","2010","234","2039","7","0","24","0000-00-00 00:00:00","0000-00-00 00:00:00");
INSERT INTO examinations VALUES("399","2010","234","2025","16","0","54","0000-00-00 00:00:00","0000-00-00 00:00:00");
INSERT INTO examinations VALUES("400","2010","234","2039","16","0","38","0000-00-00 00:00:00","0000-00-00 00:00:00");
INSERT INTO examinations VALUES("401","2010","235","2025","16","0","54","0000-00-00 00:00:00","0000-00-00 00:00:00");
INSERT INTO examinations VALUES("402","2010","235","2039","16","0","34","0000-00-00 00:00:00","0000-00-00 00:00:00");
INSERT INTO examinations VALUES("403","2010","235","2025","7","0","37","0000-00-00 00:00:00","0000-00-00 00:00:00");
INSERT INTO examinations VALUES("404","2010","235","2039","7","0","25","0000-00-00 00:00:00","0000-00-00 00:00:00");
INSERT INTO examinations VALUES("405","2010","236","2025","7","0","30","0000-00-00 00:00:00","0000-00-00 00:00:00");
INSERT INTO examinations VALUES("406","2010","236","2039","7","0","28","0000-00-00 00:00:00","0000-00-00 00:00:00");
INSERT INTO examinations VALUES("407","2010","236","2025","16","0","40","0000-00-00 00:00:00","0000-00-00 00:00:00");
INSERT INTO examinations VALUES("408","2010","236","2039","16","0","40","0000-00-00 00:00:00","0000-00-00 00:00:00");
INSERT INTO examinations VALUES("409","2010","237","2025","16","0","48","0000-00-00 00:00:00","0000-00-00 00:00:00");
INSERT INTO examinations VALUES("410","2010","237","2039","16","0","37","0000-00-00 00:00:00","2015-12-06 12:45:07");
INSERT INTO examinations VALUES("411","2010","237","2025","7","0","40","0000-00-00 00:00:00","0000-00-00 00:00:00");
INSERT INTO examinations VALUES("412","2010","238","2025","7","0","36","0000-00-00 00:00:00","0000-00-00 00:00:00");
INSERT INTO examinations VALUES("413","2010","238","2039","7","0","20","0000-00-00 00:00:00","0000-00-00 00:00:00");
INSERT INTO examinations VALUES("414","2010","238","2025","16","0","53","0000-00-00 00:00:00","0000-00-00 00:00:00");
INSERT INTO examinations VALUES("415","2010","238","2039","16","0","27","0000-00-00 00:00:00","0000-00-00 00:00:00");
INSERT INTO examinations VALUES("416","2010","239","2025","16","0","54","0000-00-00 00:00:00","0000-00-00 00:00:00");
INSERT INTO examinations VALUES("417","2010","239","2025","7","0","35","0000-00-00 00:00:00","0000-00-00 00:00:00");
INSERT INTO examinations VALUES("418","2010","240","2025","7","0","39","0000-00-00 00:00:00","0000-00-00 00:00:00");
INSERT INTO examinations VALUES("419","2010","240","2039","7","0","29","0000-00-00 00:00:00","2015-12-06 12:32:33");
INSERT INTO examinations VALUES("420","2010","240","2025","16","0","55","0000-00-00 00:00:00","0000-00-00 00:00:00");
INSERT INTO examinations VALUES("421","2010","240","2039","16","0","38","0000-00-00 00:00:00","0000-00-00 00:00:00");
INSERT INTO examinations VALUES("422","2010","241","2025","16","0","55","0000-00-00 00:00:00","0000-00-00 00:00:00");
INSERT INTO examinations VALUES("423","2010","241","2039","16","0","49","0000-00-00 00:00:00","0000-00-00 00:00:00");
INSERT INTO examinations VALUES("424","2010","241","2025","7","0","38","0000-00-00 00:00:00","0000-00-00 00:00:00");
INSERT INTO examinations VALUES("425","2010","241","2039","7","0","26","0000-00-00 00:00:00","0000-00-00 00:00:00");
INSERT INTO examinations VALUES("426","2010","242","2025","7","0","39","0000-00-00 00:00:00","0000-00-00 00:00:00");
INSERT INTO examinations VALUES("427","2010","242","2039","7","0","30","0000-00-00 00:00:00","0000-00-00 00:00:00");
INSERT INTO examinations VALUES("428","2010","242","2025","16","0","53","0000-00-00 00:00:00","0000-00-00 00:00:00");
INSERT INTO examinations VALUES("429","2010","242","2039","16","0","44","0000-00-00 00:00:00","0000-00-00 00:00:00");
INSERT INTO examinations VALUES("430","2010","243","2025","16","0","40","0000-00-00 00:00:00","0000-00-00 00:00:00");
INSERT INTO examinations VALUES("431","2010","243","2039","16","0","22","0000-00-00 00:00:00","0000-00-00 00:00:00");
INSERT INTO examinations VALUES("432","2010","243","2025","7","0","38","0000-00-00 00:00:00","0000-00-00 00:00:00");
INSERT INTO examinations VALUES("433","2010","243","2039","7","0","20","0000-00-00 00:00:00","0000-00-00 00:00:00");
INSERT INTO examinations VALUES("434","2010","244","2025","7","0","35","0000-00-00 00:00:00","0000-00-00 00:00:00");
INSERT INTO examinations VALUES("435","2010","244","2039","7","0","30","0000-00-00 00:00:00","0000-00-00 00:00:00");
INSERT INTO examinations VALUES("436","2010","244","2025","16","0","54","0000-00-00 00:00:00","0000-00-00 00:00:00");
INSERT INTO examinations VALUES("437","2010","244","2039","16","0","43","0000-00-00 00:00:00","0000-00-00 00:00:00");
INSERT INTO examinations VALUES("438","2010","237","2039","7","0","36","0000-00-00 00:00:00","0000-00-00 00:00:00");
INSERT INTO examinations VALUES("439","2001","192","2034","5","0","18","0000-00-00 00:00:00","0000-00-00 00:00:00");
INSERT INTO examinations VALUES("440","2001","192","2040","5","0","16","0000-00-00 00:00:00","0000-00-00 00:00:00");
INSERT INTO examinations VALUES("441","2001","192","2049","5","0","40","0000-00-00 00:00:00","0000-00-00 00:00:00");
INSERT INTO examinations VALUES("442","2001","192","2034","14","0","34","0000-00-00 00:00:00","0000-00-00 00:00:00");
INSERT INTO examinations VALUES("443","2001","192","2040","14","0","48","0000-00-00 00:00:00","0000-00-00 00:00:00");
INSERT INTO examinations VALUES("444","2001","192","2049","14","0","56","0000-00-00 00:00:00","0000-00-00 00:00:00");
INSERT INTO examinations VALUES("445","2001","193","2034","5","0","32","0000-00-00 00:00:00","0000-00-00 00:00:00");
INSERT INTO examinations VALUES("446","2001","193","2040","5","0","24","0000-00-00 00:00:00","0000-00-00 00:00:00");
INSERT INTO examinations VALUES("447","2001","193","2049","5","0","28","0000-00-00 00:00:00","0000-00-00 00:00:00");
INSERT INTO examinations VALUES("448","2001","193","2034","14","0","46","0000-00-00 00:00:00","0000-00-00 00:00:00");
INSERT INTO examinations VALUES("449","2001","193","2040","14","0","51","0000-00-00 00:00:00","0000-00-00 00:00:00");
INSERT INTO examinations VALUES("450","2001","193","2049","14","0","56","0000-00-00 00:00:00","0000-00-00 00:00:00");
INSERT INTO examinations VALUES("451","2001","194","2034","14","0","50","0000-00-00 00:00:00","0000-00-00 00:00:00");
INSERT INTO examinations VALUES("452","2001","194","2040","14","0","47","0000-00-00 00:00:00","0000-00-00 00:00:00");
INSERT INTO examinations VALUES("453","2001","194","2049","14","0","46","0000-00-00 00:00:00","0000-00-00 00:00:00");
INSERT INTO examinations VALUES("454","2001","194","2049","5","0","36","0000-00-00 00:00:00","0000-00-00 00:00:00");
INSERT INTO examinations VALUES("455","2001","194","2040","5","0","24","0000-00-00 00:00:00","0000-00-00 00:00:00");
INSERT INTO examinations VALUES("456","2001","194","2034","5","0","28","0000-00-00 00:00:00","0000-00-00 00:00:00");
INSERT INTO examinations VALUES("457","2001","195","2034","5","0","33","0000-00-00 00:00:00","0000-00-00 00:00:00");
INSERT INTO examinations VALUES("458","2001","195","2040","5","0","22","0000-00-00 00:00:00","0000-00-00 00:00:00");
INSERT INTO examinations VALUES("459","2001","195","2049","5","0","34","0000-00-00 00:00:00","0000-00-00 00:00:00");
INSERT INTO examinations VALUES("460","2001","195","2034","14","0","50","0000-00-00 00:00:00","0000-00-00 00:00:00");
INSERT INTO examinations VALUES("461","2001","195","2040","14","0","48","0000-00-00 00:00:00","0000-00-00 00:00:00");
INSERT INTO examinations VALUES("462","2001","195","2049","14","0","51","0000-00-00 00:00:00","0000-00-00 00:00:00");
INSERT INTO examinations VALUES("463","2001","196","2034","14","0","40","0000-00-00 00:00:00","0000-00-00 00:00:00");
INSERT INTO examinations VALUES("464","2001","196","2040","14","0","46","0000-00-00 00:00:00","0000-00-00 00:00:00");
INSERT INTO examinations VALUES("465","2001","196","2049","14","0","45","0000-00-00 00:00:00","0000-00-00 00:00:00");
INSERT INTO examinations VALUES("466","2001","196","2034","5","0","34","0000-00-00 00:00:00","0000-00-00 00:00:00");
INSERT INTO examinations VALUES("467","2001","196","2040","5","0","7","0000-00-00 00:00:00","0000-00-00 00:00:00");
INSERT INTO examinations VALUES("468","2001","196","2049","5","0","38","0000-00-00 00:00:00","0000-00-00 00:00:00");
INSERT INTO examinations VALUES("469","2001","197","2034","5","0","40","0000-00-00 00:00:00","0000-00-00 00:00:00");
INSERT INTO examinations VALUES("470","2001","197","2040","5","0","16","0000-00-00 00:00:00","2015-12-07 09:53:36");
INSERT INTO examinations VALUES("471","2001","197","2049","5","0","40","0000-00-00 00:00:00","0000-00-00 00:00:00");
INSERT INTO examinations VALUES("472","2001","197","2034","14","0","41","0000-00-00 00:00:00","0000-00-00 00:00:00");
INSERT INTO examinations VALUES("473","2001","197","2040","14","0","34","0000-00-00 00:00:00","2015-12-07 09:52:09");
INSERT INTO examinations VALUES("474","2001","197","2049","14","0","42","0000-00-00 00:00:00","0000-00-00 00:00:00");
INSERT INTO examinations VALUES("475","2001","198","2049","14","0","57","0000-00-00 00:00:00","0000-00-00 00:00:00");
INSERT INTO examinations VALUES("476","2001","198","2040","14","0","45","0000-00-00 00:00:00","0000-00-00 00:00:00");
INSERT INTO examinations VALUES("477","2001","198","2034","14","0","45","0000-00-00 00:00:00","0000-00-00 00:00:00");
INSERT INTO examinations VALUES("478","2001","198","2034","5","0","32","0000-00-00 00:00:00","0000-00-00 00:00:00");
INSERT INTO examinations VALUES("479","2001","198","2040","5","0","16","0000-00-00 00:00:00","0000-00-00 00:00:00");
INSERT INTO examinations VALUES("480","2001","198","2049","5","0","32","0000-00-00 00:00:00","0000-00-00 00:00:00");
INSERT INTO examinations VALUES("481","2001","199","2034","5","0","16","0000-00-00 00:00:00","0000-00-00 00:00:00");
INSERT INTO examinations VALUES("482","2001","199","2040","5","0","8","0000-00-00 00:00:00","0000-00-00 00:00:00");
INSERT INTO examinations VALUES("483","2001","199","2049","5","0","16","0000-00-00 00:00:00","0000-00-00 00:00:00");
INSERT INTO examinations VALUES("484","2001","199","2034","14","0","56","0000-00-00 00:00:00","0000-00-00 00:00:00");
INSERT INTO examinations VALUES("485","2001","199","2040","14","0","50","0000-00-00 00:00:00","0000-00-00 00:00:00");
INSERT INTO examinations VALUES("486","2001","199","2049","14","0","43","0000-00-00 00:00:00","0000-00-00 00:00:00");
INSERT INTO examinations VALUES("487","2001","200","2034","14","0","50","0000-00-00 00:00:00","0000-00-00 00:00:00");
INSERT INTO examinations VALUES("488","2001","200","2040","14","0","45","0000-00-00 00:00:00","0000-00-00 00:00:00");
INSERT INTO examinations VALUES("489","2001","200","2049","14","0","45","0000-00-00 00:00:00","0000-00-00 00:00:00");
INSERT INTO examinations VALUES("490","2001","200","2034","5","0","30","0000-00-00 00:00:00","0000-00-00 00:00:00");
INSERT INTO examinations VALUES("491","2001","200","2040","5","0","20","0000-00-00 00:00:00","0000-00-00 00:00:00");
INSERT INTO examinations VALUES("492","2001","200","2049","5","0","20","0000-00-00 00:00:00","0000-00-00 00:00:00");
INSERT INTO examinations VALUES("493","2001","201","2049","5","0","32","0000-00-00 00:00:00","0000-00-00 00:00:00");
INSERT INTO examinations VALUES("494","2001","201","2040","5","0","16","0000-00-00 00:00:00","0000-00-00 00:00:00");
INSERT INTO examinations VALUES("495","2001","201","2034","5","0","30","0000-00-00 00:00:00","0000-00-00 00:00:00");
INSERT INTO examinations VALUES("496","2001","201","2049","14","0","53","0000-00-00 00:00:00","0000-00-00 00:00:00");
INSERT INTO examinations VALUES("497","2001","201","2040","14","0","49","0000-00-00 00:00:00","2015-12-07 09:51:35");
INSERT INTO examinations VALUES("498","2001","201","2034","14","0","45","0000-00-00 00:00:00","2015-12-07 07:31:33");
INSERT INTO examinations VALUES("499","2001","202","2034","14","0","40","0000-00-00 00:00:00","0000-00-00 00:00:00");
INSERT INTO examinations VALUES("500","2001","202","2040","14","0","50","0000-00-00 00:00:00","0000-00-00 00:00:00");
INSERT INTO examinations VALUES("501","2001","202","2049","14","0","50","0000-00-00 00:00:00","0000-00-00 00:00:00");
INSERT INTO examinations VALUES("502","2001","202","2034","5","0","32","0000-00-00 00:00:00","0000-00-00 00:00:00");
INSERT INTO examinations VALUES("503","2001","202","2040","5","0","24","0000-00-00 00:00:00","0000-00-00 00:00:00");
INSERT INTO examinations VALUES("504","2001","202","2049","5","0","24","0000-00-00 00:00:00","0000-00-00 00:00:00");
INSERT INTO examinations VALUES("505","2001","203","2040","5","0","16","0000-00-00 00:00:00","0000-00-00 00:00:00");
INSERT INTO examinations VALUES("506","2001","203","2040","14","0","48","0000-00-00 00:00:00","0000-00-00 00:00:00");
INSERT INTO examinations VALUES("507","2001","204","2034","5","0","16","0000-00-00 00:00:00","0000-00-00 00:00:00");
INSERT INTO examinations VALUES("508","2001","204","2040","5","0","24","0000-00-00 00:00:00","0000-00-00 00:00:00");
INSERT INTO examinations VALUES("509","2001","204","2049","5","0","24","0000-00-00 00:00:00","0000-00-00 00:00:00");
INSERT INTO examinations VALUES("510","2001","204","2034","14","0","53","0000-00-00 00:00:00","0000-00-00 00:00:00");
INSERT INTO examinations VALUES("511","2001","204","2040","14","0","55","0000-00-00 00:00:00","0000-00-00 00:00:00");
INSERT INTO examinations VALUES("512","2001","204","2049","14","0","55","0000-00-00 00:00:00","0000-00-00 00:00:00");
INSERT INTO examinations VALUES("513","2001","205","2034","14","0","46","0000-00-00 00:00:00","0000-00-00 00:00:00");
INSERT INTO examinations VALUES("514","2001","205","2040","14","0","42","0000-00-00 00:00:00","0000-00-00 00:00:00");
INSERT INTO examinations VALUES("515","2001","205","2049","14","0","34","0000-00-00 00:00:00","0000-00-00 00:00:00");
INSERT INTO examinations VALUES("516","2001","205","2049","5","0","28","0000-00-00 00:00:00","0000-00-00 00:00:00");
INSERT INTO examinations VALUES("517","2001","205","2040","5","0","28","0000-00-00 00:00:00","0000-00-00 00:00:00");
INSERT INTO examinations VALUES("518","2001","205","2034","5","0","32","0000-00-00 00:00:00","0000-00-00 00:00:00");
INSERT INTO examinations VALUES("519","2001","206","2034","5","0","24","0000-00-00 00:00:00","0000-00-00 00:00:00");
INSERT INTO examinations VALUES("520","2001","206","2040","5","0","24","0000-00-00 00:00:00","0000-00-00 00:00:00");
INSERT INTO examinations VALUES("521","2001","206","2049","5","0","24","0000-00-00 00:00:00","0000-00-00 00:00:00");
INSERT INTO examinations VALUES("522","2001","206","2034","14","0","46","0000-00-00 00:00:00","0000-00-00 00:00:00");
INSERT INTO examinations VALUES("523","2001","206","2040","14","0","36","0000-00-00 00:00:00","0000-00-00 00:00:00");
INSERT INTO examinations VALUES("524","2001","206","2049","14","0","52","0000-00-00 00:00:00","0000-00-00 00:00:00");
INSERT INTO examinations VALUES("525","2001","207","2049","14","0","55","0000-00-00 00:00:00","0000-00-00 00:00:00");
INSERT INTO examinations VALUES("526","2001","207","2040","14","0","30","0000-00-00 00:00:00","0000-00-00 00:00:00");
INSERT INTO examinations VALUES("527","2001","207","2034","14","0","32","0000-00-00 00:00:00","0000-00-00 00:00:00");
INSERT INTO examinations VALUES("528","2001","207","2049","5","0","24","0000-00-00 00:00:00","0000-00-00 00:00:00");
INSERT INTO examinations VALUES("529","2001","207","2040","5","0","5","0000-00-00 00:00:00","0000-00-00 00:00:00");
INSERT INTO examinations VALUES("530","2001","207","2034","5","0","8","0000-00-00 00:00:00","0000-00-00 00:00:00");
INSERT INTO examinations VALUES("531","2001","208","2034","5","0","20","0000-00-00 00:00:00","0000-00-00 00:00:00");
INSERT INTO examinations VALUES("532","2001","208","2040","5","0","16","0000-00-00 00:00:00","0000-00-00 00:00:00");
INSERT INTO examinations VALUES("533","2001","208","2049","5","0","16","0000-00-00 00:00:00","0000-00-00 00:00:00");
INSERT INTO examinations VALUES("534","2001","208","2049","14","0","44","0000-00-00 00:00:00","0000-00-00 00:00:00");
INSERT INTO examinations VALUES("535","2001","208","2040","14","0","41","0000-00-00 00:00:00","0000-00-00 00:00:00");
INSERT INTO examinations VALUES("536","2001","208","2034","14","0","38","0000-00-00 00:00:00","0000-00-00 00:00:00");
INSERT INTO examinations VALUES("537","2001","245","2049","14","0","44","0000-00-00 00:00:00","0000-00-00 00:00:00");
INSERT INTO examinations VALUES("538","2001","245","2040","14","0","46","0000-00-00 00:00:00","0000-00-00 00:00:00");
INSERT INTO examinations VALUES("539","2001","245","2034","14","0","41","0000-00-00 00:00:00","0000-00-00 00:00:00");
INSERT INTO examinations VALUES("540","2001","245","2049","5","0","40","0000-00-00 00:00:00","0000-00-00 00:00:00");
INSERT INTO examinations VALUES("541","2001","245","2040","5","0","40","0000-00-00 00:00:00","0000-00-00 00:00:00");
INSERT INTO examinations VALUES("542","2001","245","2034","5","0","40","0000-00-00 00:00:00","0000-00-00 00:00:00");
INSERT INTO examinations VALUES("543","2020","160","2026","3","0","38","0000-00-00 00:00:00","2016-03-23 23:35:58");
INSERT INTO examinations VALUES("544","2020","160","2033","3","0","40","0000-00-00 00:00:00","2016-03-23 23:45:29");
INSERT INTO examinations VALUES("545","2020","160","2050","3","0","40","0000-00-00 00:00:00","2016-03-23 23:51:38");
INSERT INTO examinations VALUES("546","2020","160","2026","13","0","55","0000-00-00 00:00:00","2016-03-23 23:36:47");
INSERT INTO examinations VALUES("547","2020","160","2033","13","0","56","0000-00-00 00:00:00","2016-03-23 23:45:46");
INSERT INTO examinations VALUES("548","2020","160","2050","13","0","58","0000-00-00 00:00:00","2016-03-23 23:51:48");
INSERT INTO examinations VALUES("549","2020","158","2026","13","0","53","0000-00-00 00:00:00","2016-03-23 23:38:40");
INSERT INTO examinations VALUES("550","2020","158","2026","3","0","39","0000-00-00 00:00:00","2016-03-23 23:38:28");
INSERT INTO examinations VALUES("551","2020","163","2026","3","0","36","0000-00-00 00:00:00","2016-03-23 23:39:01");
INSERT INTO examinations VALUES("552","2020","163","2026","13","0","51","0000-00-00 00:00:00","2016-03-23 23:39:12");
INSERT INTO examinations VALUES("553","2020","165","2026","3","0","40","0000-00-00 00:00:00","2016-03-23 23:39:30");
INSERT INTO examinations VALUES("554","2020","165","2026","13","0","51","0000-00-00 00:00:00","2016-03-23 23:39:40");
INSERT INTO examinations VALUES("555","2020","159","2026","3","0","36","0000-00-00 00:00:00","2016-03-23 23:39:59");
INSERT INTO examinations VALUES("556","2020","159","2026","13","0","51","0000-00-00 00:00:00","2016-03-23 23:40:08");
INSERT INTO examinations VALUES("557","2020","161","2026","3","0","32","0000-00-00 00:00:00","2016-03-23 23:40:24");
INSERT INTO examinations VALUES("558","2020","161","2026","13","0","45","0000-00-00 00:00:00","0000-00-00 00:00:00");
INSERT INTO examinations VALUES("559","2020","162","2026","3","0","36","0000-00-00 00:00:00","0000-00-00 00:00:00");
INSERT INTO examinations VALUES("560","2020","164","2026","3","0","40","0000-00-00 00:00:00","0000-00-00 00:00:00");
INSERT INTO examinations VALUES("561","2020","164","2026","13","0","45","0000-00-00 00:00:00","0000-00-00 00:00:00");
INSERT INTO examinations VALUES("562","2020","166","2026","3","0","30","0000-00-00 00:00:00","0000-00-00 00:00:00");
INSERT INTO examinations VALUES("563","2020","166","2026","13","0","45","0000-00-00 00:00:00","0000-00-00 00:00:00");
INSERT INTO examinations VALUES("564","2020","158","2033","3","0","35","0000-00-00 00:00:00","0000-00-00 00:00:00");
INSERT INTO examinations VALUES("565","2020","158","2033","13","0","54","0000-00-00 00:00:00","0000-00-00 00:00:00");
INSERT INTO examinations VALUES("566","2020","163","2033","3","0","40","0000-00-00 00:00:00","0000-00-00 00:00:00");
INSERT INTO examinations VALUES("567","2020","163","2033","13","0","51","0000-00-00 00:00:00","0000-00-00 00:00:00");
INSERT INTO examinations VALUES("568","2020","165","2033","3","0","40","0000-00-00 00:00:00","0000-00-00 00:00:00");
INSERT INTO examinations VALUES("569","2020","165","2033","13","0","54","0000-00-00 00:00:00","0000-00-00 00:00:00");
INSERT INTO examinations VALUES("570","2020","159","2033","3","0","40","0000-00-00 00:00:00","0000-00-00 00:00:00");
INSERT INTO examinations VALUES("571","2020","159","2033","13","0","54","0000-00-00 00:00:00","0000-00-00 00:00:00");
INSERT INTO examinations VALUES("572","2020","161","2033","3","0","36","0000-00-00 00:00:00","0000-00-00 00:00:00");
INSERT INTO examinations VALUES("573","2020","161","2033","13","0","57","0000-00-00 00:00:00","0000-00-00 00:00:00");
INSERT INTO examinations VALUES("574","2020","162","2033","3","0","40","0000-00-00 00:00:00","0000-00-00 00:00:00");
INSERT INTO examinations VALUES("575","2020","164","2033","3","0","40","0000-00-00 00:00:00","0000-00-00 00:00:00");
INSERT INTO examinations VALUES("576","2020","164","2033","13","0","51","0000-00-00 00:00:00","0000-00-00 00:00:00");
INSERT INTO examinations VALUES("577","2020","166","2033","3","0","25","0000-00-00 00:00:00","0000-00-00 00:00:00");
INSERT INTO examinations VALUES("578","2020","166","2033","13","0","35","0000-00-00 00:00:00","0000-00-00 00:00:00");
INSERT INTO examinations VALUES("579","2020","158","2050","3","0","40","0000-00-00 00:00:00","0000-00-00 00:00:00");
INSERT INTO examinations VALUES("580","2020","158","2050","13","0","54","0000-00-00 00:00:00","0000-00-00 00:00:00");
INSERT INTO examinations VALUES("581","2020","163","2050","3","0","40","0000-00-00 00:00:00","0000-00-00 00:00:00");
INSERT INTO examinations VALUES("582","2020","163","2050","13","0","54","0000-00-00 00:00:00","0000-00-00 00:00:00");
INSERT INTO examinations VALUES("583","2020","165","2050","3","0","40","0000-00-00 00:00:00","0000-00-00 00:00:00");
INSERT INTO examinations VALUES("584","2020","165","2050","13","0","54","0000-00-00 00:00:00","0000-00-00 00:00:00");
INSERT INTO examinations VALUES("585","2020","159","2050","3","0","40","0000-00-00 00:00:00","0000-00-00 00:00:00");
INSERT INTO examinations VALUES("586","2020","159","2050","13","0","60","0000-00-00 00:00:00","0000-00-00 00:00:00");
INSERT INTO examinations VALUES("587","2020","161","2050","3","0","36","0000-00-00 00:00:00","0000-00-00 00:00:00");
INSERT INTO examinations VALUES("588","2020","161","2050","13","0","54","0000-00-00 00:00:00","0000-00-00 00:00:00");
INSERT INTO examinations VALUES("589","2020","162","2050","3","0","40","0000-00-00 00:00:00","0000-00-00 00:00:00");
INSERT INTO examinations VALUES("590","2020","164","2050","3","0","40","0000-00-00 00:00:00","0000-00-00 00:00:00");
INSERT INTO examinations VALUES("591","2020","164","2050","13","0","57","0000-00-00 00:00:00","0000-00-00 00:00:00");
INSERT INTO examinations VALUES("592","2020","166","2050","3","0","30","0000-00-00 00:00:00","0000-00-00 00:00:00");
INSERT INTO examinations VALUES("593","2020","166","2050","13","0","50","0000-00-00 00:00:00","0000-00-00 00:00:00");
INSERT INTO examinations VALUES("594","2020","167","2026","3","0","36","0000-00-00 00:00:00","0000-00-00 00:00:00");
INSERT INTO examinations VALUES("595","2020","167","2026","13","0","35","0000-00-00 00:00:00","0000-00-00 00:00:00");
INSERT INTO examinations VALUES("596","2020","167","2033","3","0","36","0000-00-00 00:00:00","0000-00-00 00:00:00");
INSERT INTO examinations VALUES("597","2020","167","2033","13","0","50","0000-00-00 00:00:00","0000-00-00 00:00:00");
INSERT INTO examinations VALUES("598","2020","167","2050","3","0","40","0000-00-00 00:00:00","0000-00-00 00:00:00");
INSERT INTO examinations VALUES("599","2020","167","2050","13","0","60","0000-00-00 00:00:00","0000-00-00 00:00:00");
INSERT INTO examinations VALUES("600","2020","247","2026","3","0","16","0000-00-00 00:00:00","0000-00-00 00:00:00");
INSERT INTO examinations VALUES("601","2020","247","2033","3","0","31","0000-00-00 00:00:00","0000-00-00 00:00:00");
INSERT INTO examinations VALUES("602","2020","247","2050","3","0","26","0000-00-00 00:00:00","0000-00-00 00:00:00");
INSERT INTO examinations VALUES("603","2020","247","2026","13","0","30","0000-00-00 00:00:00","0000-00-00 00:00:00");
INSERT INTO examinations VALUES("604","2020","247","2033","13","0","24","0000-00-00 00:00:00","0000-00-00 00:00:00");
INSERT INTO examinations VALUES("605","2020","247","2050","13","0","54","0000-00-00 00:00:00","0000-00-00 00:00:00");
INSERT INTO examinations VALUES("606","2020","248","2026","3","0","30","0000-00-00 00:00:00","0000-00-00 00:00:00");
INSERT INTO examinations VALUES("607","2020","248","2033","3","0","30","0000-00-00 00:00:00","0000-00-00 00:00:00");
INSERT INTO examinations VALUES("608","2020","248","2050","3","0","35","0000-00-00 00:00:00","0000-00-00 00:00:00");
INSERT INTO examinations VALUES("609","2020","248","2026","13","0","40","0000-00-00 00:00:00","0000-00-00 00:00:00");
INSERT INTO examinations VALUES("610","2020","248","2033","13","0","40","0000-00-00 00:00:00","0000-00-00 00:00:00");
INSERT INTO examinations VALUES("611","2020","248","2050","13","0","50","0000-00-00 00:00:00","0000-00-00 00:00:00");
INSERT INTO examinations VALUES("612","2020","246","2026","3","0","40","0000-00-00 00:00:00","0000-00-00 00:00:00");
INSERT INTO examinations VALUES("613","2020","246","2033","3","0","40","0000-00-00 00:00:00","0000-00-00 00:00:00");
INSERT INTO examinations VALUES("614","2020","246","2050","3","0","40","0000-00-00 00:00:00","0000-00-00 00:00:00");
INSERT INTO examinations VALUES("615","2020","246","2026","13","0","60","0000-00-00 00:00:00","0000-00-00 00:00:00");
INSERT INTO examinations VALUES("616","2020","246","2033","13","0","60","0000-00-00 00:00:00","0000-00-00 00:00:00");
INSERT INTO examinations VALUES("617","2020","246","2050","13","0","60","0000-00-00 00:00:00","0000-00-00 00:00:00");
INSERT INTO examinations VALUES("618","2011","227","2025","7","0","28","0000-00-00 00:00:00","0000-00-00 00:00:00");
INSERT INTO examinations VALUES("619","2011","227","2025","17","0","52","0000-00-00 00:00:00","0000-00-00 00:00:00");
INSERT INTO examinations VALUES("620","2011","228","2025","7","0","35","0000-00-00 00:00:00","0000-00-00 00:00:00");
INSERT INTO examinations VALUES("621","2011","228","2025","17","0","36","0000-00-00 00:00:00","0000-00-00 00:00:00");
INSERT INTO examinations VALUES("622","2011","234","2025","7","0","25","0000-00-00 00:00:00","0000-00-00 00:00:00");
INSERT INTO examinations VALUES("623","2011","234","2025","17","0","48","0000-00-00 00:00:00","0000-00-00 00:00:00");
INSERT INTO examinations VALUES("624","2011","229","2025","7","0","37","0000-00-00 00:00:00","0000-00-00 00:00:00");
INSERT INTO examinations VALUES("625","2011","229","2025","17","0","48","0000-00-00 00:00:00","0000-00-00 00:00:00");
INSERT INTO examinations VALUES("626","2011","239","2025","7","0","36","0000-00-00 00:00:00","0000-00-00 00:00:00");
INSERT INTO examinations VALUES("627","2011","239","2025","17","0","57","0000-00-00 00:00:00","0000-00-00 00:00:00");
INSERT INTO examinations VALUES("628","2011","241","2025","7","0","32","0000-00-00 00:00:00","2016-03-25 21:47:37");
INSERT INTO examinations VALUES("629","2011","232","2025","7","0","31","0000-00-00 00:00:00","0000-00-00 00:00:00");
INSERT INTO examinations VALUES("630","2011","232","2025","17","0","42","0000-00-00 00:00:00","0000-00-00 00:00:00");
INSERT INTO examinations VALUES("631","2011","233","2025","7","0","24","0000-00-00 00:00:00","0000-00-00 00:00:00");
INSERT INTO examinations VALUES("632","2011","233","2025","17","0","58","0000-00-00 00:00:00","0000-00-00 00:00:00");
INSERT INTO examinations VALUES("633","2011","242","2025","7","0","36","0000-00-00 00:00:00","0000-00-00 00:00:00");
INSERT INTO examinations VALUES("634","2011","242","2025","17","0","49","0000-00-00 00:00:00","0000-00-00 00:00:00");
INSERT INTO examinations VALUES("635","2011","243","2025","7","0","31","0000-00-00 00:00:00","0000-00-00 00:00:00");
INSERT INTO examinations VALUES("636","2011","243","2025","17","0","44","0000-00-00 00:00:00","0000-00-00 00:00:00");
INSERT INTO examinations VALUES("637","2011","235","2025","7","0","34","0000-00-00 00:00:00","0000-00-00 00:00:00");
INSERT INTO examinations VALUES("638","2011","235","2025","17","0","55","0000-00-00 00:00:00","0000-00-00 00:00:00");
INSERT INTO examinations VALUES("639","2011","231","2025","7","0","34","0000-00-00 00:00:00","0000-00-00 00:00:00");
INSERT INTO examinations VALUES("640","2011","231","2025","17","0","50","0000-00-00 00:00:00","0000-00-00 00:00:00");
INSERT INTO examinations VALUES("641","2011","249","2025","7","0","34","0000-00-00 00:00:00","0000-00-00 00:00:00");
INSERT INTO examinations VALUES("642","2011","249","2025","17","0","43","0000-00-00 00:00:00","0000-00-00 00:00:00");
INSERT INTO examinations VALUES("643","2011","227","2039","7","0","24","0000-00-00 00:00:00","0000-00-00 00:00:00");
INSERT INTO examinations VALUES("644","2011","227","2039","17","0","41","0000-00-00 00:00:00","0000-00-00 00:00:00");
INSERT INTO examinations VALUES("645","2011","228","2039","7","0","24","0000-00-00 00:00:00","0000-00-00 00:00:00");
INSERT INTO examinations VALUES("646","2011","228","2039","17","0","30","0000-00-00 00:00:00","0000-00-00 00:00:00");
INSERT INTO examinations VALUES("647","2011","234","2039","7","0","20","0000-00-00 00:00:00","0000-00-00 00:00:00");
INSERT INTO examinations VALUES("648","2011","234","2039","17","0","38","0000-00-00 00:00:00","0000-00-00 00:00:00");
INSERT INTO examinations VALUES("649","2011","229","2039","7","0","22","0000-00-00 00:00:00","0000-00-00 00:00:00");
INSERT INTO examinations VALUES("650","2011","229","2039","17","0","42","0000-00-00 00:00:00","0000-00-00 00:00:00");
INSERT INTO examinations VALUES("651","2011","241","2039","7","0","28","0000-00-00 00:00:00","0000-00-00 00:00:00");
INSERT INTO examinations VALUES("652","2011","241","2039","17","0","42","0000-00-00 00:00:00","0000-00-00 00:00:00");
INSERT INTO examinations VALUES("653","2011","232","2039","7","0","28","0000-00-00 00:00:00","0000-00-00 00:00:00");
INSERT INTO examinations VALUES("654","2011","232","2039","17","0","44","0000-00-00 00:00:00","0000-00-00 00:00:00");
INSERT INTO examinations VALUES("655","2011","233","2039","7","0","28","0000-00-00 00:00:00","0000-00-00 00:00:00");
INSERT INTO examinations VALUES("656","2011","233","2039","17","0","48","0000-00-00 00:00:00","0000-00-00 00:00:00");
INSERT INTO examinations VALUES("657","2011","242","2039","7","0","30","0000-00-00 00:00:00","0000-00-00 00:00:00");
INSERT INTO examinations VALUES("658","2011","242","2039","17","0","48","0000-00-00 00:00:00","0000-00-00 00:00:00");
INSERT INTO examinations VALUES("659","2011","243","2039","7","0","20","0000-00-00 00:00:00","0000-00-00 00:00:00");
INSERT INTO examinations VALUES("660","2011","243","2039","17","0","30","0000-00-00 00:00:00","0000-00-00 00:00:00");
INSERT INTO examinations VALUES("661","2011","235","2039","7","0","30","0000-00-00 00:00:00","0000-00-00 00:00:00");
INSERT INTO examinations VALUES("662","2011","235","2039","17","0","50","0000-00-00 00:00:00","0000-00-00 00:00:00");
INSERT INTO examinations VALUES("663","2011","231","2039","7","0","30","0000-00-00 00:00:00","0000-00-00 00:00:00");
INSERT INTO examinations VALUES("664","2011","231","2039","17","0","40","0000-00-00 00:00:00","0000-00-00 00:00:00");
INSERT INTO examinations VALUES("665","2011","249","2039","7","0","21","0000-00-00 00:00:00","0000-00-00 00:00:00");
INSERT INTO examinations VALUES("666","2011","249","2039","17","0","23","0000-00-00 00:00:00","0000-00-00 00:00:00");
INSERT INTO examinations VALUES("667","2011","227","2052","7","0","13","0000-00-00 00:00:00","0000-00-00 00:00:00");
INSERT INTO examinations VALUES("668","2011","227","2052","17","0","20","0000-00-00 00:00:00","0000-00-00 00:00:00");
INSERT INTO examinations VALUES("669","2011","228","2052","7","0","20","0000-00-00 00:00:00","0000-00-00 00:00:00");
INSERT INTO examinations VALUES("670","2011","228","2052","17","0","33","0000-00-00 00:00:00","0000-00-00 00:00:00");
INSERT INTO examinations VALUES("671","2011","234","2052","7","0","20","0000-00-00 00:00:00","0000-00-00 00:00:00");
INSERT INTO examinations VALUES("672","2011","234","2052","17","0","37","0000-00-00 00:00:00","0000-00-00 00:00:00");
INSERT INTO examinations VALUES("673","2011","229","2052","7","0","20","0000-00-00 00:00:00","0000-00-00 00:00:00");
INSERT INTO examinations VALUES("674","2011","229","2052","17","0","22","0000-00-00 00:00:00","0000-00-00 00:00:00");
INSERT INTO examinations VALUES("675","2011","241","2052","7","0","20","0000-00-00 00:00:00","0000-00-00 00:00:00");
INSERT INTO examinations VALUES("676","2011","241","2052","17","0","30","0000-00-00 00:00:00","0000-00-00 00:00:00");
INSERT INTO examinations VALUES("677","2011","232","2052","7","0","20","0000-00-00 00:00:00","0000-00-00 00:00:00");
INSERT INTO examinations VALUES("678","2011","232","2052","17","0","20","0000-00-00 00:00:00","0000-00-00 00:00:00");
INSERT INTO examinations VALUES("679","2011","233","2052","7","0","20","0000-00-00 00:00:00","0000-00-00 00:00:00");
INSERT INTO examinations VALUES("680","2011","233","2052","17","0","20","0000-00-00 00:00:00","0000-00-00 00:00:00");
INSERT INTO examinations VALUES("681","2011","242","2052","7","0","20","0000-00-00 00:00:00","0000-00-00 00:00:00");
INSERT INTO examinations VALUES("682","2011","242","2052","17","0","42","0000-00-00 00:00:00","0000-00-00 00:00:00");
INSERT INTO examinations VALUES("683","2011","243","2052","7","0","20","0000-00-00 00:00:00","0000-00-00 00:00:00");
INSERT INTO examinations VALUES("684","2011","243","2052","17","0","20","0000-00-00 00:00:00","0000-00-00 00:00:00");
INSERT INTO examinations VALUES("685","2011","235","2052","7","0","27","0000-00-00 00:00:00","0000-00-00 00:00:00");
INSERT INTO examinations VALUES("686","2011","235","2052","17","0","40","0000-00-00 00:00:00","0000-00-00 00:00:00");
INSERT INTO examinations VALUES("687","2011","231","2052","7","0","20","0000-00-00 00:00:00","0000-00-00 00:00:00");
INSERT INTO examinations VALUES("688","2011","231","2052","17","0","30","0000-00-00 00:00:00","0000-00-00 00:00:00");
INSERT INTO examinations VALUES("689","2011","249","2052","7","0","7","0000-00-00 00:00:00","0000-00-00 00:00:00");
INSERT INTO examinations VALUES("690","2011","249","2052","17","0","20","0000-00-00 00:00:00","0000-00-00 00:00:00");
INSERT INTO examinations VALUES("691","2011","227","2053","7","0","36","0000-00-00 00:00:00","0000-00-00 00:00:00");
INSERT INTO examinations VALUES("692","2011","227","2054","7","0","40","0000-00-00 00:00:00","0000-00-00 00:00:00");
INSERT INTO examinations VALUES("693","2011","227","2054","17","0","41","0000-00-00 00:00:00","0000-00-00 00:00:00");
INSERT INTO examinations VALUES("694","2011","227","2053","17","0","28","0000-00-00 00:00:00","0000-00-00 00:00:00");
INSERT INTO examinations VALUES("695","2011","228","2053","7","0","15","0000-00-00 00:00:00","0000-00-00 00:00:00");
INSERT INTO examinations VALUES("696","2011","228","2054","7","0","24","0000-00-00 00:00:00","0000-00-00 00:00:00");
INSERT INTO examinations VALUES("697","2011","228","2053","17","0","25","0000-00-00 00:00:00","0000-00-00 00:00:00");
INSERT INTO examinations VALUES("698","2011","228","2054","17","0","34","0000-00-00 00:00:00","0000-00-00 00:00:00");
INSERT INTO examinations VALUES("699","2011","234","2053","7","0","18","0000-00-00 00:00:00","0000-00-00 00:00:00");
INSERT INTO examinations VALUES("700","2011","234","2054","7","0","24","0000-00-00 00:00:00","0000-00-00 00:00:00");
INSERT INTO examinations VALUES("701","2011","234","2053","17","0","30","0000-00-00 00:00:00","0000-00-00 00:00:00");
INSERT INTO examinations VALUES("702","2011","234","2054","17","0","31","0000-00-00 00:00:00","0000-00-00 00:00:00");
INSERT INTO examinations VALUES("703","2011","229","2053","7","0","15","0000-00-00 00:00:00","0000-00-00 00:00:00");
INSERT INTO examinations VALUES("704","2011","229","2054","7","0","37","0000-00-00 00:00:00","0000-00-00 00:00:00");
INSERT INTO examinations VALUES("705","2011","229","2053","17","0","32","0000-00-00 00:00:00","0000-00-00 00:00:00");
INSERT INTO examinations VALUES("706","2011","229","2054","17","0","44","0000-00-00 00:00:00","0000-00-00 00:00:00");
INSERT INTO examinations VALUES("707","2011","239","2053","7","0","20","0000-00-00 00:00:00","0000-00-00 00:00:00");
INSERT INTO examinations VALUES("708","2011","239","2054","7","0","22","0000-00-00 00:00:00","0000-00-00 00:00:00");
INSERT INTO examinations VALUES("709","2011","239","2053","17","0","39","0000-00-00 00:00:00","0000-00-00 00:00:00");
INSERT INTO examinations VALUES("710","2011","239","2054","17","0","52","0000-00-00 00:00:00","0000-00-00 00:00:00");
INSERT INTO examinations VALUES("711","2011","241","2053","7","0","24","0000-00-00 00:00:00","0000-00-00 00:00:00");
INSERT INTO examinations VALUES("712","2011","241","2054","7","0","28","0000-00-00 00:00:00","0000-00-00 00:00:00");
INSERT INTO examinations VALUES("713","2011","241","2053","17","0","37","0000-00-00 00:00:00","0000-00-00 00:00:00");
INSERT INTO examinations VALUES("714","2011","241","2054","17","0","47","0000-00-00 00:00:00","0000-00-00 00:00:00");
INSERT INTO examinations VALUES("715","2011","232","2053","7","0","36","0000-00-00 00:00:00","0000-00-00 00:00:00");
INSERT INTO examinations VALUES("716","2011","232","2054","7","0","32","0000-00-00 00:00:00","0000-00-00 00:00:00");
INSERT INTO examinations VALUES("717","2011","232","2053","17","0","38","0000-00-00 00:00:00","0000-00-00 00:00:00");
INSERT INTO examinations VALUES("718","2011","232","2054","17","0","36","0000-00-00 00:00:00","0000-00-00 00:00:00");
INSERT INTO examinations VALUES("719","2011","233","2053","7","0","16","0000-00-00 00:00:00","0000-00-00 00:00:00");
INSERT INTO examinations VALUES("720","2011","233","2054","7","0","16","0000-00-00 00:00:00","0000-00-00 00:00:00");
INSERT INTO examinations VALUES("721","2011","233","2053","17","0","54","0000-00-00 00:00:00","0000-00-00 00:00:00");
INSERT INTO examinations VALUES("722","2011","233","2054","17","0","52","0000-00-00 00:00:00","0000-00-00 00:00:00");
INSERT INTO examinations VALUES("723","2011","242","2053","7","0","15","0000-00-00 00:00:00","0000-00-00 00:00:00");
INSERT INTO examinations VALUES("724","2011","242","2054","7","0","31","0000-00-00 00:00:00","0000-00-00 00:00:00");
INSERT INTO examinations VALUES("725","2011","242","2053","17","0","38","0000-00-00 00:00:00","0000-00-00 00:00:00");
INSERT INTO examinations VALUES("726","2011","242","2054","17","0","46","0000-00-00 00:00:00","0000-00-00 00:00:00");
INSERT INTO examinations VALUES("727","2011","243","2053","7","0","20","0000-00-00 00:00:00","0000-00-00 00:00:00");
INSERT INTO examinations VALUES("728","2011","243","2054","7","0","22","0000-00-00 00:00:00","0000-00-00 00:00:00");
INSERT INTO examinations VALUES("729","2011","243","2053","17","0","20","0000-00-00 00:00:00","0000-00-00 00:00:00");
INSERT INTO examinations VALUES("730","2011","243","2054","17","0","33","0000-00-00 00:00:00","0000-00-00 00:00:00");
INSERT INTO examinations VALUES("731","2011","235","2053","7","0","18","0000-00-00 00:00:00","0000-00-00 00:00:00");
INSERT INTO examinations VALUES("732","2011","235","2054","7","0","28","0000-00-00 00:00:00","0000-00-00 00:00:00");
INSERT INTO examinations VALUES("733","2011","235","2053","17","0","43","0000-00-00 00:00:00","0000-00-00 00:00:00");
INSERT INTO examinations VALUES("734","2011","235","2054","17","0","47","0000-00-00 00:00:00","0000-00-00 00:00:00");
INSERT INTO examinations VALUES("735","2011","231","2053","7","0","28","0000-00-00 00:00:00","0000-00-00 00:00:00");
INSERT INTO examinations VALUES("736","2011","231","2054","7","0","30","0000-00-00 00:00:00","0000-00-00 00:00:00");
INSERT INTO examinations VALUES("737","2011","231","2053","17","0","41","0000-00-00 00:00:00","0000-00-00 00:00:00");
INSERT INTO examinations VALUES("738","2011","231","2054","17","0","43","0000-00-00 00:00:00","0000-00-00 00:00:00");
INSERT INTO examinations VALUES("739","2011","249","2053","7","0","20","0000-00-00 00:00:00","0000-00-00 00:00:00");
INSERT INTO examinations VALUES("740","2011","249","2054","7","0","25","0000-00-00 00:00:00","0000-00-00 00:00:00");
INSERT INTO examinations VALUES("741","2011","249","2053","17","0","22","0000-00-00 00:00:00","0000-00-00 00:00:00");
INSERT INTO examinations VALUES("742","2011","249","2054","17","0","30","0000-00-00 00:00:00","0000-00-00 00:00:00");
INSERT INTO examinations VALUES("743","2008","209","2037","6","0","40","0000-00-00 00:00:00","0000-00-00 00:00:00");
INSERT INTO examinations VALUES("744","2008","209","2041","6","0","22","0000-00-00 00:00:00","0000-00-00 00:00:00");
INSERT INTO examinations VALUES("745","2008","209","2055","6","0","32","0000-00-00 00:00:00","0000-00-00 00:00:00");
INSERT INTO examinations VALUES("746","2008","209","2037","16","0","44","0000-00-00 00:00:00","0000-00-00 00:00:00");
INSERT INTO examinations VALUES("747","2008","209","2041","16","0","48","0000-00-00 00:00:00","0000-00-00 00:00:00");
INSERT INTO examinations VALUES("748","2008","209","2055","16","0","28","0000-00-00 00:00:00","0000-00-00 00:00:00");
INSERT INTO examinations VALUES("749","2008","210","2037","6","0","40","0000-00-00 00:00:00","0000-00-00 00:00:00");
INSERT INTO examinations VALUES("750","2008","210","2041","6","0","40","0000-00-00 00:00:00","0000-00-00 00:00:00");
INSERT INTO examinations VALUES("751","2008","210","2055","6","0","16","0000-00-00 00:00:00","0000-00-00 00:00:00");
INSERT INTO examinations VALUES("752","2008","210","2037","16","0","46","0000-00-00 00:00:00","0000-00-00 00:00:00");
INSERT INTO examinations VALUES("753","2008","210","2041","16","0","50","0000-00-00 00:00:00","0000-00-00 00:00:00");
INSERT INTO examinations VALUES("754","2008","210","2055","16","0","30","0000-00-00 00:00:00","0000-00-00 00:00:00");
INSERT INTO examinations VALUES("755","2008","216","2037","6","0","6","0000-00-00 00:00:00","0000-00-00 00:00:00");
INSERT INTO examinations VALUES("756","2008","216","2041","6","0","40","0000-00-00 00:00:00","0000-00-00 00:00:00");
INSERT INTO examinations VALUES("757","2008","216","2055","6","0","2","0000-00-00 00:00:00","0000-00-00 00:00:00");
INSERT INTO examinations VALUES("758","2008","216","2037","16","0","51","0000-00-00 00:00:00","0000-00-00 00:00:00");
INSERT INTO examinations VALUES("759","2008","216","2041","16","0","48","0000-00-00 00:00:00","0000-00-00 00:00:00");
INSERT INTO examinations VALUES("760","2008","216","2055","16","0","30","0000-00-00 00:00:00","0000-00-00 00:00:00");
INSERT INTO examinations VALUES("761","2008","211","2037","6","0","36","0000-00-00 00:00:00","0000-00-00 00:00:00");
INSERT INTO examinations VALUES("762","2008","211","2041","6","0","28","0000-00-00 00:00:00","0000-00-00 00:00:00");
INSERT INTO examinations VALUES("763","2008","211","2055","6","0","4","0000-00-00 00:00:00","0000-00-00 00:00:00");
INSERT INTO examinations VALUES("764","2008","211","2037","16","0","58","0000-00-00 00:00:00","0000-00-00 00:00:00");
INSERT INTO examinations VALUES("765","2008","211","2041","16","0","58","0000-00-00 00:00:00","0000-00-00 00:00:00");
INSERT INTO examinations VALUES("766","2008","211","2055","16","0","44","0000-00-00 00:00:00","0000-00-00 00:00:00");
INSERT INTO examinations VALUES("767","2008","221","2041","6","0","32","0000-00-00 00:00:00","0000-00-00 00:00:00");
INSERT INTO examinations VALUES("768","2008","221","2055","6","0","20","0000-00-00 00:00:00","0000-00-00 00:00:00");
INSERT INTO examinations VALUES("769","2008","221","2041","16","0","49","0000-00-00 00:00:00","0000-00-00 00:00:00");
INSERT INTO examinations VALUES("770","2008","221","2055","16","0","33","0000-00-00 00:00:00","0000-00-00 00:00:00");
INSERT INTO examinations VALUES("771","2008","222","2037","6","0","38","0000-00-00 00:00:00","0000-00-00 00:00:00");
INSERT INTO examinations VALUES("772","2008","222","2041","6","0","38","0000-00-00 00:00:00","0000-00-00 00:00:00");
INSERT INTO examinations VALUES("773","2008","222","2055","6","0","12","0000-00-00 00:00:00","0000-00-00 00:00:00");
INSERT INTO examinations VALUES("774","2008","219","2037","6","0","12","0000-00-00 00:00:00","0000-00-00 00:00:00");
INSERT INTO examinations VALUES("775","2008","219","2041","6","0","36","0000-00-00 00:00:00","0000-00-00 00:00:00");
INSERT INTO examinations VALUES("776","2008","219","2055","6","0","12","0000-00-00 00:00:00","0000-00-00 00:00:00");
INSERT INTO examinations VALUES("777","2008","219","2037","16","0","42","0000-00-00 00:00:00","0000-00-00 00:00:00");
INSERT INTO examinations VALUES("778","2008","219","2041","16","0","35","0000-00-00 00:00:00","0000-00-00 00:00:00");
INSERT INTO examinations VALUES("779","2008","219","2055","16","0","30","0000-00-00 00:00:00","0000-00-00 00:00:00");
INSERT INTO examinations VALUES("780","2008","220","2037","6","0","34","0000-00-00 00:00:00","0000-00-00 00:00:00");
INSERT INTO examinations VALUES("781","2008","220","2041","6","0","40","0000-00-00 00:00:00","0000-00-00 00:00:00");
INSERT INTO examinations VALUES("782","2008","220","2055","6","0","28","0000-00-00 00:00:00","0000-00-00 00:00:00");
INSERT INTO examinations VALUES("783","2008","220","2037","16","0","49","0000-00-00 00:00:00","0000-00-00 00:00:00");
INSERT INTO examinations VALUES("784","2008","220","2041","16","0","53","0000-00-00 00:00:00","0000-00-00 00:00:00");
INSERT INTO examinations VALUES("785","2008","220","2055","16","0","27","0000-00-00 00:00:00","2016-03-31 14:23:50");
INSERT INTO examinations VALUES("786","2008","223","2037","6","0","35","0000-00-00 00:00:00","0000-00-00 00:00:00");
INSERT INTO examinations VALUES("787","2008","223","2041","6","0","34","0000-00-00 00:00:00","0000-00-00 00:00:00");
INSERT INTO examinations VALUES("788","2008","223","2055","6","0","20","0000-00-00 00:00:00","0000-00-00 00:00:00");
INSERT INTO examinations VALUES("789","2008","223","2037","16","0","50","0000-00-00 00:00:00","0000-00-00 00:00:00");
INSERT INTO examinations VALUES("790","2008","223","2041","16","0","56","0000-00-00 00:00:00","0000-00-00 00:00:00");
INSERT INTO examinations VALUES("791","2008","223","2055","16","0","31","0000-00-00 00:00:00","0000-00-00 00:00:00");
INSERT INTO examinations VALUES("792","2008","226","2037","6","0","40","0000-00-00 00:00:00","0000-00-00 00:00:00");
INSERT INTO examinations VALUES("793","2008","226","2041","6","0","37","0000-00-00 00:00:00","0000-00-00 00:00:00");
INSERT INTO examinations VALUES("794","2008","226","2055","6","0","5","0000-00-00 00:00:00","0000-00-00 00:00:00");
INSERT INTO examinations VALUES("795","2008","226","2037","16","0","57","0000-00-00 00:00:00","0000-00-00 00:00:00");
INSERT INTO examinations VALUES("796","2008","226","2041","16","0","55","0000-00-00 00:00:00","0000-00-00 00:00:00");
INSERT INTO examinations VALUES("797","2008","226","2055","16","0","35","0000-00-00 00:00:00","0000-00-00 00:00:00");
INSERT INTO examinations VALUES("798","2008","214","2037","6","0","38","0000-00-00 00:00:00","0000-00-00 00:00:00");
INSERT INTO examinations VALUES("799","2008","214","2041","6","0","40","0000-00-00 00:00:00","0000-00-00 00:00:00");
INSERT INTO examinations VALUES("800","2008","214","2055","6","0","32","0000-00-00 00:00:00","0000-00-00 00:00:00");
INSERT INTO examinations VALUES("801","2008","214","2037","16","0","57","0000-00-00 00:00:00","0000-00-00 00:00:00");
INSERT INTO examinations VALUES("802","2008","214","2041","16","0","55","0000-00-00 00:00:00","0000-00-00 00:00:00");
INSERT INTO examinations VALUES("803","2008","214","2055","16","0","41","0000-00-00 00:00:00","0000-00-00 00:00:00");
INSERT INTO examinations VALUES("804","2008","215","2037","6","0","32","0000-00-00 00:00:00","0000-00-00 00:00:00");
INSERT INTO examinations VALUES("805","2008","215","2041","6","0","36","0000-00-00 00:00:00","0000-00-00 00:00:00");
INSERT INTO examinations VALUES("806","2008","215","2055","6","0","32","0000-00-00 00:00:00","0000-00-00 00:00:00");
INSERT INTO examinations VALUES("807","2008","215","2037","16","0","51","0000-00-00 00:00:00","0000-00-00 00:00:00");
INSERT INTO examinations VALUES("808","2008","215","2041","16","0","46","0000-00-00 00:00:00","0000-00-00 00:00:00");
INSERT INTO examinations VALUES("809","2008","215","2055","16","0","37","0000-00-00 00:00:00","0000-00-00 00:00:00");
INSERT INTO examinations VALUES("810","2008","224","2037","6","0","32","0000-00-00 00:00:00","0000-00-00 00:00:00");
INSERT INTO examinations VALUES("811","2008","224","2041","6","0","40","0000-00-00 00:00:00","0000-00-00 00:00:00");
INSERT INTO examinations VALUES("812","2008","224","2055","6","0","20","0000-00-00 00:00:00","0000-00-00 00:00:00");
INSERT INTO examinations VALUES("813","2008","224","2037","16","0","59","0000-00-00 00:00:00","0000-00-00 00:00:00");
INSERT INTO examinations VALUES("814","2008","224","2041","16","0","56","0000-00-00 00:00:00","0000-00-00 00:00:00");
INSERT INTO examinations VALUES("815","2008","224","2055","16","0","33","0000-00-00 00:00:00","0000-00-00 00:00:00");
INSERT INTO examinations VALUES("816","2008","217","2037","6","0","34","0000-00-00 00:00:00","0000-00-00 00:00:00");
INSERT INTO examinations VALUES("817","2008","217","2041","6","0","38","0000-00-00 00:00:00","0000-00-00 00:00:00");
INSERT INTO examinations VALUES("818","2008","217","2055","6","0","10","0000-00-00 00:00:00","0000-00-00 00:00:00");
INSERT INTO examinations VALUES("819","2008","217","2037","16","0","59","0000-00-00 00:00:00","0000-00-00 00:00:00");
INSERT INTO examinations VALUES("820","2008","217","2041","16","0","58","0000-00-00 00:00:00","0000-00-00 00:00:00");
INSERT INTO examinations VALUES("821","2008","217","2055","16","0","32","0000-00-00 00:00:00","0000-00-00 00:00:00");
INSERT INTO examinations VALUES("822","2008","225","2037","6","0","28","0000-00-00 00:00:00","0000-00-00 00:00:00");
INSERT INTO examinations VALUES("823","2008","225","2041","6","0","36","0000-00-00 00:00:00","0000-00-00 00:00:00");
INSERT INTO examinations VALUES("824","2008","225","2055","6","0","5","0000-00-00 00:00:00","0000-00-00 00:00:00");
INSERT INTO examinations VALUES("825","2008","225","2037","16","0","38","0000-00-00 00:00:00","0000-00-00 00:00:00");
INSERT INTO examinations VALUES("826","2008","225","2041","16","0","45","0000-00-00 00:00:00","0000-00-00 00:00:00");
INSERT INTO examinations VALUES("827","2008","225","2055","16","0","10","0000-00-00 00:00:00","0000-00-00 00:00:00");
INSERT INTO examinations VALUES("828","2008","213","2037","6","0","15","0000-00-00 00:00:00","0000-00-00 00:00:00");
INSERT INTO examinations VALUES("829","2008","213","2041","6","0","36","0000-00-00 00:00:00","0000-00-00 00:00:00");
INSERT INTO examinations VALUES("830","2008","213","2055","6","0","22","0000-00-00 00:00:00","0000-00-00 00:00:00");
INSERT INTO examinations VALUES("831","2008","213","2037","16","0","55","0000-00-00 00:00:00","0000-00-00 00:00:00");
INSERT INTO examinations VALUES("832","2008","213","2041","16","0","60","0000-00-00 00:00:00","0000-00-00 00:00:00");
INSERT INTO examinations VALUES("833","2008","213","2055","16","0","44","0000-00-00 00:00:00","0000-00-00 00:00:00");
INSERT INTO examinations VALUES("834","2008","212","2037","6","0","36","0000-00-00 00:00:00","0000-00-00 00:00:00");
INSERT INTO examinations VALUES("835","2008","212","2041","6","0","38","0000-00-00 00:00:00","0000-00-00 00:00:00");
INSERT INTO examinations VALUES("836","2008","212","2055","6","0","20","0000-00-00 00:00:00","0000-00-00 00:00:00");
INSERT INTO examinations VALUES("837","2008","212","2037","16","0","48","0000-00-00 00:00:00","0000-00-00 00:00:00");
INSERT INTO examinations VALUES("838","2008","212","2041","16","0","56","0000-00-00 00:00:00","0000-00-00 00:00:00");
INSERT INTO examinations VALUES("839","2008","212","2055","16","0","32","0000-00-00 00:00:00","0000-00-00 00:00:00");
INSERT INTO examinations VALUES("840","2008","218","2037","6","0","30","0000-00-00 00:00:00","0000-00-00 00:00:00");
INSERT INTO examinations VALUES("841","2008","218","2041","6","0","35","0000-00-00 00:00:00","0000-00-00 00:00:00");
INSERT INTO examinations VALUES("842","2008","218","2055","6","0","25","0000-00-00 00:00:00","0000-00-00 00:00:00");
INSERT INTO examinations VALUES("843","2008","218","2037","16","0","40","0000-00-00 00:00:00","0000-00-00 00:00:00");
INSERT INTO examinations VALUES("844","2008","218","2041","16","0","45","0000-00-00 00:00:00","0000-00-00 00:00:00");
INSERT INTO examinations VALUES("845","2008","218","2055","16","0","35","0000-00-00 00:00:00","0000-00-00 00:00:00");
INSERT INTO examinations VALUES("846","2008","251","2037","6","0","21","0000-00-00 00:00:00","0000-00-00 00:00:00");
INSERT INTO examinations VALUES("847","2008","251","2041","6","0","25","0000-00-00 00:00:00","0000-00-00 00:00:00");
INSERT INTO examinations VALUES("848","2008","251","2055","6","0","20","0000-00-00 00:00:00","0000-00-00 00:00:00");
INSERT INTO examinations VALUES("849","2008","251","2037","16","0","30","0000-00-00 00:00:00","0000-00-00 00:00:00");
INSERT INTO examinations VALUES("850","2008","251","2041","16","0","47","0000-00-00 00:00:00","0000-00-00 00:00:00");
INSERT INTO examinations VALUES("851","2008","251","2055","16","0","17","0000-00-00 00:00:00","0000-00-00 00:00:00");
INSERT INTO examinations VALUES("852","2008","252","2037","6","0","28","0000-00-00 00:00:00","0000-00-00 00:00:00");
INSERT INTO examinations VALUES("853","2008","252","2041","6","0","30","0000-00-00 00:00:00","0000-00-00 00:00:00");
INSERT INTO examinations VALUES("854","2008","252","2055","6","0","25","0000-00-00 00:00:00","0000-00-00 00:00:00");
INSERT INTO examinations VALUES("855","2008","252","2037","16","0","50","0000-00-00 00:00:00","0000-00-00 00:00:00");
INSERT INTO examinations VALUES("856","2008","252","2041","16","0","36","0000-00-00 00:00:00","0000-00-00 00:00:00");
INSERT INTO examinations VALUES("857","2008","252","2055","16","0","28","0000-00-00 00:00:00","0000-00-00 00:00:00");
INSERT INTO examinations VALUES("858","2005","5","2028","4","0","38","0000-00-00 00:00:00","0000-00-00 00:00:00");
INSERT INTO examinations VALUES("859","2005","5","2036","4","0","22","0000-00-00 00:00:00","0000-00-00 00:00:00");
INSERT INTO examinations VALUES("860","2005","5","2028","14","0","58","0000-00-00 00:00:00","0000-00-00 00:00:00");
INSERT INTO examinations VALUES("861","2005","5","2035","14","0","54","0000-00-00 00:00:00","0000-00-00 00:00:00");
INSERT INTO examinations VALUES("862","2005","5","2036","14","0","51","0000-00-00 00:00:00","0000-00-00 00:00:00");
INSERT INTO examinations VALUES("863","2005","6","2028","4","0","32","0000-00-00 00:00:00","0000-00-00 00:00:00");
INSERT INTO examinations VALUES("864","2005","6","2035","4","0","26","0000-00-00 00:00:00","0000-00-00 00:00:00");
INSERT INTO examinations VALUES("865","2005","6","2036","4","0","23","0000-00-00 00:00:00","0000-00-00 00:00:00");
INSERT INTO examinations VALUES("866","2005","6","2028","14","0","55","0000-00-00 00:00:00","0000-00-00 00:00:00");
INSERT INTO examinations VALUES("867","2005","6","2035","14","0","46","0000-00-00 00:00:00","0000-00-00 00:00:00");
INSERT INTO examinations VALUES("868","2005","6","2036","14","0","49","0000-00-00 00:00:00","0000-00-00 00:00:00");
INSERT INTO examinations VALUES("869","2005","147","2028","4","0","28","0000-00-00 00:00:00","0000-00-00 00:00:00");
INSERT INTO examinations VALUES("870","2005","147","2035","4","0","24","0000-00-00 00:00:00","0000-00-00 00:00:00");
INSERT INTO examinations VALUES("871","2005","147","2036","4","0","28","0000-00-00 00:00:00","0000-00-00 00:00:00");
INSERT INTO examinations VALUES("872","2005","147","2028","14","0","49","0000-00-00 00:00:00","0000-00-00 00:00:00");
INSERT INTO examinations VALUES("873","2005","147","2035","14","0","42","0000-00-00 00:00:00","0000-00-00 00:00:00");
INSERT INTO examinations VALUES("874","2005","147","2036","14","0","45","0000-00-00 00:00:00","0000-00-00 00:00:00");
INSERT INTO examinations VALUES("875","2005","10","2028","4","0","30","0000-00-00 00:00:00","0000-00-00 00:00:00");
INSERT INTO examinations VALUES("876","2005","10","2035","4","0","28","0000-00-00 00:00:00","0000-00-00 00:00:00");
INSERT INTO examinations VALUES("877","2005","10","2036","4","0","16","0000-00-00 00:00:00","0000-00-00 00:00:00");
INSERT INTO examinations VALUES("878","2005","10","2028","14","0","45","0000-00-00 00:00:00","0000-00-00 00:00:00");
INSERT INTO examinations VALUES("879","2005","10","2035","14","0","49","0000-00-00 00:00:00","0000-00-00 00:00:00");
INSERT INTO examinations VALUES("880","2005","10","2036","14","0","50","0000-00-00 00:00:00","0000-00-00 00:00:00");
INSERT INTO examinations VALUES("881","2005","152","2028","4","0","36","0000-00-00 00:00:00","0000-00-00 00:00:00");
INSERT INTO examinations VALUES("882","2005","152","2035","4","0","36","0000-00-00 00:00:00","0000-00-00 00:00:00");
INSERT INTO examinations VALUES("883","2005","152","2028","14","0","56","0000-00-00 00:00:00","0000-00-00 00:00:00");
INSERT INTO examinations VALUES("884","2005","152","2035","14","0","53","0000-00-00 00:00:00","0000-00-00 00:00:00");
INSERT INTO examinations VALUES("885","2005","153","2028","4","0","34","0000-00-00 00:00:00","0000-00-00 00:00:00");
INSERT INTO examinations VALUES("886","2005","153","2035","4","0","32","0000-00-00 00:00:00","2016-03-31 14:38:53");
INSERT INTO examinations VALUES("887","2005","153","2036","4","0","28","0000-00-00 00:00:00","0000-00-00 00:00:00");
INSERT INTO examinations VALUES("888","2005","150","2028","4","0","40","0000-00-00 00:00:00","0000-00-00 00:00:00");
INSERT INTO examinations VALUES("889","2005","150","2035","4","0","38","0000-00-00 00:00:00","0000-00-00 00:00:00");
INSERT INTO examinations VALUES("890","2005","150","2036","4","0","40","0000-00-00 00:00:00","0000-00-00 00:00:00");
INSERT INTO examinations VALUES("891","2005","150","2028","14","0","55","0000-00-00 00:00:00","0000-00-00 00:00:00");
INSERT INTO examinations VALUES("892","2005","150","2035","14","0","50","0000-00-00 00:00:00","0000-00-00 00:00:00");
INSERT INTO examinations VALUES("893","2005","150","2036","14","0","50","0000-00-00 00:00:00","0000-00-00 00:00:00");
INSERT INTO examinations VALUES("894","2005","154","2028","4","0","36","0000-00-00 00:00:00","0000-00-00 00:00:00");
INSERT INTO examinations VALUES("895","2005","154","2035","4","0","22","0000-00-00 00:00:00","0000-00-00 00:00:00");
INSERT INTO examinations VALUES("896","2005","154","2036","4","0","33","0000-00-00 00:00:00","0000-00-00 00:00:00");
INSERT INTO examinations VALUES("897","2005","154","2028","14","0","43","0000-00-00 00:00:00","0000-00-00 00:00:00");
INSERT INTO examinations VALUES("898","2005","154","2035","14","0","40","0000-00-00 00:00:00","0000-00-00 00:00:00");
INSERT INTO examinations VALUES("899","2005","154","2036","14","0","44","0000-00-00 00:00:00","0000-00-00 00:00:00");
INSERT INTO examinations VALUES("900","2005","157","2028","4","0","36","0000-00-00 00:00:00","0000-00-00 00:00:00");
INSERT INTO examinations VALUES("901","2005","157","2035","4","0","30","0000-00-00 00:00:00","0000-00-00 00:00:00");
INSERT INTO examinations VALUES("902","2005","157","2036","4","0","22","0000-00-00 00:00:00","0000-00-00 00:00:00");
INSERT INTO examinations VALUES("903","2005","157","2028","14","0","55","0000-00-00 00:00:00","0000-00-00 00:00:00");
INSERT INTO examinations VALUES("904","2005","157","2035","14","0","45","0000-00-00 00:00:00","0000-00-00 00:00:00");
INSERT INTO examinations VALUES("905","2005","157","2036","14","0","34","0000-00-00 00:00:00","0000-00-00 00:00:00");
INSERT INTO examinations VALUES("906","2005","145","2036","4","0","40","0000-00-00 00:00:00","0000-00-00 00:00:00");
INSERT INTO examinations VALUES("907","2005","145","2035","4","0","36","0000-00-00 00:00:00","0000-00-00 00:00:00");
INSERT INTO examinations VALUES("908","2005","145","2028","4","0","36","0000-00-00 00:00:00","0000-00-00 00:00:00");
INSERT INTO examinations VALUES("909","2005","145","2028","14","0","58","0000-00-00 00:00:00","0000-00-00 00:00:00");
INSERT INTO examinations VALUES("910","2005","145","2035","14","0","58","0000-00-00 00:00:00","0000-00-00 00:00:00");
INSERT INTO examinations VALUES("911","2005","145","2036","14","0","48","0000-00-00 00:00:00","0000-00-00 00:00:00");
INSERT INTO examinations VALUES("912","2005","146","2028","4","0","32","0000-00-00 00:00:00","0000-00-00 00:00:00");
INSERT INTO examinations VALUES("913","2005","146","2035","4","0","28","0000-00-00 00:00:00","0000-00-00 00:00:00");
INSERT INTO examinations VALUES("914","2005","146","2036","4","0","28","0000-00-00 00:00:00","0000-00-00 00:00:00");
INSERT INTO examinations VALUES("915","2005","146","2028","14","0","48","0000-00-00 00:00:00","0000-00-00 00:00:00");
INSERT INTO examinations VALUES("916","2005","146","2035","14","0","51","0000-00-00 00:00:00","0000-00-00 00:00:00");
INSERT INTO examinations VALUES("917","2005","146","2036","14","0","54","0000-00-00 00:00:00","0000-00-00 00:00:00");
INSERT INTO examinations VALUES("918","2005","155","2028","4","0","36","0000-00-00 00:00:00","0000-00-00 00:00:00");
INSERT INTO examinations VALUES("919","2005","155","2035","4","0","30","0000-00-00 00:00:00","0000-00-00 00:00:00");
INSERT INTO examinations VALUES("920","2005","155","2036","4","0","40","0000-00-00 00:00:00","0000-00-00 00:00:00");
INSERT INTO examinations VALUES("921","2005","155","2028","14","0","55","0000-00-00 00:00:00","0000-00-00 00:00:00");
INSERT INTO examinations VALUES("922","2005","155","2035","14","0","45","0000-00-00 00:00:00","0000-00-00 00:00:00");
INSERT INTO examinations VALUES("923","2005","155","2036","14","0","54","0000-00-00 00:00:00","0000-00-00 00:00:00");
INSERT INTO examinations VALUES("924","2005","148","2028","4","0","38","0000-00-00 00:00:00","0000-00-00 00:00:00");
INSERT INTO examinations VALUES("925","2005","148","2035","4","0","26","0000-00-00 00:00:00","0000-00-00 00:00:00");
INSERT INTO examinations VALUES("926","2005","148","2036","4","0","32","0000-00-00 00:00:00","0000-00-00 00:00:00");
INSERT INTO examinations VALUES("927","2005","148","2028","14","0","49","0000-00-00 00:00:00","0000-00-00 00:00:00");
INSERT INTO examinations VALUES("928","2005","148","2035","14","0","44","0000-00-00 00:00:00","0000-00-00 00:00:00");
INSERT INTO examinations VALUES("929","2005","148","2036","14","0","51","0000-00-00 00:00:00","0000-00-00 00:00:00");
INSERT INTO examinations VALUES("930","2005","156","2028","4","0","40","0000-00-00 00:00:00","0000-00-00 00:00:00");
INSERT INTO examinations VALUES("931","2005","156","2035","4","0","16","0000-00-00 00:00:00","0000-00-00 00:00:00");
INSERT INTO examinations VALUES("932","2005","156","2036","4","0","40","0000-00-00 00:00:00","0000-00-00 00:00:00");
INSERT INTO examinations VALUES("933","2005","156","2028","14","0","41","0000-00-00 00:00:00","0000-00-00 00:00:00");
INSERT INTO examinations VALUES("934","2005","156","2035","14","0","33","0000-00-00 00:00:00","0000-00-00 00:00:00");
INSERT INTO examinations VALUES("935","2005","156","2036","14","0","43","0000-00-00 00:00:00","0000-00-00 00:00:00");
INSERT INTO examinations VALUES("936","2005","144","2028","4","0","40","0000-00-00 00:00:00","0000-00-00 00:00:00");
INSERT INTO examinations VALUES("937","2005","144","2035","4","0","35","0000-00-00 00:00:00","0000-00-00 00:00:00");
INSERT INTO examinations VALUES("938","2005","144","2036","4","0","25","0000-00-00 00:00:00","0000-00-00 00:00:00");
INSERT INTO examinations VALUES("939","2005","144","2028","14","0","60","0000-00-00 00:00:00","0000-00-00 00:00:00");
INSERT INTO examinations VALUES("940","2005","144","2035","14","0","59","0000-00-00 00:00:00","0000-00-00 00:00:00");
INSERT INTO examinations VALUES("941","2005","144","2036","14","0","45","0000-00-00 00:00:00","0000-00-00 00:00:00");
INSERT INTO examinations VALUES("942","2005","143","2028","4","0","40","0000-00-00 00:00:00","0000-00-00 00:00:00");
INSERT INTO examinations VALUES("943","2005","143","2035","4","0","40","0000-00-00 00:00:00","0000-00-00 00:00:00");
INSERT INTO examinations VALUES("944","2005","143","2036","4","0","40","0000-00-00 00:00:00","0000-00-00 00:00:00");
INSERT INTO examinations VALUES("945","2005","143","2028","14","0","52","0000-00-00 00:00:00","0000-00-00 00:00:00");
INSERT INTO examinations VALUES("946","2005","143","2035","14","0","55","0000-00-00 00:00:00","0000-00-00 00:00:00");
INSERT INTO examinations VALUES("947","2005","143","2036","14","0","58","0000-00-00 00:00:00","0000-00-00 00:00:00");
INSERT INTO examinations VALUES("948","2005","151","2028","4","0","28","0000-00-00 00:00:00","0000-00-00 00:00:00");
INSERT INTO examinations VALUES("949","2005","151","2035","4","0","32","0000-00-00 00:00:00","0000-00-00 00:00:00");
INSERT INTO examinations VALUES("950","2005","151","2036","4","0","40","0000-00-00 00:00:00","0000-00-00 00:00:00");
INSERT INTO examinations VALUES("951","2005","151","2028","14","0","51","0000-00-00 00:00:00","0000-00-00 00:00:00");
INSERT INTO examinations VALUES("952","2005","151","2035","14","0","47","0000-00-00 00:00:00","0000-00-00 00:00:00");
INSERT INTO examinations VALUES("953","2005","151","2036","14","0","52","0000-00-00 00:00:00","0000-00-00 00:00:00");
INSERT INTO examinations VALUES("954","2005","149","2028","4","0","28","0000-00-00 00:00:00","0000-00-00 00:00:00");
INSERT INTO examinations VALUES("955","2005","149","2035","4","0","20","0000-00-00 00:00:00","0000-00-00 00:00:00");
INSERT INTO examinations VALUES("956","2005","149","2036","4","0","30","0000-00-00 00:00:00","0000-00-00 00:00:00");
INSERT INTO examinations VALUES("957","2005","149","2028","14","0","35","0000-00-00 00:00:00","0000-00-00 00:00:00");
INSERT INTO examinations VALUES("958","2005","149","2035","14","0","35","0000-00-00 00:00:00","0000-00-00 00:00:00");
INSERT INTO examinations VALUES("959","2005","149","2036","14","0","35","0000-00-00 00:00:00","0000-00-00 00:00:00");
INSERT INTO examinations VALUES("960","2005","253","2028","4","0","24","0000-00-00 00:00:00","0000-00-00 00:00:00");
INSERT INTO examinations VALUES("961","2005","253","2035","4","0","31","0000-00-00 00:00:00","0000-00-00 00:00:00");
INSERT INTO examinations VALUES("962","2005","253","2036","4","0","25","0000-00-00 00:00:00","0000-00-00 00:00:00");
INSERT INTO examinations VALUES("963","2005","253","2028","14","0","50","0000-00-00 00:00:00","0000-00-00 00:00:00");
INSERT INTO examinations VALUES("964","2005","253","2035","14","0","35","0000-00-00 00:00:00","0000-00-00 00:00:00");
INSERT INTO examinations VALUES("965","2005","253","2036","14","0","37","0000-00-00 00:00:00","0000-00-00 00:00:00");
INSERT INTO examinations VALUES("966","2005","254","2028","4","0","25","0000-00-00 00:00:00","0000-00-00 00:00:00");
INSERT INTO examinations VALUES("967","2005","254","2035","4","0","20","0000-00-00 00:00:00","0000-00-00 00:00:00");
INSERT INTO examinations VALUES("968","2005","254","2036","4","0","20","0000-00-00 00:00:00","2016-03-25 20:20:28");
INSERT INTO examinations VALUES("969","2005","254","2028","14","0","48","0000-00-00 00:00:00","0000-00-00 00:00:00");
INSERT INTO examinations VALUES("970","2005","254","2035","14","0","30","0000-00-00 00:00:00","0000-00-00 00:00:00");
INSERT INTO examinations VALUES("971","2005","254","2036","14","0","42","0000-00-00 00:00:00","0000-00-00 00:00:00");
INSERT INTO examinations VALUES("972","2020","162","2026","13","0","55","0000-00-00 00:00:00","0000-00-00 00:00:00");
INSERT INTO examinations VALUES("973","2020","162","2033","13","0","52","0000-00-00 00:00:00","0000-00-00 00:00:00");
INSERT INTO examinations VALUES("974","2020","162","2050","13","0","58","0000-00-00 00:00:00","0000-00-00 00:00:00");
INSERT INTO examinations VALUES("975","2011","237","2025","7","0","40","0000-00-00 00:00:00","0000-00-00 00:00:00");
INSERT INTO examinations VALUES("976","2011","237","2039","7","0","23","0000-00-00 00:00:00","0000-00-00 00:00:00");
INSERT INTO examinations VALUES("977","2011","237","2052","7","0","20","0000-00-00 00:00:00","0000-00-00 00:00:00");
INSERT INTO examinations VALUES("978","2011","237","2053","7","0","20","0000-00-00 00:00:00","0000-00-00 00:00:00");
INSERT INTO examinations VALUES("979","2011","237","2054","7","0","29","0000-00-00 00:00:00","0000-00-00 00:00:00");
INSERT INTO examinations VALUES("980","2011","237","2025","17","0","52","0000-00-00 00:00:00","0000-00-00 00:00:00");
INSERT INTO examinations VALUES("981","2011","237","2039","17","0","48","0000-00-00 00:00:00","0000-00-00 00:00:00");
INSERT INTO examinations VALUES("982","2011","237","2052","17","0","22","0000-00-00 00:00:00","0000-00-00 00:00:00");
INSERT INTO examinations VALUES("983","2011","237","2053","17","0","29","0000-00-00 00:00:00","0000-00-00 00:00:00");
INSERT INTO examinations VALUES("984","2011","237","2054","17","0","41","0000-00-00 00:00:00","0000-00-00 00:00:00");
INSERT INTO examinations VALUES("985","2011","238","2025","7","0","38","0000-00-00 00:00:00","0000-00-00 00:00:00");
INSERT INTO examinations VALUES("986","2011","238","2039","7","0","25","0000-00-00 00:00:00","0000-00-00 00:00:00");
INSERT INTO examinations VALUES("987","2011","238","2052","7","0","20","0000-00-00 00:00:00","0000-00-00 00:00:00");
INSERT INTO examinations VALUES("988","2011","238","2053","7","0","16","0000-00-00 00:00:00","0000-00-00 00:00:00");
INSERT INTO examinations VALUES("989","2011","238","2054","7","0","33","0000-00-00 00:00:00","0000-00-00 00:00:00");
INSERT INTO examinations VALUES("990","2011","238","2025","17","0","54","0000-00-00 00:00:00","0000-00-00 00:00:00");
INSERT INTO examinations VALUES("991","2011","238","2039","17","0","41","0000-00-00 00:00:00","0000-00-00 00:00:00");
INSERT INTO examinations VALUES("992","2011","238","2052","17","0","38","0000-00-00 00:00:00","0000-00-00 00:00:00");
INSERT INTO examinations VALUES("993","2011","238","2053","17","0","33","0000-00-00 00:00:00","0000-00-00 00:00:00");
INSERT INTO examinations VALUES("994","2011","238","2054","17","0","41","0000-00-00 00:00:00","0000-00-00 00:00:00");
INSERT INTO examinations VALUES("995","2011","244","2025","7","0","31","0000-00-00 00:00:00","0000-00-00 00:00:00");
INSERT INTO examinations VALUES("996","2011","244","2039","7","0","30","0000-00-00 00:00:00","0000-00-00 00:00:00");
INSERT INTO examinations VALUES("997","2011","244","2052","7","0","20","0000-00-00 00:00:00","0000-00-00 00:00:00");
INSERT INTO examinations VALUES("998","2011","244","2053","7","0","24","0000-00-00 00:00:00","0000-00-00 00:00:00");
INSERT INTO examinations VALUES("999","2011","244","2054","7","0","32","0000-00-00 00:00:00","0000-00-00 00:00:00");
INSERT INTO examinations VALUES("1000","2011","244","2025","17","0","55","0000-00-00 00:00:00","0000-00-00 00:00:00");
INSERT INTO examinations VALUES("1001","2011","244","2039","17","0","39","0000-00-00 00:00:00","0000-00-00 00:00:00");
INSERT INTO examinations VALUES("1002","2011","244","2052","17","0","31","0000-00-00 00:00:00","0000-00-00 00:00:00");
INSERT INTO examinations VALUES("1003","2011","244","2053","17","0","25","0000-00-00 00:00:00","0000-00-00 00:00:00");
INSERT INTO examinations VALUES("1004","2011","244","2054","17","0","46","0000-00-00 00:00:00","0000-00-00 00:00:00");
INSERT INTO examinations VALUES("1005","2011","230","2025","7","0","28","0000-00-00 00:00:00","2016-03-31 14:06:02");
INSERT INTO examinations VALUES("1006","2011","230","2039","7","0","31","0000-00-00 00:00:00","2016-03-31 13:41:39");
INSERT INTO examinations VALUES("1007","2011","230","2052","7","0","20","0000-00-00 00:00:00","2016-03-31 13:49:13");
INSERT INTO examinations VALUES("1008","2011","230","2053","7","0","26","0000-00-00 00:00:00","0000-00-00 00:00:00");
INSERT INTO examinations VALUES("1009","2011","230","2054","7","0","30","0000-00-00 00:00:00","2016-03-31 14:01:39");
INSERT INTO examinations VALUES("1010","2011","230","2025","17","0","45","0000-00-00 00:00:00","0000-00-00 00:00:00");
INSERT INTO examinations VALUES("1011","2011","230","2039","17","0","54","0000-00-00 00:00:00","0000-00-00 00:00:00");
INSERT INTO examinations VALUES("1012","2011","230","2052","17","0","22","0000-00-00 00:00:00","0000-00-00 00:00:00");
INSERT INTO examinations VALUES("1013","2011","230","2053","17","0","43","0000-00-00 00:00:00","0000-00-00 00:00:00");
INSERT INTO examinations VALUES("1014","2011","230","2054","17","0","51","0000-00-00 00:00:00","0000-00-00 00:00:00");
INSERT INTO examinations VALUES("1015","2011","236","2025","7","0","30","0000-00-00 00:00:00","0000-00-00 00:00:00");
INSERT INTO examinations VALUES("1016","2011","236","2039","7","0","28","0000-00-00 00:00:00","0000-00-00 00:00:00");
INSERT INTO examinations VALUES("1017","2011","236","2052","7","0","30","0000-00-00 00:00:00","0000-00-00 00:00:00");
INSERT INTO examinations VALUES("1018","2011","236","2053","7","0","26","0000-00-00 00:00:00","0000-00-00 00:00:00");
INSERT INTO examinations VALUES("1019","2011","236","2054","7","0","28","0000-00-00 00:00:00","0000-00-00 00:00:00");
INSERT INTO examinations VALUES("1020","2011","236","2025","17","0","40","0000-00-00 00:00:00","0000-00-00 00:00:00");
INSERT INTO examinations VALUES("1021","2011","236","2039","17","0","40","0000-00-00 00:00:00","0000-00-00 00:00:00");
INSERT INTO examinations VALUES("1022","2011","236","2052","17","0","36","0000-00-00 00:00:00","0000-00-00 00:00:00");
INSERT INTO examinations VALUES("1023","2011","236","2053","17","0","40","0000-00-00 00:00:00","0000-00-00 00:00:00");
INSERT INTO examinations VALUES("1024","2011","236","2054","17","0","40","0000-00-00 00:00:00","0000-00-00 00:00:00");
INSERT INTO examinations VALUES("1025","2011","250","2025","7","0","36","0000-00-00 00:00:00","0000-00-00 00:00:00");
INSERT INTO examinations VALUES("1026","2011","250","2039","7","0","28","0000-00-00 00:00:00","0000-00-00 00:00:00");
INSERT INTO examinations VALUES("1027","2011","250","2052","7","0","20","0000-00-00 00:00:00","0000-00-00 00:00:00");
INSERT INTO examinations VALUES("1028","2011","250","2053","7","0","21","0000-00-00 00:00:00","0000-00-00 00:00:00");
INSERT INTO examinations VALUES("1029","2011","250","2054","7","0","28","0000-00-00 00:00:00","0000-00-00 00:00:00");
INSERT INTO examinations VALUES("1030","2011","250","2025","17","0","52","0000-00-00 00:00:00","0000-00-00 00:00:00");
INSERT INTO examinations VALUES("1031","2011","250","2039","17","0","44","0000-00-00 00:00:00","0000-00-00 00:00:00");
INSERT INTO examinations VALUES("1032","2011","250","2052","17","0","27","0000-00-00 00:00:00","0000-00-00 00:00:00");
INSERT INTO examinations VALUES("1033","2011","250","2053","17","0","32","0000-00-00 00:00:00","0000-00-00 00:00:00");
INSERT INTO examinations VALUES("1034","2011","250","2054","17","0","26","0000-00-00 00:00:00","0000-00-00 00:00:00");
INSERT INTO examinations VALUES("1035","2011","241","2025","17","0","50","0000-00-00 00:00:00","0000-00-00 00:00:00");
INSERT INTO examinations VALUES("1036","2005","5","2035","4","0","33","0000-00-00 00:00:00","0000-00-00 00:00:00");
INSERT INTO examinations VALUES("1037","2002","192","2049","5","0","40","0000-00-00 00:00:00","0000-00-00 00:00:00");
INSERT INTO examinations VALUES("1038","2002","192","2049","15","0","54","0000-00-00 00:00:00","0000-00-00 00:00:00");
INSERT INTO examinations VALUES("1039","2002","193","2049","5","0","30","0000-00-00 00:00:00","0000-00-00 00:00:00");
INSERT INTO examinations VALUES("1040","2002","193","2049","15","0","40","0000-00-00 00:00:00","0000-00-00 00:00:00");
INSERT INTO examinations VALUES("1041","2002","199","2049","5","0","24","0000-00-00 00:00:00","2016-03-31 23:29:51");
INSERT INTO examinations VALUES("1042","2002","199","2049","15","0","55","0000-00-00 00:00:00","2016-03-31 23:30:08");
INSERT INTO examinations VALUES("1043","2002","194","2049","5","0","33","0000-00-00 00:00:00","2016-03-31 23:16:28");
INSERT INTO examinations VALUES("1044","2002","194","2049","15","0","36","0000-00-00 00:00:00","2016-03-31 23:16:45");
INSERT INTO examinations VALUES("1045","2002","201","2049","5","0","40","0000-00-00 00:00:00","0000-00-00 00:00:00");
INSERT INTO examinations VALUES("1046","2002","201","2049","15","0","42","0000-00-00 00:00:00","0000-00-00 00:00:00");
INSERT INTO examinations VALUES("1047","2002","205","2049","5","0","36","0000-00-00 00:00:00","0000-00-00 00:00:00");
INSERT INTO examinations VALUES("1048","2002","205","2049","15","0","36","0000-00-00 00:00:00","0000-00-00 00:00:00");
INSERT INTO examinations VALUES("1049","2002","208","2049","5","0","36","0000-00-00 00:00:00","0000-00-00 00:00:00");
INSERT INTO examinations VALUES("1050","2002","208","2049","15","0","37","0000-00-00 00:00:00","0000-00-00 00:00:00");
INSERT INTO examinations VALUES("1051","2002","197","2049","5","0","36","0000-00-00 00:00:00","0000-00-00 00:00:00");
INSERT INTO examinations VALUES("1052","2002","197","2049","15","0","48","0000-00-00 00:00:00","0000-00-00 00:00:00");
INSERT INTO examinations VALUES("1053","2002","198","2049","5","0","20","0000-00-00 00:00:00","0000-00-00 00:00:00");
INSERT INTO examinations VALUES("1054","2002","198","2049","15","0","40","0000-00-00 00:00:00","0000-00-00 00:00:00");
INSERT INTO examinations VALUES("1055","2002","206","2049","5","0","38","0000-00-00 00:00:00","0000-00-00 00:00:00");
INSERT INTO examinations VALUES("1056","2002","206","2049","15","0","58","0000-00-00 00:00:00","0000-00-00 00:00:00");
INSERT INTO examinations VALUES("1057","2002","207","2049","5","0","40","0000-00-00 00:00:00","0000-00-00 00:00:00");
INSERT INTO examinations VALUES("1058","2002","207","2049","15","0","50","0000-00-00 00:00:00","0000-00-00 00:00:00");
INSERT INTO examinations VALUES("1059","2002","245","2049","5","0","40","0000-00-00 00:00:00","0000-00-00 00:00:00");
INSERT INTO examinations VALUES("1060","2002","245","2049","15","0","50","0000-00-00 00:00:00","0000-00-00 00:00:00");
INSERT INTO examinations VALUES("1061","2002","196","2049","5","0","27","0000-00-00 00:00:00","0000-00-00 00:00:00");
INSERT INTO examinations VALUES("1062","2002","196","2049","15","0","59","0000-00-00 00:00:00","0000-00-00 00:00:00");
INSERT INTO examinations VALUES("1063","2002","192","2034","5","0","32","0000-00-00 00:00:00","0000-00-00 00:00:00");
INSERT INTO examinations VALUES("1064","2002","192","2040","5","0","28","0000-00-00 00:00:00","0000-00-00 00:00:00");
INSERT INTO examinations VALUES("1065","2002","192","2034","15","0","53","0000-00-00 00:00:00","0000-00-00 00:00:00");
INSERT INTO examinations VALUES("1066","2002","192","2040","15","0","48","0000-00-00 00:00:00","0000-00-00 00:00:00");
INSERT INTO examinations VALUES("1067","2002","193","2034","5","0","32","0000-00-00 00:00:00","0000-00-00 00:00:00");
INSERT INTO examinations VALUES("1068","2002","193","2040","5","0","36","0000-00-00 00:00:00","0000-00-00 00:00:00");
INSERT INTO examinations VALUES("1069","2002","193","2034","15","0","50","0000-00-00 00:00:00","0000-00-00 00:00:00");
INSERT INTO examinations VALUES("1070","2002","193","2040","15","0","38","0000-00-00 00:00:00","0000-00-00 00:00:00");
INSERT INTO examinations VALUES("1071","2031","176","2045","10","0","20","0000-00-00 00:00:00","0000-00-00 00:00:00");
INSERT INTO examinations VALUES("1072","2031","176","2046","10","0","24","0000-00-00 00:00:00","0000-00-00 00:00:00");
INSERT INTO examinations VALUES("1073","2031","176","2056","10","0","14","0000-00-00 00:00:00","0000-00-00 00:00:00");
INSERT INTO examinations VALUES("1074","2031","176","2057","10","0","30","0000-00-00 00:00:00","0000-00-00 00:00:00");
INSERT INTO examinations VALUES("1075","2031","176","2045","20","0","20","0000-00-00 00:00:00","0000-00-00 00:00:00");
INSERT INTO examinations VALUES("1076","2031","176","2046","20","0","30","0000-00-00 00:00:00","0000-00-00 00:00:00");
INSERT INTO examinations VALUES("1077","2031","176","2056","20","0","28","0000-00-00 00:00:00","0000-00-00 00:00:00");
INSERT INTO examinations VALUES("1078","2031","176","2057","20","0","30","0000-00-00 00:00:00","0000-00-00 00:00:00");
INSERT INTO examinations VALUES("1079","2031","177","2045","10","0","30","0000-00-00 00:00:00","0000-00-00 00:00:00");
INSERT INTO examinations VALUES("1080","2031","177","2046","10","0","30","0000-00-00 00:00:00","0000-00-00 00:00:00");
INSERT INTO examinations VALUES("1081","2031","177","2056","10","0","22","0000-00-00 00:00:00","0000-00-00 00:00:00");
INSERT INTO examinations VALUES("1082","2031","177","2057","10","0","33","0000-00-00 00:00:00","0000-00-00 00:00:00");
INSERT INTO examinations VALUES("1083","2031","177","2045","20","0","50","0000-00-00 00:00:00","0000-00-00 00:00:00");
INSERT INTO examinations VALUES("1084","2031","177","2046","20","0","40","0000-00-00 00:00:00","0000-00-00 00:00:00");
INSERT INTO examinations VALUES("1085","2031","177","2056","20","0","30","0000-00-00 00:00:00","0000-00-00 00:00:00");
INSERT INTO examinations VALUES("1086","2031","177","2057","20","0","40","0000-00-00 00:00:00","0000-00-00 00:00:00");
INSERT INTO examinations VALUES("1087","2031","182","2045","10","0","36","0000-00-00 00:00:00","0000-00-00 00:00:00");
INSERT INTO examinations VALUES("1088","2031","182","2046","10","0","27","0000-00-00 00:00:00","0000-00-00 00:00:00");
INSERT INTO examinations VALUES("1089","2031","182","2056","10","0","24","0000-00-00 00:00:00","0000-00-00 00:00:00");
INSERT INTO examinations VALUES("1090","2031","182","2057","10","0","20","0000-00-00 00:00:00","2016-03-26 19:32:23");
INSERT INTO examinations VALUES("1091","2031","182","2045","20","0","37","0000-00-00 00:00:00","0000-00-00 00:00:00");
INSERT INTO examinations VALUES("1092","2031","182","2046","20","0","35","0000-00-00 00:00:00","0000-00-00 00:00:00");
INSERT INTO examinations VALUES("1093","2031","182","2056","20","0","37","0000-00-00 00:00:00","0000-00-00 00:00:00");
INSERT INTO examinations VALUES("1094","2031","182","2057","20","0","35","0000-00-00 00:00:00","2016-03-26 19:33:11");
INSERT INTO examinations VALUES("1095","2031","190","2045","10","0","25","0000-00-00 00:00:00","2016-03-26 20:02:22");
INSERT INTO examinations VALUES("1096","2031","190","2046","10","0","23","0000-00-00 00:00:00","0000-00-00 00:00:00");
INSERT INTO examinations VALUES("1097","2031","190","2056","10","0","19","0000-00-00 00:00:00","0000-00-00 00:00:00");
INSERT INTO examinations VALUES("1098","2031","190","2046","20","0","36","0000-00-00 00:00:00","0000-00-00 00:00:00");
INSERT INTO examinations VALUES("1099","2031","190","2056","20","0","30","0000-00-00 00:00:00","0000-00-00 00:00:00");
INSERT INTO examinations VALUES("1100","2031","185","2045","20","0","46","0000-00-00 00:00:00","2016-03-26 19:35:29");
INSERT INTO examinations VALUES("1101","2031","185","2045","10","0","40","0000-00-00 00:00:00","2016-03-26 19:34:48");
INSERT INTO examinations VALUES("1102","2031","185","2046","10","0","33","0000-00-00 00:00:00","0000-00-00 00:00:00");
INSERT INTO examinations VALUES("1103","2031","185","2056","10","0","36","0000-00-00 00:00:00","0000-00-00 00:00:00");
INSERT INTO examinations VALUES("1104","2031","185","2046","20","0","40","0000-00-00 00:00:00","0000-00-00 00:00:00");
INSERT INTO examinations VALUES("1105","2031","185","2056","20","0","32","0000-00-00 00:00:00","0000-00-00 00:00:00");
INSERT INTO examinations VALUES("1106","2031","183","2045","10","0","37","0000-00-00 00:00:00","0000-00-00 00:00:00");
INSERT INTO examinations VALUES("1107","2031","183","2046","10","0","32","0000-00-00 00:00:00","0000-00-00 00:00:00");
INSERT INTO examinations VALUES("1108","2031","183","2056","10","0","37","0000-00-00 00:00:00","0000-00-00 00:00:00");
INSERT INTO examinations VALUES("1109","2031","183","2057","10","0","30","0000-00-00 00:00:00","0000-00-00 00:00:00");
INSERT INTO examinations VALUES("1110","2031","183","2045","20","0","31","0000-00-00 00:00:00","0000-00-00 00:00:00");
INSERT INTO examinations VALUES("1111","2031","183","2046","20","0","33","0000-00-00 00:00:00","0000-00-00 00:00:00");
INSERT INTO examinations VALUES("1112","2031","183","2056","20","0","32","0000-00-00 00:00:00","0000-00-00 00:00:00");
INSERT INTO examinations VALUES("1113","2031","183","2057","20","0","48","0000-00-00 00:00:00","0000-00-00 00:00:00");
INSERT INTO examinations VALUES("1114","2031","189","2045","10","0","38","0000-00-00 00:00:00","0000-00-00 00:00:00");
INSERT INTO examinations VALUES("1115","2031","189","2046","10","0","24","0000-00-00 00:00:00","0000-00-00 00:00:00");
INSERT INTO examinations VALUES("1116","2031","189","2056","10","0","25","0000-00-00 00:00:00","0000-00-00 00:00:00");
INSERT INTO examinations VALUES("1117","2031","189","2057","10","0","33","0000-00-00 00:00:00","0000-00-00 00:00:00");
INSERT INTO examinations VALUES("1118","2031","189","2045","20","0","40","0000-00-00 00:00:00","0000-00-00 00:00:00");
INSERT INTO examinations VALUES("1119","2031","189","2046","20","0","30","0000-00-00 00:00:00","0000-00-00 00:00:00");
INSERT INTO examinations VALUES("1120","2031","189","2056","20","0","34","0000-00-00 00:00:00","0000-00-00 00:00:00");
INSERT INTO examinations VALUES("1121","2031","189","2057","20","0","40","0000-00-00 00:00:00","0000-00-00 00:00:00");
INSERT INTO examinations VALUES("1122","2031","186","2045","10","0","40","0000-00-00 00:00:00","0000-00-00 00:00:00");
INSERT INTO examinations VALUES("1123","2031","186","2046","10","0","36","0000-00-00 00:00:00","0000-00-00 00:00:00");
INSERT INTO examinations VALUES("1124","2031","186","2056","10","0","29","0000-00-00 00:00:00","0000-00-00 00:00:00");
INSERT INTO examinations VALUES("1125","2031","186","2057","10","0","20","0000-00-00 00:00:00","0000-00-00 00:00:00");
INSERT INTO examinations VALUES("1126","2031","186","2045","20","0","37","0000-00-00 00:00:00","0000-00-00 00:00:00");
INSERT INTO examinations VALUES("1127","2031","186","2046","20","0","31","0000-00-00 00:00:00","0000-00-00 00:00:00");
INSERT INTO examinations VALUES("1128","2031","186","2056","20","0","43","0000-00-00 00:00:00","0000-00-00 00:00:00");
INSERT INTO examinations VALUES("1129","2031","186","2057","20","0","37","0000-00-00 00:00:00","0000-00-00 00:00:00");
INSERT INTO examinations VALUES("1130","2031","184","2046","10","0","26","0000-00-00 00:00:00","0000-00-00 00:00:00");
INSERT INTO examinations VALUES("1131","2031","184","2056","10","0","11","0000-00-00 00:00:00","0000-00-00 00:00:00");
INSERT INTO examinations VALUES("1132","2031","184","2046","20","0","35","0000-00-00 00:00:00","0000-00-00 00:00:00");
INSERT INTO examinations VALUES("1133","2031","184","2056","20","0","39","0000-00-00 00:00:00","0000-00-00 00:00:00");
INSERT INTO examinations VALUES("1134","2031","187","2045","10","0","30","0000-00-00 00:00:00","0000-00-00 00:00:00");
INSERT INTO examinations VALUES("1135","2031","187","2046","10","0","34","0000-00-00 00:00:00","0000-00-00 00:00:00");
INSERT INTO examinations VALUES("1136","2031","187","2056","10","0","21","0000-00-00 00:00:00","0000-00-00 00:00:00");
INSERT INTO examinations VALUES("1137","2031","187","2057","10","0","30","0000-00-00 00:00:00","0000-00-00 00:00:00");
INSERT INTO examinations VALUES("1138","2031","187","2045","20","0","43","0000-00-00 00:00:00","0000-00-00 00:00:00");
INSERT INTO examinations VALUES("1139","2031","187","2046","20","0","37","0000-00-00 00:00:00","0000-00-00 00:00:00");
INSERT INTO examinations VALUES("1140","2031","187","2056","20","0","43","0000-00-00 00:00:00","0000-00-00 00:00:00");
INSERT INTO examinations VALUES("1141","2031","187","2057","20","0","43","0000-00-00 00:00:00","0000-00-00 00:00:00");
INSERT INTO examinations VALUES("1142","2031","179","2045","10","0","38","0000-00-00 00:00:00","0000-00-00 00:00:00");
INSERT INTO examinations VALUES("1143","2031","179","2046","10","0","34","0000-00-00 00:00:00","0000-00-00 00:00:00");
INSERT INTO examinations VALUES("1144","2031","179","2056","10","0","34","0000-00-00 00:00:00","0000-00-00 00:00:00");
INSERT INTO examinations VALUES("1145","2031","179","2045","20","0","46","0000-00-00 00:00:00","0000-00-00 00:00:00");
INSERT INTO examinations VALUES("1146","2031","179","2046","20","0","41","0000-00-00 00:00:00","2016-03-26 20:06:43");
INSERT INTO examinations VALUES("1147","2031","179","2056","20","0","40","0000-00-00 00:00:00","0000-00-00 00:00:00");
INSERT INTO examinations VALUES("1148","2031","191","2045","10","0","20","0000-00-00 00:00:00","0000-00-00 00:00:00");
INSERT INTO examinations VALUES("1149","2031","191","2046","10","0","17","0000-00-00 00:00:00","0000-00-00 00:00:00");
INSERT INTO examinations VALUES("1150","2031","191","2056","10","0","20","0000-00-00 00:00:00","0000-00-00 00:00:00");
INSERT INTO examinations VALUES("1151","2031","191","2057","10","0","20","0000-00-00 00:00:00","0000-00-00 00:00:00");
INSERT INTO examinations VALUES("1152","2031","191","2045","20","0","32","0000-00-00 00:00:00","0000-00-00 00:00:00");
INSERT INTO examinations VALUES("1153","2031","191","2046","20","0","31","0000-00-00 00:00:00","0000-00-00 00:00:00");
INSERT INTO examinations VALUES("1154","2031","191","2056","20","0","36","0000-00-00 00:00:00","0000-00-00 00:00:00");
INSERT INTO examinations VALUES("1155","2031","191","2057","20","0","25","0000-00-00 00:00:00","0000-00-00 00:00:00");
INSERT INTO examinations VALUES("1156","2031","180","2045","10","0","25","0000-00-00 00:00:00","0000-00-00 00:00:00");
INSERT INTO examinations VALUES("1157","2031","180","2046","10","0","29","0000-00-00 00:00:00","0000-00-00 00:00:00");
INSERT INTO examinations VALUES("1158","2031","180","2056","10","0","20","0000-00-00 00:00:00","0000-00-00 00:00:00");
INSERT INTO examinations VALUES("1159","2031","180","2057","10","0","40","0000-00-00 00:00:00","0000-00-00 00:00:00");
INSERT INTO examinations VALUES("1160","2031","180","2045","20","0","50","0000-00-00 00:00:00","0000-00-00 00:00:00");
INSERT INTO examinations VALUES("1161","2031","180","2046","20","0","45","0000-00-00 00:00:00","0000-00-00 00:00:00");
INSERT INTO examinations VALUES("1162","2031","180","2056","20","0","33","0000-00-00 00:00:00","0000-00-00 00:00:00");
INSERT INTO examinations VALUES("1163","2031","180","2057","20","0","47","0000-00-00 00:00:00","0000-00-00 00:00:00");
INSERT INTO examinations VALUES("1164","2031","181","2045","10","0","38","0000-00-00 00:00:00","0000-00-00 00:00:00");
INSERT INTO examinations VALUES("1165","2031","181","2046","10","0","37","0000-00-00 00:00:00","0000-00-00 00:00:00");
INSERT INTO examinations VALUES("1166","2031","181","2056","10","0","36","0000-00-00 00:00:00","0000-00-00 00:00:00");
INSERT INTO examinations VALUES("1167","2031","181","2057","10","0","20","0000-00-00 00:00:00","0000-00-00 00:00:00");
INSERT INTO examinations VALUES("1168","2031","181","2045","20","0","42","0000-00-00 00:00:00","0000-00-00 00:00:00");
INSERT INTO examinations VALUES("1169","2031","181","2046","20","0","40","0000-00-00 00:00:00","0000-00-00 00:00:00");
INSERT INTO examinations VALUES("1170","2031","181","2056","20","0","32","0000-00-00 00:00:00","0000-00-00 00:00:00");
INSERT INTO examinations VALUES("1171","2031","181","2057","20","0","43","0000-00-00 00:00:00","0000-00-00 00:00:00");
INSERT INTO examinations VALUES("1172","2031","178","2045","10","0","33","0000-00-00 00:00:00","0000-00-00 00:00:00");
INSERT INTO examinations VALUES("1173","2031","178","2046","10","0","29","0000-00-00 00:00:00","0000-00-00 00:00:00");
INSERT INTO examinations VALUES("1174","2031","178","2056","10","0","29","0000-00-00 00:00:00","0000-00-00 00:00:00");
INSERT INTO examinations VALUES("1175","2031","178","2057","10","0","20","0000-00-00 00:00:00","0000-00-00 00:00:00");
INSERT INTO examinations VALUES("1176","2031","178","2045","20","0","37","0000-00-00 00:00:00","0000-00-00 00:00:00");
INSERT INTO examinations VALUES("1177","2031","178","2046","20","0","30","0000-00-00 00:00:00","0000-00-00 00:00:00");
INSERT INTO examinations VALUES("1178","2031","178","2056","20","0","28","0000-00-00 00:00:00","0000-00-00 00:00:00");
INSERT INTO examinations VALUES("1179","2031","178","2057","20","0","33","0000-00-00 00:00:00","0000-00-00 00:00:00");
INSERT INTO examinations VALUES("1180","2031","188","2045","10","0","37","0000-00-00 00:00:00","0000-00-00 00:00:00");
INSERT INTO examinations VALUES("1181","2031","188","2046","10","0","33","0000-00-00 00:00:00","0000-00-00 00:00:00");
INSERT INTO examinations VALUES("1182","2031","188","2056","10","0","22","0000-00-00 00:00:00","0000-00-00 00:00:00");
INSERT INTO examinations VALUES("1183","2031","188","2057","10","0","20","0000-00-00 00:00:00","0000-00-00 00:00:00");
INSERT INTO examinations VALUES("1184","2031","188","2045","20","0","36","0000-00-00 00:00:00","0000-00-00 00:00:00");
INSERT INTO examinations VALUES("1185","2031","188","2046","20","0","37","0000-00-00 00:00:00","0000-00-00 00:00:00");
INSERT INTO examinations VALUES("1186","2031","188","2056","20","0","28","0000-00-00 00:00:00","0000-00-00 00:00:00");
INSERT INTO examinations VALUES("1187","2031","188","2057","20","0","22","0000-00-00 00:00:00","0000-00-00 00:00:00");
INSERT INTO examinations VALUES("1188","2031","255","2045","10","0","25","0000-00-00 00:00:00","0000-00-00 00:00:00");
INSERT INTO examinations VALUES("1189","2031","255","2046","10","0","27","0000-00-00 00:00:00","0000-00-00 00:00:00");
INSERT INTO examinations VALUES("1190","2031","255","2056","10","0","9","0000-00-00 00:00:00","0000-00-00 00:00:00");
INSERT INTO examinations VALUES("1191","2031","255","2057","10","0","10","0000-00-00 00:00:00","0000-00-00 00:00:00");
INSERT INTO examinations VALUES("1192","2031","255","2045","20","0","31","0000-00-00 00:00:00","0000-00-00 00:00:00");
INSERT INTO examinations VALUES("1193","2031","255","2046","20","0","40","0000-00-00 00:00:00","0000-00-00 00:00:00");
INSERT INTO examinations VALUES("1194","2031","255","2056","20","0","24","0000-00-00 00:00:00","0000-00-00 00:00:00");
INSERT INTO examinations VALUES("1195","2031","255","2057","20","0","17","0000-00-00 00:00:00","0000-00-00 00:00:00");
INSERT INTO examinations VALUES("1196","2031","190","2045","20","0","42","0000-00-00 00:00:00","0000-00-00 00:00:00");
INSERT INTO examinations VALUES("1197","2031","190","2057","10","0","20","0000-00-00 00:00:00","0000-00-00 00:00:00");
INSERT INTO examinations VALUES("1198","2031","190","2057","20","0","35","0000-00-00 00:00:00","0000-00-00 00:00:00");
INSERT INTO examinations VALUES("1199","2023","168","2027","1","0","36","0000-00-00 00:00:00","0000-00-00 00:00:00");
INSERT INTO examinations VALUES("1200","2023","168","2029","1","0","38","0000-00-00 00:00:00","0000-00-00 00:00:00");
INSERT INTO examinations VALUES("1201","2023","168","2030","1","0","34","0000-00-00 00:00:00","0000-00-00 00:00:00");
INSERT INTO examinations VALUES("1202","2023","168","2031","1","0","30","0000-00-00 00:00:00","0000-00-00 00:00:00");
INSERT INTO examinations VALUES("1203","2023","168","2032","1","0","28","0000-00-00 00:00:00","0000-00-00 00:00:00");
INSERT INTO examinations VALUES("1204","2023","168","2051","1","0","20","0000-00-00 00:00:00","0000-00-00 00:00:00");
INSERT INTO examinations VALUES("1205","2023","168","2058","1","0","24","0000-00-00 00:00:00","0000-00-00 00:00:00");
INSERT INTO examinations VALUES("1206","2023","168","2059","1","0","20","0000-00-00 00:00:00","0000-00-00 00:00:00");
INSERT INTO examinations VALUES("1207","2023","168","2060","1","0","16","0000-00-00 00:00:00","0000-00-00 00:00:00");
INSERT INTO examinations VALUES("1208","2023","168","2061","1","0","18","0000-00-00 00:00:00","0000-00-00 00:00:00");
INSERT INTO examinations VALUES("1209","2023","168","2027","11","0","59","0000-00-00 00:00:00","0000-00-00 00:00:00");
INSERT INTO examinations VALUES("1210","2023","168","2029","11","0","59","0000-00-00 00:00:00","0000-00-00 00:00:00");
INSERT INTO examinations VALUES("1211","2023","168","2030","11","0","57","0000-00-00 00:00:00","0000-00-00 00:00:00");
INSERT INTO examinations VALUES("1212","2023","168","2031","11","0","42","0000-00-00 00:00:00","0000-00-00 00:00:00");
INSERT INTO examinations VALUES("1213","2023","168","2032","11","0","38","0000-00-00 00:00:00","0000-00-00 00:00:00");
INSERT INTO examinations VALUES("1214","2023","168","2051","11","0","20","0000-00-00 00:00:00","0000-00-00 00:00:00");
INSERT INTO examinations VALUES("1215","2023","168","2058","11","0","32","0000-00-00 00:00:00","0000-00-00 00:00:00");
INSERT INTO examinations VALUES("1216","2023","168","2059","11","0","36","0000-00-00 00:00:00","0000-00-00 00:00:00");
INSERT INTO examinations VALUES("1217","2023","168","2060","11","0","24","0000-00-00 00:00:00","0000-00-00 00:00:00");
INSERT INTO examinations VALUES("1218","2023","168","2061","11","0","20","0000-00-00 00:00:00","0000-00-00 00:00:00");
INSERT INTO examinations VALUES("1219","2023","170","2027","1","0","36","0000-00-00 00:00:00","0000-00-00 00:00:00");
INSERT INTO examinations VALUES("1220","2023","170","2029","1","0","38","0000-00-00 00:00:00","0000-00-00 00:00:00");
INSERT INTO examinations VALUES("1221","2023","170","2030","1","0","35","0000-00-00 00:00:00","0000-00-00 00:00:00");
INSERT INTO examinations VALUES("1222","2023","170","2031","1","0","32","0000-00-00 00:00:00","0000-00-00 00:00:00");
INSERT INTO examinations VALUES("1223","2023","170","2032","1","0","28","0000-00-00 00:00:00","0000-00-00 00:00:00");
INSERT INTO examinations VALUES("1224","2023","170","2051","1","0","18","0000-00-00 00:00:00","0000-00-00 00:00:00");
INSERT INTO examinations VALUES("1225","2023","170","2058","1","0","28","0000-00-00 00:00:00","0000-00-00 00:00:00");
INSERT INTO examinations VALUES("1226","2023","170","2059","1","0","22","0000-00-00 00:00:00","0000-00-00 00:00:00");
INSERT INTO examinations VALUES("1227","2023","170","2060","1","0","18","0000-00-00 00:00:00","0000-00-00 00:00:00");
INSERT INTO examinations VALUES("1228","2023","170","2061","1","0","16","0000-00-00 00:00:00","0000-00-00 00:00:00");
INSERT INTO examinations VALUES("1229","2023","170","2027","11","0","58","0000-00-00 00:00:00","0000-00-00 00:00:00");
INSERT INTO examinations VALUES("1230","2023","170","2029","11","0","59","0000-00-00 00:00:00","0000-00-00 00:00:00");
INSERT INTO examinations VALUES("1231","2023","170","2030","11","0","57","0000-00-00 00:00:00","0000-00-00 00:00:00");
INSERT INTO examinations VALUES("1232","2023","170","2031","11","0","50","0000-00-00 00:00:00","0000-00-00 00:00:00");
INSERT INTO examinations VALUES("1233","2023","170","2032","11","0","40","0000-00-00 00:00:00","0000-00-00 00:00:00");
INSERT INTO examinations VALUES("1234","2023","170","2051","11","0","26","0000-00-00 00:00:00","0000-00-00 00:00:00");
INSERT INTO examinations VALUES("1235","2023","170","2058","11","0","36","0000-00-00 00:00:00","0000-00-00 00:00:00");
INSERT INTO examinations VALUES("1236","2023","170","2059","11","0","26","0000-00-00 00:00:00","0000-00-00 00:00:00");
INSERT INTO examinations VALUES("1237","2023","170","2060","11","0","30","0000-00-00 00:00:00","0000-00-00 00:00:00");
INSERT INTO examinations VALUES("1238","2023","170","2061","11","0","20","0000-00-00 00:00:00","0000-00-00 00:00:00");
INSERT INTO examinations VALUES("1239","2023","171","2061","11","0","21","0000-00-00 00:00:00","0000-00-00 00:00:00");
INSERT INTO examinations VALUES("1240","2023","171","2060","11","0","38","0000-00-00 00:00:00","0000-00-00 00:00:00");
INSERT INTO examinations VALUES("1241","2023","171","2059","11","0","54","0000-00-00 00:00:00","0000-00-00 00:00:00");
INSERT INTO examinations VALUES("1242","2023","171","2058","11","0","51","0000-00-00 00:00:00","0000-00-00 00:00:00");
INSERT INTO examinations VALUES("1243","2023","171","2051","11","0","21","0000-00-00 00:00:00","0000-00-00 00:00:00");
INSERT INTO examinations VALUES("1244","2023","171","2032","11","0","54","0000-00-00 00:00:00","0000-00-00 00:00:00");
INSERT INTO examinations VALUES("1245","2023","171","2031","11","0","54","0000-00-00 00:00:00","0000-00-00 00:00:00");
INSERT INTO examinations VALUES("1246","2023","171","2030","11","0","54","0000-00-00 00:00:00","0000-00-00 00:00:00");
INSERT INTO examinations VALUES("1247","2023","171","2029","11","0","60","0000-00-00 00:00:00","0000-00-00 00:00:00");
INSERT INTO examinations VALUES("1248","2023","171","2027","11","0","60","0000-00-00 00:00:00","0000-00-00 00:00:00");
INSERT INTO examinations VALUES("1249","2023","171","2061","1","0","18","0000-00-00 00:00:00","0000-00-00 00:00:00");
INSERT INTO examinations VALUES("1250","2023","171","2060","1","0","20","0000-00-00 00:00:00","0000-00-00 00:00:00");
INSERT INTO examinations VALUES("1251","2023","171","2059","1","0","28","0000-00-00 00:00:00","0000-00-00 00:00:00");
INSERT INTO examinations VALUES("1252","2023","171","2058","1","0","32","0000-00-00 00:00:00","0000-00-00 00:00:00");
INSERT INTO examinations VALUES("1253","2023","171","2051","1","0","24","0000-00-00 00:00:00","0000-00-00 00:00:00");
INSERT INTO examinations VALUES("1254","2023","171","2032","1","0","36","0000-00-00 00:00:00","0000-00-00 00:00:00");
INSERT INTO examinations VALUES("1255","2023","171","2031","1","0","30","0000-00-00 00:00:00","0000-00-00 00:00:00");
INSERT INTO examinations VALUES("1256","2023","171","2030","1","0","36","0000-00-00 00:00:00","0000-00-00 00:00:00");
INSERT INTO examinations VALUES("1257","2023","171","2029","1","0","40","0000-00-00 00:00:00","0000-00-00 00:00:00");
INSERT INTO examinations VALUES("1258","2023","171","2027","1","0","40","0000-00-00 00:00:00","0000-00-00 00:00:00");
INSERT INTO examinations VALUES("1259","2023","169","2027","1","0","40","0000-00-00 00:00:00","0000-00-00 00:00:00");
INSERT INTO examinations VALUES("1260","2023","169","2029","1","0","40","0000-00-00 00:00:00","0000-00-00 00:00:00");
INSERT INTO examinations VALUES("1261","2023","169","2030","1","0","36","0000-00-00 00:00:00","0000-00-00 00:00:00");
INSERT INTO examinations VALUES("1262","2023","169","2031","1","0","40","0000-00-00 00:00:00","0000-00-00 00:00:00");
INSERT INTO examinations VALUES("1263","2023","169","2032","1","0","36","0000-00-00 00:00:00","0000-00-00 00:00:00");
INSERT INTO examinations VALUES("1264","2023","169","2051","1","0","20","0000-00-00 00:00:00","0000-00-00 00:00:00");
INSERT INTO examinations VALUES("1265","2023","169","2058","1","0","32","0000-00-00 00:00:00","0000-00-00 00:00:00");
INSERT INTO examinations VALUES("1266","2023","169","2059","1","0","20","0000-00-00 00:00:00","0000-00-00 00:00:00");
INSERT INTO examinations VALUES("1267","2023","169","2060","1","0","18","0000-00-00 00:00:00","0000-00-00 00:00:00");
INSERT INTO examinations VALUES("1268","2023","169","2061","1","0","18","0000-00-00 00:00:00","0000-00-00 00:00:00");
INSERT INTO examinations VALUES("1269","2023","169","2027","11","0","60","0000-00-00 00:00:00","0000-00-00 00:00:00");
INSERT INTO examinations VALUES("1270","2023","169","2029","11","0","60","0000-00-00 00:00:00","0000-00-00 00:00:00");
INSERT INTO examinations VALUES("1271","2023","169","2030","11","0","54","0000-00-00 00:00:00","0000-00-00 00:00:00");
INSERT INTO examinations VALUES("1272","2023","169","2031","11","0","48","0000-00-00 00:00:00","0000-00-00 00:00:00");
INSERT INTO examinations VALUES("1273","2023","169","2032","11","0","42","0000-00-00 00:00:00","0000-00-00 00:00:00");
INSERT INTO examinations VALUES("1274","2023","169","2051","11","0","24","0000-00-00 00:00:00","0000-00-00 00:00:00");
INSERT INTO examinations VALUES("1275","2023","169","2058","11","0","42","0000-00-00 00:00:00","0000-00-00 00:00:00");
INSERT INTO examinations VALUES("1276","2023","169","2059","11","0","60","0000-00-00 00:00:00","0000-00-00 00:00:00");
INSERT INTO examinations VALUES("1277","2023","169","2060","11","0","24","0000-00-00 00:00:00","0000-00-00 00:00:00");
INSERT INTO examinations VALUES("1278","2023","169","2061","11","0","22","0000-00-00 00:00:00","0000-00-00 00:00:00");
INSERT INTO examinations VALUES("1279","2031","185","2057","10","0","30","0000-00-00 00:00:00","0000-00-00 00:00:00");
INSERT INTO examinations VALUES("1280","2031","185","2057","20","0","50","0000-00-00 00:00:00","0000-00-00 00:00:00");
INSERT INTO examinations VALUES("1281","2031","179","2057","10","0","26","0000-00-00 00:00:00","0000-00-00 00:00:00");
INSERT INTO examinations VALUES("1282","2031","179","2057","20","0","50","0000-00-00 00:00:00","0000-00-00 00:00:00");
INSERT INTO examinations VALUES("1283","2011","240","2039","7","0","27","0000-00-00 00:00:00","0000-00-00 00:00:00");
INSERT INTO examinations VALUES("1284","2011","240","2039","17","0","40","0000-00-00 00:00:00","0000-00-00 00:00:00");
INSERT INTO examinations VALUES("1285","2011","240","2053","7","0","15","0000-00-00 00:00:00","0000-00-00 00:00:00");
INSERT INTO examinations VALUES("1286","2011","240","2053","17","0","32","0000-00-00 00:00:00","0000-00-00 00:00:00");
INSERT INTO examinations VALUES("1287","2011","240","2052","7","0","37","0000-00-00 00:00:00","2016-03-31 13:56:28");
INSERT INTO examinations VALUES("1288","2011","240","2052","17","0","35","0000-00-00 00:00:00","0000-00-00 00:00:00");
INSERT INTO examinations VALUES("1289","2011","239","2052","17","0","35","0000-00-00 00:00:00","0000-00-00 00:00:00");
INSERT INTO examinations VALUES("1290","2011","239","2052","7","0","30","0000-00-00 00:00:00","0000-00-00 00:00:00");
INSERT INTO examinations VALUES("1291","2011","240","2054","7","0","26","0000-00-00 00:00:00","0000-00-00 00:00:00");
INSERT INTO examinations VALUES("1292","2011","240","2054","17","0","39","0000-00-00 00:00:00","0000-00-00 00:00:00");
INSERT INTO examinations VALUES("1293","2011","240","2025","7","0","35","0000-00-00 00:00:00","0000-00-00 00:00:00");
INSERT INTO examinations VALUES("1294","2011","240","2025","17","0","45","0000-00-00 00:00:00","0000-00-00 00:00:00");
INSERT INTO examinations VALUES("1295","2008","222","2037","16","0","55","0000-00-00 00:00:00","0000-00-00 00:00:00");
INSERT INTO examinations VALUES("1296","2008","222","2041","16","0","55","0000-00-00 00:00:00","0000-00-00 00:00:00");
INSERT INTO examinations VALUES("1297","2008","222","2055","16","0","44","0000-00-00 00:00:00","0000-00-00 00:00:00");
INSERT INTO examinations VALUES("1298","2005","153","2028","14","0","56","0000-00-00 00:00:00","0000-00-00 00:00:00");
INSERT INTO examinations VALUES("1299","2005","153","2035","14","0","44","0000-00-00 00:00:00","0000-00-00 00:00:00");
INSERT INTO examinations VALUES("1300","2005","153","2036","14","0","52","0000-00-00 00:00:00","0000-00-00 00:00:00");
INSERT INTO examinations VALUES("1301","2023","175","2027","1","0","36","0000-00-00 00:00:00","0000-00-00 00:00:00");
INSERT INTO examinations VALUES("1302","2023","175","2027","11","0","60","0000-00-00 00:00:00","0000-00-00 00:00:00");
INSERT INTO examinations VALUES("1303","2023","175","2029","1","0","40","0000-00-00 00:00:00","0000-00-00 00:00:00");
INSERT INTO examinations VALUES("1304","2023","175","2029","11","0","60","0000-00-00 00:00:00","0000-00-00 00:00:00");
INSERT INTO examinations VALUES("1305","2023","175","2030","1","0","40","0000-00-00 00:00:00","0000-00-00 00:00:00");
INSERT INTO examinations VALUES("1306","2023","175","2030","11","0","60","0000-00-00 00:00:00","0000-00-00 00:00:00");
INSERT INTO examinations VALUES("1307","2023","175","2031","1","0","30","0000-00-00 00:00:00","0000-00-00 00:00:00");
INSERT INTO examinations VALUES("1308","2023","175","2031","11","0","57","0000-00-00 00:00:00","0000-00-00 00:00:00");
INSERT INTO examinations VALUES("1309","2023","175","2032","1","0","36","0000-00-00 00:00:00","0000-00-00 00:00:00");
INSERT INTO examinations VALUES("1310","2023","175","2032","11","0","57","0000-00-00 00:00:00","0000-00-00 00:00:00");
INSERT INTO examinations VALUES("1311","2023","175","2051","1","0","18","0000-00-00 00:00:00","0000-00-00 00:00:00");
INSERT INTO examinations VALUES("1312","2023","175","2051","11","0","24","0000-00-00 00:00:00","0000-00-00 00:00:00");
INSERT INTO examinations VALUES("1313","2023","175","2058","1","0","38","0000-00-00 00:00:00","0000-00-00 00:00:00");
INSERT INTO examinations VALUES("1314","2023","175","2058","11","0","51","0000-00-00 00:00:00","0000-00-00 00:00:00");
INSERT INTO examinations VALUES("1315","2023","175","2059","1","0","28","0000-00-00 00:00:00","0000-00-00 00:00:00");
INSERT INTO examinations VALUES("1316","2023","175","2059","11","0","39","0000-00-00 00:00:00","0000-00-00 00:00:00");
INSERT INTO examinations VALUES("1317","2023","175","2060","1","0","19","0000-00-00 00:00:00","0000-00-00 00:00:00");
INSERT INTO examinations VALUES("1318","2023","175","2060","11","0","57","0000-00-00 00:00:00","0000-00-00 00:00:00");
INSERT INTO examinations VALUES("1319","2023","175","2061","1","0","18","0000-00-00 00:00:00","0000-00-00 00:00:00");
INSERT INTO examinations VALUES("1320","2023","175","2061","11","0","20","0000-00-00 00:00:00","0000-00-00 00:00:00");
INSERT INTO examinations VALUES("1321","2023","173","2027","1","0","34","0000-00-00 00:00:00","2016-03-31 19:25:39");
INSERT INTO examinations VALUES("1322","2023","173","2027","11","0","52","0000-00-00 00:00:00","0000-00-00 00:00:00");
INSERT INTO examinations VALUES("1323","2023","173","2029","1","0","35","0000-00-00 00:00:00","0000-00-00 00:00:00");
INSERT INTO examinations VALUES("1324","2023","173","2029","11","0","52","0000-00-00 00:00:00","0000-00-00 00:00:00");
INSERT INTO examinations VALUES("1325","2023","173","2030","1","0","32","0000-00-00 00:00:00","0000-00-00 00:00:00");
INSERT INTO examinations VALUES("1326","2023","173","2030","11","0","50","0000-00-00 00:00:00","0000-00-00 00:00:00");
INSERT INTO examinations VALUES("1327","2023","173","2031","1","0","28","0000-00-00 00:00:00","0000-00-00 00:00:00");
INSERT INTO examinations VALUES("1328","2023","173","2031","11","0","48","0000-00-00 00:00:00","0000-00-00 00:00:00");
INSERT INTO examinations VALUES("1329","2023","173","2032","1","0","23","0000-00-00 00:00:00","0000-00-00 00:00:00");
INSERT INTO examinations VALUES("1330","2023","173","2032","11","0","48","0000-00-00 00:00:00","0000-00-00 00:00:00");
INSERT INTO examinations VALUES("1331","2023","173","2051","11","0","20","0000-00-00 00:00:00","0000-00-00 00:00:00");
INSERT INTO examinations VALUES("1332","2023","173","2051","1","0","20","0000-00-00 00:00:00","0000-00-00 00:00:00");
INSERT INTO examinations VALUES("1333","2023","173","2058","1","0","20","0000-00-00 00:00:00","0000-00-00 00:00:00");
INSERT INTO examinations VALUES("1334","2023","173","2058","11","0","38","0000-00-00 00:00:00","0000-00-00 00:00:00");
INSERT INTO examinations VALUES("1335","2023","173","2059","11","0","34","0000-00-00 00:00:00","0000-00-00 00:00:00");
INSERT INTO examinations VALUES("1336","2023","173","2059","1","0","20","0000-00-00 00:00:00","0000-00-00 00:00:00");
INSERT INTO examinations VALUES("1337","2023","173","2060","11","0","22","0000-00-00 00:00:00","0000-00-00 00:00:00");
INSERT INTO examinations VALUES("1338","2023","173","2060","1","0","20","0000-00-00 00:00:00","0000-00-00 00:00:00");
INSERT INTO examinations VALUES("1339","2023","173","2061","11","0","20","0000-00-00 00:00:00","0000-00-00 00:00:00");
INSERT INTO examinations VALUES("1340","2023","173","2061","1","0","19","0000-00-00 00:00:00","0000-00-00 00:00:00");
INSERT INTO examinations VALUES("1341","2023","172","2027","1","0","36","0000-00-00 00:00:00","2016-03-31 19:32:20");
INSERT INTO examinations VALUES("1342","2023","172","2027","11","0","57","0000-00-00 00:00:00","0000-00-00 00:00:00");
INSERT INTO examinations VALUES("1343","2023","256","2027","1","0","32","0000-00-00 00:00:00","0000-00-00 00:00:00");
INSERT INTO examinations VALUES("1344","2023","256","2027","11","0","53","0000-00-00 00:00:00","0000-00-00 00:00:00");
INSERT INTO examinations VALUES("1345","2023","174","2027","11","0","60","0000-00-00 00:00:00","0000-00-00 00:00:00");
INSERT INTO examinations VALUES("1346","2023","174","2027","1","0","40","0000-00-00 00:00:00","0000-00-00 00:00:00");
INSERT INTO examinations VALUES("1347","2023","172","2029","11","0","48","0000-00-00 00:00:00","0000-00-00 00:00:00");
INSERT INTO examinations VALUES("1348","2023","172","2029","1","0","38","0000-00-00 00:00:00","0000-00-00 00:00:00");
INSERT INTO examinations VALUES("1349","2023","256","2029","1","0","32","0000-00-00 00:00:00","0000-00-00 00:00:00");
INSERT INTO examinations VALUES("1350","2023","256","2029","11","0","50","0000-00-00 00:00:00","0000-00-00 00:00:00");
INSERT INTO examinations VALUES("1351","2023","174","2029","11","0","60","0000-00-00 00:00:00","0000-00-00 00:00:00");
INSERT INTO examinations VALUES("1352","2023","174","2029","1","0","40","0000-00-00 00:00:00","0000-00-00 00:00:00");
INSERT INTO examinations VALUES("1353","2023","172","2030","11","0","57","0000-00-00 00:00:00","0000-00-00 00:00:00");
INSERT INTO examinations VALUES("1354","2023","172","2030","1","0","36","0000-00-00 00:00:00","0000-00-00 00:00:00");
INSERT INTO examinations VALUES("1355","2023","256","2030","1","0","30","0000-00-00 00:00:00","0000-00-00 00:00:00");
INSERT INTO examinations VALUES("1356","2023","256","2030","11","0","53","0000-00-00 00:00:00","0000-00-00 00:00:00");
INSERT INTO examinations VALUES("1357","2023","174","2030","11","0","60","0000-00-00 00:00:00","0000-00-00 00:00:00");
INSERT INTO examinations VALUES("1358","2023","174","2030","1","0","40","0000-00-00 00:00:00","0000-00-00 00:00:00");
INSERT INTO examinations VALUES("1359","2023","172","2031","11","0","47","0000-00-00 00:00:00","0000-00-00 00:00:00");
INSERT INTO examinations VALUES("1360","2023","172","2031","1","0","28","0000-00-00 00:00:00","0000-00-00 00:00:00");
INSERT INTO examinations VALUES("1361","2023","256","2031","1","0","24","0000-00-00 00:00:00","0000-00-00 00:00:00");
INSERT INTO examinations VALUES("1362","2023","256","2031","11","0","36","0000-00-00 00:00:00","0000-00-00 00:00:00");
INSERT INTO examinations VALUES("1363","2023","174","2031","11","0","60","0000-00-00 00:00:00","0000-00-00 00:00:00");
INSERT INTO examinations VALUES("1364","2023","174","2031","1","0","40","0000-00-00 00:00:00","0000-00-00 00:00:00");
INSERT INTO examinations VALUES("1365","2023","172","2032","11","0","54","0000-00-00 00:00:00","0000-00-00 00:00:00");
INSERT INTO examinations VALUES("1366","2023","172","2032","1","0","32","0000-00-00 00:00:00","0000-00-00 00:00:00");
INSERT INTO examinations VALUES("1367","2023","256","2032","1","0","20","0000-00-00 00:00:00","0000-00-00 00:00:00");
INSERT INTO examinations VALUES("1368","2023","256","2032","11","0","32","0000-00-00 00:00:00","0000-00-00 00:00:00");
INSERT INTO examinations VALUES("1369","2023","174","2032","11","0","60","0000-00-00 00:00:00","0000-00-00 00:00:00");
INSERT INTO examinations VALUES("1370","2023","174","2032","1","0","40","0000-00-00 00:00:00","0000-00-00 00:00:00");
INSERT INTO examinations VALUES("1371","2023","172","2051","1","0","18","0000-00-00 00:00:00","0000-00-00 00:00:00");
INSERT INTO examinations VALUES("1372","2023","172","2051","11","0","21","0000-00-00 00:00:00","0000-00-00 00:00:00");
INSERT INTO examinations VALUES("1373","2023","256","2051","11","0","20","0000-00-00 00:00:00","0000-00-00 00:00:00");
INSERT INTO examinations VALUES("1374","2023","256","2051","1","0","18","0000-00-00 00:00:00","0000-00-00 00:00:00");
INSERT INTO examinations VALUES("1375","2023","174","2051","1","0","20","0000-00-00 00:00:00","2016-03-31 19:43:49");
INSERT INTO examinations VALUES("1376","2023","174","2051","11","0","40","0000-00-00 00:00:00","0000-00-00 00:00:00");
INSERT INTO examinations VALUES("1377","2023","172","2058","11","0","30","0000-00-00 00:00:00","0000-00-00 00:00:00");
INSERT INTO examinations VALUES("1378","2023","172","2058","1","0","24","0000-00-00 00:00:00","0000-00-00 00:00:00");
INSERT INTO examinations VALUES("1379","2023","256","2058","1","0","18","0000-00-00 00:00:00","0000-00-00 00:00:00");
INSERT INTO examinations VALUES("1380","2023","256","2058","11","0","30","0000-00-00 00:00:00","0000-00-00 00:00:00");
INSERT INTO examinations VALUES("1381","2023","174","2058","11","0","50","0000-00-00 00:00:00","0000-00-00 00:00:00");
INSERT INTO examinations VALUES("1382","2023","174","2058","1","0","20","0000-00-00 00:00:00","0000-00-00 00:00:00");
INSERT INTO examinations VALUES("1383","2023","172","2059","1","0","24","0000-00-00 00:00:00","0000-00-00 00:00:00");
INSERT INTO examinations VALUES("1384","2023","172","2059","11","0","36","0000-00-00 00:00:00","0000-00-00 00:00:00");
INSERT INTO examinations VALUES("1385","2023","256","2059","11","0","50","0000-00-00 00:00:00","0000-00-00 00:00:00");
INSERT INTO examinations VALUES("1386","2023","256","2059","1","0","30","0000-00-00 00:00:00","0000-00-00 00:00:00");
INSERT INTO examinations VALUES("1387","2023","174","2059","1","0","30","0000-00-00 00:00:00","0000-00-00 00:00:00");
INSERT INTO examinations VALUES("1388","2023","174","2059","11","0","49","0000-00-00 00:00:00","0000-00-00 00:00:00");
INSERT INTO examinations VALUES("1389","2023","172","2060","1","0","20","0000-00-00 00:00:00","0000-00-00 00:00:00");
INSERT INTO examinations VALUES("1390","2023","172","2061","1","0","18","0000-00-00 00:00:00","0000-00-00 00:00:00");
INSERT INTO examinations VALUES("1391","2023","172","2060","11","0","21","0000-00-00 00:00:00","0000-00-00 00:00:00");
INSERT INTO examinations VALUES("1392","2023","172","2061","11","0","21","0000-00-00 00:00:00","0000-00-00 00:00:00");
INSERT INTO examinations VALUES("1393","2023","256","2060","11","0","23","0000-00-00 00:00:00","0000-00-00 00:00:00");
INSERT INTO examinations VALUES("1394","2023","256","2061","11","0","20","0000-00-00 00:00:00","0000-00-00 00:00:00");
INSERT INTO examinations VALUES("1395","2023","256","2060","1","0","20","0000-00-00 00:00:00","0000-00-00 00:00:00");
INSERT INTO examinations VALUES("1396","2023","256","2061","1","0","18","0000-00-00 00:00:00","0000-00-00 00:00:00");
INSERT INTO examinations VALUES("1397","2023","174","2060","1","0","24","0000-00-00 00:00:00","0000-00-00 00:00:00");
INSERT INTO examinations VALUES("1398","2023","174","2061","1","0","20","0000-00-00 00:00:00","0000-00-00 00:00:00");
INSERT INTO examinations VALUES("1399","2023","174","2060","11","0","50","0000-00-00 00:00:00","0000-00-00 00:00:00");
INSERT INTO examinations VALUES("1400","2023","174","2061","11","0","30","0000-00-00 00:00:00","0000-00-00 00:00:00");
INSERT INTO examinations VALUES("1401","2002","194","2034","5","0","38","0000-00-00 00:00:00","0000-00-00 00:00:00");
INSERT INTO examinations VALUES("1402","2002","194","2034","15","0","31","0000-00-00 00:00:00","0000-00-00 00:00:00");
INSERT INTO examinations VALUES("1403","2002","195","2034","15","0","36","0000-00-00 00:00:00","0000-00-00 00:00:00");
INSERT INTO examinations VALUES("1404","2002","195","2034","5","0","40","0000-00-00 00:00:00","0000-00-00 00:00:00");
INSERT INTO examinations VALUES("1405","2002","196","2034","5","0","29","0000-00-00 00:00:00","2016-03-31 23:11:38");
INSERT INTO examinations VALUES("1406","2002","197","2034","5","0","32","0000-00-00 00:00:00","0000-00-00 00:00:00");
INSERT INTO examinations VALUES("1407","2002","197","2034","15","0","58","0000-00-00 00:00:00","0000-00-00 00:00:00");
INSERT INTO examinations VALUES("1408","2002","198","2034","15","0","50","0000-00-00 00:00:00","0000-00-00 00:00:00");
INSERT INTO examinations VALUES("1409","2002","198","2034","5","0","36","0000-00-00 00:00:00","0000-00-00 00:00:00");
INSERT INTO examinations VALUES("1410","2002","199","2034","5","0","36","0000-00-00 00:00:00","2016-03-31 22:33:51");
INSERT INTO examinations VALUES("1411","2002","200","2034","5","0","35","0000-00-00 00:00:00","0000-00-00 00:00:00");
INSERT INTO examinations VALUES("1412","2002","200","2034","15","0","51","0000-00-00 00:00:00","0000-00-00 00:00:00");
INSERT INTO examinations VALUES("1413","2002","201","2034","15","0","52","0000-00-00 00:00:00","0000-00-00 00:00:00");
INSERT INTO examinations VALUES("1414","2002","201","2034","5","0","40","0000-00-00 00:00:00","0000-00-00 00:00:00");
INSERT INTO examinations VALUES("1415","2002","202","2034","15","0","41","0000-00-00 00:00:00","0000-00-00 00:00:00");
INSERT INTO examinations VALUES("1416","2002","202","2034","5","0","28","0000-00-00 00:00:00","0000-00-00 00:00:00");
INSERT INTO examinations VALUES("1417","2002","204","2034","5","0","40","0000-00-00 00:00:00","0000-00-00 00:00:00");
INSERT INTO examinations VALUES("1418","2002","204","2034","15","0","59","0000-00-00 00:00:00","0000-00-00 00:00:00");
INSERT INTO examinations VALUES("1419","2002","205","2034","15","0","34","0000-00-00 00:00:00","0000-00-00 00:00:00");
INSERT INTO examinations VALUES("1420","2002","205","2034","5","0","30","0000-00-00 00:00:00","0000-00-00 00:00:00");
INSERT INTO examinations VALUES("1421","2002","206","2034","5","0","36","0000-00-00 00:00:00","0000-00-00 00:00:00");
INSERT INTO examinations VALUES("1422","2002","206","2034","15","0","50","0000-00-00 00:00:00","0000-00-00 00:00:00");
INSERT INTO examinations VALUES("1423","2002","207","2034","15","0","44","0000-00-00 00:00:00","0000-00-00 00:00:00");
INSERT INTO examinations VALUES("1424","2002","207","2034","5","0","40","0000-00-00 00:00:00","0000-00-00 00:00:00");
INSERT INTO examinations VALUES("1425","2002","208","2034","5","0","40","0000-00-00 00:00:00","0000-00-00 00:00:00");
INSERT INTO examinations VALUES("1426","2002","208","2034","15","0","57","0000-00-00 00:00:00","0000-00-00 00:00:00");
INSERT INTO examinations VALUES("1427","2002","245","2034","15","0","52","0000-00-00 00:00:00","0000-00-00 00:00:00");
INSERT INTO examinations VALUES("1428","2002","245","2034","5","0","40","0000-00-00 00:00:00","0000-00-00 00:00:00");
INSERT INTO examinations VALUES("1429","2002","199","2034","15","0","49","0000-00-00 00:00:00","0000-00-00 00:00:00");
INSERT INTO examinations VALUES("1430","2002","257","2034","5","0","29","0000-00-00 00:00:00","0000-00-00 00:00:00");
INSERT INTO examinations VALUES("1431","2002","257","2034","15","0","46","0000-00-00 00:00:00","0000-00-00 00:00:00");
INSERT INTO examinations VALUES("1432","2002","258","2034","15","0","56","0000-00-00 00:00:00","0000-00-00 00:00:00");
INSERT INTO examinations VALUES("1433","2002","258","2034","5","0","35","0000-00-00 00:00:00","0000-00-00 00:00:00");
INSERT INTO examinations VALUES("1434","2002","196","2034","15","0","53","0000-00-00 00:00:00","0000-00-00 00:00:00");
INSERT INTO examinations VALUES("1435","2002","194","2040","5","0","24","0000-00-00 00:00:00","0000-00-00 00:00:00");
INSERT INTO examinations VALUES("1436","2002","194","2040","15","0","19","0000-00-00 00:00:00","0000-00-00 00:00:00");
INSERT INTO examinations VALUES("1437","2002","195","2040","15","0","30","0000-00-00 00:00:00","0000-00-00 00:00:00");
INSERT INTO examinations VALUES("1438","2002","195","2040","5","0","35","0000-00-00 00:00:00","0000-00-00 00:00:00");
INSERT INTO examinations VALUES("1439","2002","195","2049","15","0","44","0000-00-00 00:00:00","0000-00-00 00:00:00");
INSERT INTO examinations VALUES("1440","2002","195","2049","5","0","40","0000-00-00 00:00:00","0000-00-00 00:00:00");
INSERT INTO examinations VALUES("1441","2002","196","2040","5","0","29","0000-00-00 00:00:00","0000-00-00 00:00:00");
INSERT INTO examinations VALUES("1442","2002","196","2040","15","0","48","0000-00-00 00:00:00","0000-00-00 00:00:00");
INSERT INTO examinations VALUES("1443","2002","197","2040","15","0","45","0000-00-00 00:00:00","0000-00-00 00:00:00");
INSERT INTO examinations VALUES("1444","2002","197","2040","5","0","34","0000-00-00 00:00:00","0000-00-00 00:00:00");
INSERT INTO examinations VALUES("1445","2002","198","2040","5","0","20","0000-00-00 00:00:00","0000-00-00 00:00:00");
INSERT INTO examinations VALUES("1446","2002","198","2040","15","0","56","0000-00-00 00:00:00","0000-00-00 00:00:00");
INSERT INTO examinations VALUES("1447","2002","199","2040","15","0","39","0000-00-00 00:00:00","0000-00-00 00:00:00");
INSERT INTO examinations VALUES("1448","2002","199","2040","5","0","36","0000-00-00 00:00:00","0000-00-00 00:00:00");
INSERT INTO examinations VALUES("1449","2002","200","2040","5","0","35","0000-00-00 00:00:00","0000-00-00 00:00:00");
INSERT INTO examinations VALUES("1450","2002","200","2040","15","0","51","0000-00-00 00:00:00","0000-00-00 00:00:00");
INSERT INTO examinations VALUES("1451","2002","200","2049","15","0","36","0000-00-00 00:00:00","0000-00-00 00:00:00");
INSERT INTO examinations VALUES("1452","2002","200","2049","5","0","28","0000-00-00 00:00:00","0000-00-00 00:00:00");
INSERT INTO examinations VALUES("1453","2002","201","2040","15","0","51","0000-00-00 00:00:00","0000-00-00 00:00:00");
INSERT INTO examinations VALUES("1454","2002","201","2040","5","0","32","0000-00-00 00:00:00","0000-00-00 00:00:00");
INSERT INTO examinations VALUES("1455","2002","202","2040","5","0","24","0000-00-00 00:00:00","0000-00-00 00:00:00");
INSERT INTO examinations VALUES("1456","2002","202","2040","15","0","24","0000-00-00 00:00:00","0000-00-00 00:00:00");
INSERT INTO examinations VALUES("1457","2002","202","2049","5","0","24","0000-00-00 00:00:00","0000-00-00 00:00:00");
INSERT INTO examinations VALUES("1458","2002","202","2049","15","0","41","0000-00-00 00:00:00","0000-00-00 00:00:00");
INSERT INTO examinations VALUES("1459","2002","203","2040","15","0","45","0000-00-00 00:00:00","0000-00-00 00:00:00");
INSERT INTO examinations VALUES("1460","2002","203","2040","5","0","32","0000-00-00 00:00:00","0000-00-00 00:00:00");
INSERT INTO examinations VALUES("1461","2002","204","2040","5","0","32","0000-00-00 00:00:00","0000-00-00 00:00:00");
INSERT INTO examinations VALUES("1462","2002","204","2040","15","0","55","0000-00-00 00:00:00","2016-03-31 23:51:27");
INSERT INTO examinations VALUES("1463","2002","204","2049","15","0","54","0000-00-00 00:00:00","0000-00-00 00:00:00");
INSERT INTO examinations VALUES("1464","2002","204","2049","5","0","36","0000-00-00 00:00:00","0000-00-00 00:00:00");
INSERT INTO examinations VALUES("1465","2002","205","2040","15","0","34","0000-00-00 00:00:00","0000-00-00 00:00:00");
INSERT INTO examinations VALUES("1466","2002","205","2040","5","0","33","0000-00-00 00:00:00","0000-00-00 00:00:00");
INSERT INTO examinations VALUES("1467","2002","206","2040","5","0","32","0000-00-00 00:00:00","0000-00-00 00:00:00");
INSERT INTO examinations VALUES("1468","2002","206","2040","15","0","47","0000-00-00 00:00:00","0000-00-00 00:00:00");
INSERT INTO examinations VALUES("1469","2002","207","2040","15","0","38","0000-00-00 00:00:00","0000-00-00 00:00:00");
INSERT INTO examinations VALUES("1470","2002","207","2040","5","0","40","0000-00-00 00:00:00","0000-00-00 00:00:00");
INSERT INTO examinations VALUES("1471","2002","208","2040","5","0","40","0000-00-00 00:00:00","0000-00-00 00:00:00");
INSERT INTO examinations VALUES("1472","2002","208","2040","15","0","27","0000-00-00 00:00:00","0000-00-00 00:00:00");
INSERT INTO examinations VALUES("1473","2002","245","2040","15","0","44","0000-00-00 00:00:00","0000-00-00 00:00:00");
INSERT INTO examinations VALUES("1474","2002","245","2040","5","0","38","0000-00-00 00:00:00","0000-00-00 00:00:00");
INSERT INTO examinations VALUES("1475","2002","257","2040","5","0","22","0000-00-00 00:00:00","0000-00-00 00:00:00");
INSERT INTO examinations VALUES("1476","2002","257","2040","15","0","53","0000-00-00 00:00:00","0000-00-00 00:00:00");
INSERT INTO examinations VALUES("1477","2002","258","2040","15","0","54","0000-00-00 00:00:00","0000-00-00 00:00:00");
INSERT INTO examinations VALUES("1478","2002","258","2040","5","0","35","0000-00-00 00:00:00","0000-00-00 00:00:00");
INSERT INTO examinations VALUES("1479","2002","257","2049","5","0","31","0000-00-00 00:00:00","0000-00-00 00:00:00");
INSERT INTO examinations VALUES("1480","2002","257","2049","15","0","52","0000-00-00 00:00:00","0000-00-00 00:00:00");
INSERT INTO examinations VALUES("1481","2002","258","2049","5","0","39","0000-00-00 00:00:00","0000-00-00 00:00:00");
INSERT INTO examinations VALUES("1482","2002","258","2049","15","0","60","0000-00-00 00:00:00","0000-00-00 00:00:00");
INSERT INTO examinations VALUES("1483","2002","192","2062","5","0","24","0000-00-00 00:00:00","0000-00-00 00:00:00");
INSERT INTO examinations VALUES("1484","2002","192","2063","5","0","35","0000-00-00 00:00:00","0000-00-00 00:00:00");
INSERT INTO examinations VALUES("1485","2002","192","2062","15","0","51","0000-00-00 00:00:00","0000-00-00 00:00:00");
INSERT INTO examinations VALUES("1486","2002","192","2063","15","0","58","0000-00-00 00:00:00","0000-00-00 00:00:00");
INSERT INTO examinations VALUES("1487","2002","193","2062","15","0","40","0000-00-00 00:00:00","0000-00-00 00:00:00");
INSERT INTO examinations VALUES("1488","2002","193","2063","15","0","40","0000-00-00 00:00:00","0000-00-00 00:00:00");
INSERT INTO examinations VALUES("1489","2002","193","2062","5","0","28","0000-00-00 00:00:00","0000-00-00 00:00:00");
INSERT INTO examinations VALUES("1490","2002","193","2063","5","0","22","0000-00-00 00:00:00","0000-00-00 00:00:00");
INSERT INTO examinations VALUES("1491","2002","194","2062","5","0","27","0000-00-00 00:00:00","0000-00-00 00:00:00");
INSERT INTO examinations VALUES("1492","2002","194","2063","5","0","18","0000-00-00 00:00:00","0000-00-00 00:00:00");
INSERT INTO examinations VALUES("1493","2002","194","2062","15","0","15","0000-00-00 00:00:00","0000-00-00 00:00:00");
INSERT INTO examinations VALUES("1494","2002","194","2063","15","0","30","0000-00-00 00:00:00","0000-00-00 00:00:00");
INSERT INTO examinations VALUES("1495","2002","195","2063","15","0","33","0000-00-00 00:00:00","0000-00-00 00:00:00");
INSERT INTO examinations VALUES("1496","2002","195","2062","15","0","36","0000-00-00 00:00:00","0000-00-00 00:00:00");
INSERT INTO examinations VALUES("1497","2002","195","2062","5","0","30","0000-00-00 00:00:00","0000-00-00 00:00:00");
INSERT INTO examinations VALUES("1498","2002","195","2063","5","0","30","0000-00-00 00:00:00","0000-00-00 00:00:00");
INSERT INTO examinations VALUES("1499","2002","196","2062","5","0","23","0000-00-00 00:00:00","0000-00-00 00:00:00");
INSERT INTO examinations VALUES("1500","2002","196","2063","5","0","30","0000-00-00 00:00:00","0000-00-00 00:00:00");
INSERT INTO examinations VALUES("1501","2002","196","2063","15","0","55","0000-00-00 00:00:00","0000-00-00 00:00:00");
INSERT INTO examinations VALUES("1502","2002","196","2062","15","0","47","0000-00-00 00:00:00","0000-00-00 00:00:00");
INSERT INTO examinations VALUES("1503","2002","197","2062","15","0","50","0000-00-00 00:00:00","0000-00-00 00:00:00");
INSERT INTO examinations VALUES("1504","2002","197","2063","15","0","48","0000-00-00 00:00:00","0000-00-00 00:00:00");
INSERT INTO examinations VALUES("1505","2002","197","2062","5","0","32","0000-00-00 00:00:00","0000-00-00 00:00:00");
INSERT INTO examinations VALUES("1506","2002","197","2063","5","0","35","0000-00-00 00:00:00","0000-00-00 00:00:00");
INSERT INTO examinations VALUES("1507","2002","198","2062","5","0","24","0000-00-00 00:00:00","0000-00-00 00:00:00");
INSERT INTO examinations VALUES("1508","2002","198","2063","5","0","30","0000-00-00 00:00:00","0000-00-00 00:00:00");
INSERT INTO examinations VALUES("1509","2002","198","2062","15","0","54","0000-00-00 00:00:00","0000-00-00 00:00:00");
INSERT INTO examinations VALUES("1510","2002","198","2063","15","0","45","0000-00-00 00:00:00","0000-00-00 00:00:00");
INSERT INTO examinations VALUES("1511","2002","199","2062","15","0","40","0000-00-00 00:00:00","0000-00-00 00:00:00");
INSERT INTO examinations VALUES("1512","2002","199","2063","15","0","30","0000-00-00 00:00:00","0000-00-00 00:00:00");
INSERT INTO examinations VALUES("1513","2002","199","2062","5","0","23","0000-00-00 00:00:00","0000-00-00 00:00:00");
INSERT INTO examinations VALUES("1514","2002","199","2063","5","0","20","0000-00-00 00:00:00","0000-00-00 00:00:00");
INSERT INTO examinations VALUES("1515","2002","200","2062","5","0","31","0000-00-00 00:00:00","0000-00-00 00:00:00");
INSERT INTO examinations VALUES("1516","2002","200","2063","5","0","40","0000-00-00 00:00:00","0000-00-00 00:00:00");
INSERT INTO examinations VALUES("1517","2002","200","2062","15","0","50","0000-00-00 00:00:00","0000-00-00 00:00:00");
INSERT INTO examinations VALUES("1518","2002","200","2063","15","0","55","0000-00-00 00:00:00","0000-00-00 00:00:00");
INSERT INTO examinations VALUES("1519","2002","201","2062","15","0","32","0000-00-00 00:00:00","0000-00-00 00:00:00");
INSERT INTO examinations VALUES("1520","2002","201","2063","15","0","50","0000-00-00 00:00:00","0000-00-00 00:00:00");
INSERT INTO examinations VALUES("1521","2002","201","2062","5","0","28","0000-00-00 00:00:00","0000-00-00 00:00:00");
INSERT INTO examinations VALUES("1522","2002","201","2063","5","0","35","0000-00-00 00:00:00","0000-00-00 00:00:00");
INSERT INTO examinations VALUES("1523","2002","202","2062","5","0","24","0000-00-00 00:00:00","0000-00-00 00:00:00");
INSERT INTO examinations VALUES("1524","2002","202","2063","5","0","25","0000-00-00 00:00:00","0000-00-00 00:00:00");
INSERT INTO examinations VALUES("1525","2002","203","2062","5","0","32","0000-00-00 00:00:00","0000-00-00 00:00:00");
INSERT INTO examinations VALUES("1526","2002","203","2063","5","0","25","0000-00-00 00:00:00","0000-00-00 00:00:00");
INSERT INTO examinations VALUES("1527","2002","203","2062","15","0","16","0000-00-00 00:00:00","0000-00-00 00:00:00");
INSERT INTO examinations VALUES("1528","2002","203","2063","15","0","40","0000-00-00 00:00:00","0000-00-00 00:00:00");
INSERT INTO examinations VALUES("1529","2002","204","2062","15","0","45","0000-00-00 00:00:00","0000-00-00 00:00:00");
INSERT INTO examinations VALUES("1530","2002","204","2063","15","0","58","0000-00-00 00:00:00","0000-00-00 00:00:00");
INSERT INTO examinations VALUES("1531","2002","204","2063","5","0","35","0000-00-00 00:00:00","0000-00-00 00:00:00");
INSERT INTO examinations VALUES("1532","2002","204","2062","5","0","28","0000-00-00 00:00:00","0000-00-00 00:00:00");
INSERT INTO examinations VALUES("1533","2002","205","2062","5","0","28","0000-00-00 00:00:00","0000-00-00 00:00:00");
INSERT INTO examinations VALUES("1534","2002","205","2063","5","0","20","0000-00-00 00:00:00","0000-00-00 00:00:00");
INSERT INTO examinations VALUES("1535","2002","205","2062","15","0","20","0000-00-00 00:00:00","0000-00-00 00:00:00");
INSERT INTO examinations VALUES("1536","2002","205","2063","15","0","37","0000-00-00 00:00:00","0000-00-00 00:00:00");
INSERT INTO examinations VALUES("1537","2002","206","2062","15","0","44","0000-00-00 00:00:00","0000-00-00 00:00:00");
INSERT INTO examinations VALUES("1538","2002","206","2063","15","0","50","0000-00-00 00:00:00","0000-00-00 00:00:00");
INSERT INTO examinations VALUES("1539","2002","206","2062","5","0","24","0000-00-00 00:00:00","0000-00-00 00:00:00");
INSERT INTO examinations VALUES("1540","2002","206","2063","5","0","35","0000-00-00 00:00:00","0000-00-00 00:00:00");
INSERT INTO examinations VALUES("1541","2002","207","2062","5","0","40","0000-00-00 00:00:00","0000-00-00 00:00:00");
INSERT INTO examinations VALUES("1542","2002","207","2063","5","0","20","0000-00-00 00:00:00","0000-00-00 00:00:00");
INSERT INTO examinations VALUES("1543","2002","207","2062","15","0","40","0000-00-00 00:00:00","0000-00-00 00:00:00");
INSERT INTO examinations VALUES("1544","2002","207","2063","15","0","30","0000-00-00 00:00:00","0000-00-00 00:00:00");
INSERT INTO examinations VALUES("1545","2002","208","2062","15","0","35","0000-00-00 00:00:00","0000-00-00 00:00:00");
INSERT INTO examinations VALUES("1546","2002","208","2063","15","0","35","0000-00-00 00:00:00","0000-00-00 00:00:00");
INSERT INTO examinations VALUES("1547","2002","208","2062","5","0","40","0000-00-00 00:00:00","0000-00-00 00:00:00");
INSERT INTO examinations VALUES("1548","2002","208","2063","5","0","25","0000-00-00 00:00:00","0000-00-00 00:00:00");
INSERT INTO examinations VALUES("1549","2002","245","2062","5","0","40","0000-00-00 00:00:00","0000-00-00 00:00:00");
INSERT INTO examinations VALUES("1550","2002","245","2063","5","0","25","0000-00-00 00:00:00","0000-00-00 00:00:00");
INSERT INTO examinations VALUES("1551","2002","245","2062","15","0","31","0000-00-00 00:00:00","0000-00-00 00:00:00");
INSERT INTO examinations VALUES("1552","2002","245","2063","15","0","43","0000-00-00 00:00:00","0000-00-00 00:00:00");
INSERT INTO examinations VALUES("1553","2002","257","2062","15","0","41","0000-00-00 00:00:00","0000-00-00 00:00:00");
INSERT INTO examinations VALUES("1554","2002","257","2063","15","0","17","0000-00-00 00:00:00","0000-00-00 00:00:00");
INSERT INTO examinations VALUES("1555","2002","257","2062","5","0","24","0000-00-00 00:00:00","0000-00-00 00:00:00");
INSERT INTO examinations VALUES("1556","2002","257","2063","5","0","15","0000-00-00 00:00:00","0000-00-00 00:00:00");
INSERT INTO examinations VALUES("1557","2002","258","2062","5","0","22","0000-00-00 00:00:00","0000-00-00 00:00:00");
INSERT INTO examinations VALUES("1558","2002","258","2063","5","0","37","0000-00-00 00:00:00","0000-00-00 00:00:00");
INSERT INTO examinations VALUES("1559","2002","258","2062","15","0","50","0000-00-00 00:00:00","0000-00-00 00:00:00");
INSERT INTO examinations VALUES("1560","2002","258","2063","15","0","60","0000-00-00 00:00:00","0000-00-00 00:00:00");
INSERT INTO examinations VALUES("1561","2002","202","2062","15","0","33","0000-00-00 00:00:00","0000-00-00 00:00:00");
INSERT INTO examinations VALUES("1562","2002","202","2063","15","0","40","0000-00-00 00:00:00","0000-00-00 00:00:00");
INSERT INTO examinations VALUES("1563","2032","176","2045","1","0","10","0000-00-00 00:00:00","0000-00-00 00:00:00");
INSERT INTO examinations VALUES("1564","2032","176","2045","2","0","15","0000-00-00 00:00:00","0000-00-00 00:00:00");
INSERT INTO examinations VALUES("1565","2032","177","2045","1","0","20","0000-00-00 00:00:00","0000-00-00 00:00:00");
INSERT INTO examinations VALUES("1566","2032","177","2045","2","0","14","0000-00-00 00:00:00","0000-00-00 00:00:00");
INSERT INTO examinations VALUES("1567","2032","182","2045","1","0","17","0000-00-00 00:00:00","0000-00-00 00:00:00");
INSERT INTO examinations VALUES("1568","2032","182","2045","2","0","16","0000-00-00 00:00:00","0000-00-00 00:00:00");
INSERT INTO examinations VALUES("1569","2032","190","2045","1","0","9","0000-00-00 00:00:00","0000-00-00 00:00:00");
INSERT INTO examinations VALUES("1570","2032","190","2045","2","0","10","0000-00-00 00:00:00","0000-00-00 00:00:00");
INSERT INTO examinations VALUES("1571","2032","185","2045","1","0","19","0000-00-00 00:00:00","2016-07-05 09:14:50");
INSERT INTO examinations VALUES("1572","2032","185","2045","2","0","18","0000-00-00 00:00:00","0000-00-00 00:00:00");
INSERT INTO examinations VALUES("1573","2032","183","2045","1","0","10","0000-00-00 00:00:00","2016-07-05 09:30:17");
INSERT INTO examinations VALUES("1574","2032","183","2045","2","0","17","0000-00-00 00:00:00","0000-00-00 00:00:00");
INSERT INTO examinations VALUES("1575","2032","189","2045","1","0","11","0000-00-00 00:00:00","0000-00-00 00:00:00");
INSERT INTO examinations VALUES("1576","2032","189","2045","2","0","17","0000-00-00 00:00:00","0000-00-00 00:00:00");
INSERT INTO examinations VALUES("1577","2032","186","2045","1","0","20","0000-00-00 00:00:00","0000-00-00 00:00:00");
INSERT INTO examinations VALUES("1578","2032","186","2045","2","0","18","0000-00-00 00:00:00","0000-00-00 00:00:00");
INSERT INTO examinations VALUES("1579","2032","187","2045","1","0","5","0000-00-00 00:00:00","0000-00-00 00:00:00");
INSERT INTO examinations VALUES("1580","2032","187","2045","2","0","8","0000-00-00 00:00:00","0000-00-00 00:00:00");
INSERT INTO examinations VALUES("1581","2032","179","2045","1","0","14","0000-00-00 00:00:00","0000-00-00 00:00:00");
INSERT INTO examinations VALUES("1582","2032","179","2045","2","0","13","0000-00-00 00:00:00","0000-00-00 00:00:00");
INSERT INTO examinations VALUES("1583","2032","191","2045","1","0","15","0000-00-00 00:00:00","2016-07-05 09:18:18");
INSERT INTO examinations VALUES("1584","2032","191","2045","2","0","11","0000-00-00 00:00:00","0000-00-00 00:00:00");
INSERT INTO examinations VALUES("1585","2032","180","2045","1","0","14","0000-00-00 00:00:00","0000-00-00 00:00:00");
INSERT INTO examinations VALUES("1586","2032","180","2045","2","0","10","0000-00-00 00:00:00","0000-00-00 00:00:00");
INSERT INTO examinations VALUES("1587","2032","181","2045","1","0","13","0000-00-00 00:00:00","0000-00-00 00:00:00");
INSERT INTO examinations VALUES("1588","2032","181","2045","2","0","11","0000-00-00 00:00:00","0000-00-00 00:00:00");
INSERT INTO examinations VALUES("1589","2032","178","2045","1","0","12","0000-00-00 00:00:00","0000-00-00 00:00:00");
INSERT INTO examinations VALUES("1590","2032","178","2045","2","0","11","0000-00-00 00:00:00","0000-00-00 00:00:00");
INSERT INTO examinations VALUES("1591","2032","188","2045","1","0","12","0000-00-00 00:00:00","0000-00-00 00:00:00");
INSERT INTO examinations VALUES("1592","2032","188","2045","2","0","14","0000-00-00 00:00:00","0000-00-00 00:00:00");
INSERT INTO examinations VALUES("1593","2032","255","2045","1","0","11","0000-00-00 00:00:00","0000-00-00 00:00:00");
INSERT INTO examinations VALUES("1594","2032","255","2045","2","0","11","0000-00-00 00:00:00","0000-00-00 00:00:00");
INSERT INTO examinations VALUES("1595","2032","255","2045","11","0","36","0000-00-00 00:00:00","0000-00-00 00:00:00");
INSERT INTO examinations VALUES("1596","2032","188","2045","11","0","45","0000-00-00 00:00:00","0000-00-00 00:00:00");
INSERT INTO examinations VALUES("1597","2032","178","2045","11","0","35","0000-00-00 00:00:00","0000-00-00 00:00:00");
INSERT INTO examinations VALUES("1598","2032","181","2045","11","0","42","0000-00-00 00:00:00","0000-00-00 00:00:00");
INSERT INTO examinations VALUES("1599","2032","180","2045","11","0","26","0000-00-00 00:00:00","0000-00-00 00:00:00");
INSERT INTO examinations VALUES("1600","2032","191","2045","11","0","38","0000-00-00 00:00:00","0000-00-00 00:00:00");
INSERT INTO examinations VALUES("1601","2032","179","2045","11","0","53","0000-00-00 00:00:00","0000-00-00 00:00:00");
INSERT INTO examinations VALUES("1602","2032","187","2045","11","0","43","0000-00-00 00:00:00","0000-00-00 00:00:00");
INSERT INTO examinations VALUES("1603","2032","186","2045","11","0","37","0000-00-00 00:00:00","0000-00-00 00:00:00");
INSERT INTO examinations VALUES("1604","2032","189","2045","11","0","42","0000-00-00 00:00:00","0000-00-00 00:00:00");
INSERT INTO examinations VALUES("1605","2032","183","2045","11","0","37","0000-00-00 00:00:00","0000-00-00 00:00:00");
INSERT INTO examinations VALUES("1606","2032","185","2045","11","0","37","0000-00-00 00:00:00","0000-00-00 00:00:00");
INSERT INTO examinations VALUES("1607","2032","190","2045","11","0","35","0000-00-00 00:00:00","0000-00-00 00:00:00");
INSERT INTO examinations VALUES("1608","2032","182","2045","11","0","42","0000-00-00 00:00:00","0000-00-00 00:00:00");
INSERT INTO examinations VALUES("1609","2032","177","2045","11","0","49","0000-00-00 00:00:00","0000-00-00 00:00:00");
INSERT INTO examinations VALUES("1610","2032","176","2045","11","0","30","0000-00-00 00:00:00","0000-00-00 00:00:00");
INSERT INTO examinations VALUES("1611","2032","176","2046","1","0","12","0000-00-00 00:00:00","0000-00-00 00:00:00");
INSERT INTO examinations VALUES("1612","2032","176","2046","2","0","17","0000-00-00 00:00:00","0000-00-00 00:00:00");
INSERT INTO examinations VALUES("1613","2032","177","2046","1","0","20","0000-00-00 00:00:00","0000-00-00 00:00:00");
INSERT INTO examinations VALUES("1614","2032","177","2046","2","0","8","0000-00-00 00:00:00","0000-00-00 00:00:00");
INSERT INTO examinations VALUES("1615","2032","182","2046","1","0","16","0000-00-00 00:00:00","0000-00-00 00:00:00");
INSERT INTO examinations VALUES("1616","2032","182","2046","2","0","13","0000-00-00 00:00:00","0000-00-00 00:00:00");
INSERT INTO examinations VALUES("1617","2032","190","2046","1","0","10","0000-00-00 00:00:00","0000-00-00 00:00:00");
INSERT INTO examinations VALUES("1618","2032","190","2046","2","0","5","0000-00-00 00:00:00","0000-00-00 00:00:00");
INSERT INTO examinations VALUES("1619","2032","185","2046","1","0","16","0000-00-00 00:00:00","0000-00-00 00:00:00");
INSERT INTO examinations VALUES("1620","2032","185","2046","2","0","12","0000-00-00 00:00:00","0000-00-00 00:00:00");
INSERT INTO examinations VALUES("1621","2032","183","2046","1","0","8","0000-00-00 00:00:00","0000-00-00 00:00:00");
INSERT INTO examinations VALUES("1622","2032","183","2046","2","0","18","0000-00-00 00:00:00","0000-00-00 00:00:00");
INSERT INTO examinations VALUES("1623","2032","189","2046","1","0","13","0000-00-00 00:00:00","0000-00-00 00:00:00");
INSERT INTO examinations VALUES("1624","2032","189","2046","2","0","16","0000-00-00 00:00:00","0000-00-00 00:00:00");
INSERT INTO examinations VALUES("1625","2032","186","2046","1","0","18","0000-00-00 00:00:00","0000-00-00 00:00:00");
INSERT INTO examinations VALUES("1626","2032","186","2046","2","0","12","0000-00-00 00:00:00","0000-00-00 00:00:00");
INSERT INTO examinations VALUES("1627","2032","184","2046","1","0","8","0000-00-00 00:00:00","0000-00-00 00:00:00");
INSERT INTO examinations VALUES("1628","2032","184","2046","2","0","8","0000-00-00 00:00:00","0000-00-00 00:00:00");
INSERT INTO examinations VALUES("1629","2032","187","2046","1","0","15","0000-00-00 00:00:00","0000-00-00 00:00:00");
INSERT INTO examinations VALUES("1630","2032","187","2046","2","0","9","0000-00-00 00:00:00","0000-00-00 00:00:00");
INSERT INTO examinations VALUES("1631","2032","179","2046","1","0","12","0000-00-00 00:00:00","0000-00-00 00:00:00");
INSERT INTO examinations VALUES("1632","2032","179","2046","2","0","16","0000-00-00 00:00:00","0000-00-00 00:00:00");
INSERT INTO examinations VALUES("1633","2032","191","2046","1","0","7","0000-00-00 00:00:00","0000-00-00 00:00:00");
INSERT INTO examinations VALUES("1634","2032","191","2046","2","0","10","0000-00-00 00:00:00","0000-00-00 00:00:00");
INSERT INTO examinations VALUES("1635","2032","180","2046","1","0","14","0000-00-00 00:00:00","0000-00-00 00:00:00");
INSERT INTO examinations VALUES("1636","2032","180","2046","2","0","12","0000-00-00 00:00:00","0000-00-00 00:00:00");
INSERT INTO examinations VALUES("1637","2032","181","2046","1","0","17","0000-00-00 00:00:00","0000-00-00 00:00:00");
INSERT INTO examinations VALUES("1638","2032","181","2046","2","0","10","0000-00-00 00:00:00","0000-00-00 00:00:00");
INSERT INTO examinations VALUES("1639","2032","178","2046","1","0","17","0000-00-00 00:00:00","2016-07-05 11:49:07");
INSERT INTO examinations VALUES("1640","2032","178","2046","2","0","14","0000-00-00 00:00:00","0000-00-00 00:00:00");
INSERT INTO examinations VALUES("1641","2032","188","2046","1","0","12","0000-00-00 00:00:00","0000-00-00 00:00:00");
INSERT INTO examinations VALUES("1642","2032","188","2046","2","0","16","0000-00-00 00:00:00","0000-00-00 00:00:00");
INSERT INTO examinations VALUES("1643","2032","255","2046","1","0","14","0000-00-00 00:00:00","0000-00-00 00:00:00");
INSERT INTO examinations VALUES("1644","2032","255","2046","2","0","14","0000-00-00 00:00:00","0000-00-00 00:00:00");
INSERT INTO examinations VALUES("1645","2032","255","2046","11","0","37","0000-00-00 00:00:00","0000-00-00 00:00:00");
INSERT INTO examinations VALUES("1646","2032","188","2046","11","0","47","0000-00-00 00:00:00","0000-00-00 00:00:00");
INSERT INTO examinations VALUES("1647","2032","178","2046","11","0","35","0000-00-00 00:00:00","0000-00-00 00:00:00");
INSERT INTO examinations VALUES("1648","2032","181","2046","11","0","43","0000-00-00 00:00:00","0000-00-00 00:00:00");
INSERT INTO examinations VALUES("1649","2032","180","2046","11","0","37","0000-00-00 00:00:00","0000-00-00 00:00:00");
INSERT INTO examinations VALUES("1650","2032","191","2046","11","0","31","0000-00-00 00:00:00","2016-07-05 12:01:36");
INSERT INTO examinations VALUES("1651","2032","179","2046","11","0","42","0000-00-00 00:00:00","0000-00-00 00:00:00");
INSERT INTO examinations VALUES("1652","2032","187","2046","11","0","32","0000-00-00 00:00:00","0000-00-00 00:00:00");
INSERT INTO examinations VALUES("1653","2032","184","2046","11","0","44","0000-00-00 00:00:00","0000-00-00 00:00:00");
INSERT INTO examinations VALUES("1654","2032","186","2046","11","0","43","0000-00-00 00:00:00","0000-00-00 00:00:00");
INSERT INTO examinations VALUES("1655","2032","189","2046","11","0","44","0000-00-00 00:00:00","0000-00-00 00:00:00");
INSERT INTO examinations VALUES("1656","2032","183","2046","11","0","34","0000-00-00 00:00:00","0000-00-00 00:00:00");
INSERT INTO examinations VALUES("1657","2032","185","2046","11","0","46","0000-00-00 00:00:00","0000-00-00 00:00:00");
INSERT INTO examinations VALUES("1658","2032","190","2046","11","0","40","0000-00-00 00:00:00","0000-00-00 00:00:00");
INSERT INTO examinations VALUES("1659","2032","177","2046","11","0","30","0000-00-00 00:00:00","0000-00-00 00:00:00");
INSERT INTO examinations VALUES("1660","2032","176","2046","11","0","37","0000-00-00 00:00:00","0000-00-00 00:00:00");
INSERT INTO examinations VALUES("1661","2032","182","2046","11","0","41","0000-00-00 00:00:00","0000-00-00 00:00:00");
INSERT INTO examinations VALUES("1662","2032","176","2056","1","0","10","0000-00-00 00:00:00","0000-00-00 00:00:00");
INSERT INTO examinations VALUES("1663","2032","177","2056","1","0","12","0000-00-00 00:00:00","0000-00-00 00:00:00");
INSERT INTO examinations VALUES("1664","2032","182","2056","1","0","16","0000-00-00 00:00:00","0000-00-00 00:00:00");
INSERT INTO examinations VALUES("1665","2032","190","2056","1","0","6","0000-00-00 00:00:00","0000-00-00 00:00:00");
INSERT INTO examinations VALUES("1666","2032","185","2056","1","0","14","0000-00-00 00:00:00","0000-00-00 00:00:00");
INSERT INTO examinations VALUES("1667","2032","183","2056","1","0","10","0000-00-00 00:00:00","0000-00-00 00:00:00");
INSERT INTO examinations VALUES("1668","2032","189","2056","1","0","8","0000-00-00 00:00:00","0000-00-00 00:00:00");
INSERT INTO examinations VALUES("1669","2032","186","2056","1","0","15","0000-00-00 00:00:00","0000-00-00 00:00:00");
INSERT INTO examinations VALUES("1670","2032","184","2056","1","0","2","0000-00-00 00:00:00","0000-00-00 00:00:00");
INSERT INTO examinations VALUES("1671","2032","187","2056","1","0","9","0000-00-00 00:00:00","0000-00-00 00:00:00");
INSERT INTO examinations VALUES("1672","2032","179","2056","1","0","12","0000-00-00 00:00:00","0000-00-00 00:00:00");
INSERT INTO examinations VALUES("1673","2032","191","2056","1","0","7","0000-00-00 00:00:00","0000-00-00 00:00:00");
INSERT INTO examinations VALUES("1674","2032","180","2056","1","0","9","0000-00-00 00:00:00","0000-00-00 00:00:00");
INSERT INTO examinations VALUES("1675","2032","181","2056","1","0","8","0000-00-00 00:00:00","0000-00-00 00:00:00");
INSERT INTO examinations VALUES("1676","2032","178","2056","1","0","12","0000-00-00 00:00:00","0000-00-00 00:00:00");
INSERT INTO examinations VALUES("1677","2032","188","2056","1","0","10","0000-00-00 00:00:00","0000-00-00 00:00:00");
INSERT INTO examinations VALUES("1678","2032","255","2056","1","0","10","0000-00-00 00:00:00","0000-00-00 00:00:00");
INSERT INTO examinations VALUES("1679","2032","255","2056","2","0","10","0000-00-00 00:00:00","0000-00-00 00:00:00");
INSERT INTO examinations VALUES("1680","2032","188","2056","2","0","13","0000-00-00 00:00:00","0000-00-00 00:00:00");
INSERT INTO examinations VALUES("1681","2032","178","2056","2","0","10","0000-00-00 00:00:00","0000-00-00 00:00:00");
INSERT INTO examinations VALUES("1682","2032","181","2056","2","0","8","0000-00-00 00:00:00","0000-00-00 00:00:00");
INSERT INTO examinations VALUES("1683","2032","180","2056","2","0","7","0000-00-00 00:00:00","0000-00-00 00:00:00");
INSERT INTO examinations VALUES("1684","2032","191","2056","2","0","7","0000-00-00 00:00:00","0000-00-00 00:00:00");
INSERT INTO examinations VALUES("1685","2032","179","2056","2","0","16","0000-00-00 00:00:00","0000-00-00 00:00:00");
INSERT INTO examinations VALUES("1686","2032","187","2056","2","0","2","0000-00-00 00:00:00","0000-00-00 00:00:00");
INSERT INTO examinations VALUES("1687","2032","184","2056","2","0","10","0000-00-00 00:00:00","0000-00-00 00:00:00");
INSERT INTO examinations VALUES("1688","2032","186","2056","2","0","10","0000-00-00 00:00:00","0000-00-00 00:00:00");
INSERT INTO examinations VALUES("1689","2032","189","2056","2","0","18","0000-00-00 00:00:00","0000-00-00 00:00:00");
INSERT INTO examinations VALUES("1690","2032","183","2056","2","0","18","0000-00-00 00:00:00","0000-00-00 00:00:00");
INSERT INTO examinations VALUES("1691","2032","185","2056","2","0","10","0000-00-00 00:00:00","0000-00-00 00:00:00");
INSERT INTO examinations VALUES("1692","2032","190","2056","2","0","3","0000-00-00 00:00:00","0000-00-00 00:00:00");
INSERT INTO examinations VALUES("1693","2032","182","2056","2","0","13","0000-00-00 00:00:00","0000-00-00 00:00:00");
INSERT INTO examinations VALUES("1694","2032","177","2056","2","0","10","0000-00-00 00:00:00","0000-00-00 00:00:00");
INSERT INTO examinations VALUES("1695","2032","176","2056","2","0","15","0000-00-00 00:00:00","0000-00-00 00:00:00");
INSERT INTO examinations VALUES("1696","2032","176","2056","11","0","31","0000-00-00 00:00:00","0000-00-00 00:00:00");
INSERT INTO examinations VALUES("1697","2032","177","2056","11","0","38","0000-00-00 00:00:00","0000-00-00 00:00:00");
INSERT INTO examinations VALUES("1698","2032","182","2056","11","0","40","0000-00-00 00:00:00","0000-00-00 00:00:00");
INSERT INTO examinations VALUES("1699","2032","190","2056","11","0","36","0000-00-00 00:00:00","0000-00-00 00:00:00");
INSERT INTO examinations VALUES("1700","2032","185","2056","11","0","45","0000-00-00 00:00:00","0000-00-00 00:00:00");
INSERT INTO examinations VALUES("1701","2032","183","2056","11","0","39","0000-00-00 00:00:00","0000-00-00 00:00:00");
INSERT INTO examinations VALUES("1702","2032","189","2056","11","0","40","0000-00-00 00:00:00","0000-00-00 00:00:00");
INSERT INTO examinations VALUES("1703","2032","186","2056","11","0","41","0000-00-00 00:00:00","0000-00-00 00:00:00");
INSERT INTO examinations VALUES("1704","2032","184","2056","11","0","39","0000-00-00 00:00:00","0000-00-00 00:00:00");
INSERT INTO examinations VALUES("1705","2032","187","2056","11","0","46","0000-00-00 00:00:00","0000-00-00 00:00:00");
INSERT INTO examinations VALUES("1706","2032","179","2056","11","0","45","0000-00-00 00:00:00","0000-00-00 00:00:00");
INSERT INTO examinations VALUES("1707","2032","191","2056","11","0","39","0000-00-00 00:00:00","0000-00-00 00:00:00");
INSERT INTO examinations VALUES("1708","2032","180","2056","11","0","30","0000-00-00 00:00:00","0000-00-00 00:00:00");
INSERT INTO examinations VALUES("1709","2032","181","2056","11","0","37","0000-00-00 00:00:00","0000-00-00 00:00:00");
INSERT INTO examinations VALUES("1710","2032","178","2056","11","0","18","0000-00-00 00:00:00","0000-00-00 00:00:00");
INSERT INTO examinations VALUES("1711","2032","188","2056","11","0","35","0000-00-00 00:00:00","0000-00-00 00:00:00");
INSERT INTO examinations VALUES("1712","2032","255","2056","11","0","34","0000-00-00 00:00:00","0000-00-00 00:00:00");
INSERT INTO examinations VALUES("1713","2032","176","2057","1","0","16","0000-00-00 00:00:00","0000-00-00 00:00:00");
INSERT INTO examinations VALUES("1714","2032","176","2057","2","0","18","0000-00-00 00:00:00","0000-00-00 00:00:00");
INSERT INTO examinations VALUES("1715","2032","177","2057","1","0","20","0000-00-00 00:00:00","0000-00-00 00:00:00");
INSERT INTO examinations VALUES("1716","2032","177","2057","2","0","16","0000-00-00 00:00:00","0000-00-00 00:00:00");
INSERT INTO examinations VALUES("1717","2032","182","2057","1","0","12","0000-00-00 00:00:00","0000-00-00 00:00:00");
INSERT INTO examinations VALUES("1718","2032","182","2057","2","0","20","0000-00-00 00:00:00","0000-00-00 00:00:00");
INSERT INTO examinations VALUES("1719","2032","190","2057","1","0","13","0000-00-00 00:00:00","2016-07-05 12:59:39");
INSERT INTO examinations VALUES("1720","2032","190","2057","2","0","9","0000-00-00 00:00:00","0000-00-00 00:00:00");
INSERT INTO examinations VALUES("1721","2032","185","2057","1","0","19","0000-00-00 00:00:00","0000-00-00 00:00:00");
INSERT INTO examinations VALUES("1722","2032","185","2057","2","0","20","0000-00-00 00:00:00","0000-00-00 00:00:00");
INSERT INTO examinations VALUES("1723","2032","183","2057","1","0","20","0000-00-00 00:00:00","0000-00-00 00:00:00");
INSERT INTO examinations VALUES("1724","2032","183","2057","2","0","17","0000-00-00 00:00:00","0000-00-00 00:00:00");
INSERT INTO examinations VALUES("1725","2032","189","2057","1","0","11","0000-00-00 00:00:00","0000-00-00 00:00:00");
INSERT INTO examinations VALUES("1726","2032","189","2057","2","0","20","0000-00-00 00:00:00","0000-00-00 00:00:00");
INSERT INTO examinations VALUES("1727","2032","186","2057","1","0","18","0000-00-00 00:00:00","0000-00-00 00:00:00");
INSERT INTO examinations VALUES("1728","2032","186","2057","2","0","13","0000-00-00 00:00:00","0000-00-00 00:00:00");
INSERT INTO examinations VALUES("1729","2032","187","2057","1","0","15","0000-00-00 00:00:00","2016-07-05 13:02:37");
INSERT INTO examinations VALUES("1730","2032","187","2057","2","0","16","0000-00-00 00:00:00","0000-00-00 00:00:00");
INSERT INTO examinations VALUES("1731","2032","179","2057","1","0","10","0000-00-00 00:00:00","0000-00-00 00:00:00");
INSERT INTO examinations VALUES("1732","2032","179","2057","2","0","10","0000-00-00 00:00:00","0000-00-00 00:00:00");
INSERT INTO examinations VALUES("1733","2032","191","2057","1","0","18","0000-00-00 00:00:00","0000-00-00 00:00:00");
INSERT INTO examinations VALUES("1734","2032","191","2057","2","0","13","0000-00-00 00:00:00","0000-00-00 00:00:00");
INSERT INTO examinations VALUES("1735","2032","180","2057","1","0","17","0000-00-00 00:00:00","0000-00-00 00:00:00");
INSERT INTO examinations VALUES("1736","2032","180","2057","2","0","14","0000-00-00 00:00:00","2016-07-05 13:04:43");
INSERT INTO examinations VALUES("1737","2032","181","2057","1","0","20","0000-00-00 00:00:00","0000-00-00 00:00:00");
INSERT INTO examinations VALUES("1738","2032","181","2057","2","0","18","0000-00-00 00:00:00","0000-00-00 00:00:00");
INSERT INTO examinations VALUES("1739","2032","178","2057","1","0","17","0000-00-00 00:00:00","0000-00-00 00:00:00");
INSERT INTO examinations VALUES("1740","2032","178","2057","2","0","18","0000-00-00 00:00:00","0000-00-00 00:00:00");
INSERT INTO examinations VALUES("1741","2032","188","2057","1","0","14","0000-00-00 00:00:00","0000-00-00 00:00:00");
INSERT INTO examinations VALUES("1742","2032","188","2057","2","0","16","0000-00-00 00:00:00","0000-00-00 00:00:00");
INSERT INTO examinations VALUES("1743","2032","255","2057","1","0","11","0000-00-00 00:00:00","0000-00-00 00:00:00");
INSERT INTO examinations VALUES("1744","2032","255","2057","2","0","11","0000-00-00 00:00:00","0000-00-00 00:00:00");
INSERT INTO examinations VALUES("1745","2032","255","2057","11","0","41","0000-00-00 00:00:00","0000-00-00 00:00:00");
INSERT INTO examinations VALUES("1746","2032","188","2057","11","0","49","0000-00-00 00:00:00","0000-00-00 00:00:00");
INSERT INTO examinations VALUES("1747","2032","178","2057","11","0","48","0000-00-00 00:00:00","0000-00-00 00:00:00");
INSERT INTO examinations VALUES("1748","2032","181","2057","11","0","52","0000-00-00 00:00:00","0000-00-00 00:00:00");
INSERT INTO examinations VALUES("1749","2032","180","2057","11","0","40","0000-00-00 00:00:00","0000-00-00 00:00:00");
INSERT INTO examinations VALUES("1750","2032","191","2057","11","0","38","0000-00-00 00:00:00","0000-00-00 00:00:00");
INSERT INTO examinations VALUES("1751","2032","179","2057","11","0","53","0000-00-00 00:00:00","0000-00-00 00:00:00");
INSERT INTO examinations VALUES("1752","2032","187","2057","11","0","43","0000-00-00 00:00:00","0000-00-00 00:00:00");
INSERT INTO examinations VALUES("1753","2032","186","2057","11","0","49","0000-00-00 00:00:00","0000-00-00 00:00:00");
INSERT INTO examinations VALUES("1754","2032","189","2057","11","0","48","0000-00-00 00:00:00","0000-00-00 00:00:00");
INSERT INTO examinations VALUES("1755","2032","183","2057","11","0","49","0000-00-00 00:00:00","0000-00-00 00:00:00");
INSERT INTO examinations VALUES("1756","2032","185","2057","11","0","49","0000-00-00 00:00:00","0000-00-00 00:00:00");
INSERT INTO examinations VALUES("1757","2032","190","2057","11","0","47","0000-00-00 00:00:00","0000-00-00 00:00:00");
INSERT INTO examinations VALUES("1758","2032","182","2057","11","0","51","0000-00-00 00:00:00","0000-00-00 00:00:00");
INSERT INTO examinations VALUES("1759","2032","177","2057","11","0","39","0000-00-00 00:00:00","0000-00-00 00:00:00");
INSERT INTO examinations VALUES("1760","2032","176","2057","11","0","41","0000-00-00 00:00:00","0000-00-00 00:00:00");
INSERT INTO examinations VALUES("1761","2012","227","2025","24","0","18","0000-00-00 00:00:00","0000-00-00 00:00:00");
INSERT INTO examinations VALUES("1762","2012","227","2025","25","0","18","0000-00-00 00:00:00","0000-00-00 00:00:00");
INSERT INTO examinations VALUES("1763","2012","228","2025","24","0","15","0000-00-00 00:00:00","0000-00-00 00:00:00");
INSERT INTO examinations VALUES("1764","2012","228","2025","25","0","17","0000-00-00 00:00:00","0000-00-00 00:00:00");
INSERT INTO examinations VALUES("1765","2012","234","2025","24","0","10","0000-00-00 00:00:00","0000-00-00 00:00:00");
INSERT INTO examinations VALUES("1766","2012","234","2025","25","0","12","0000-00-00 00:00:00","0000-00-00 00:00:00");
INSERT INTO examinations VALUES("1767","2012","229","2025","24","0","17","0000-00-00 00:00:00","0000-00-00 00:00:00");
INSERT INTO examinations VALUES("1768","2012","229","2025","25","0","19","0000-00-00 00:00:00","0000-00-00 00:00:00");
INSERT INTO examinations VALUES("1769","2012","240","2025","24","0","18","0000-00-00 00:00:00","0000-00-00 00:00:00");
INSERT INTO examinations VALUES("1770","2012","240","2025","25","0","13","0000-00-00 00:00:00","0000-00-00 00:00:00");
INSERT INTO examinations VALUES("1771","2012","240","2025","17","0","55","0000-00-00 00:00:00","0000-00-00 00:00:00");
INSERT INTO examinations VALUES("1772","2012","229","2025","17","0","51","0000-00-00 00:00:00","0000-00-00 00:00:00");
INSERT INTO examinations VALUES("1773","2012","234","2025","17","0","54","0000-00-00 00:00:00","0000-00-00 00:00:00");
INSERT INTO examinations VALUES("1774","2012","228","2025","17","0","45","0000-00-00 00:00:00","0000-00-00 00:00:00");
INSERT INTO examinations VALUES("1775","2012","227","2025","17","0","51","0000-00-00 00:00:00","0000-00-00 00:00:00");
INSERT INTO examinations VALUES("1776","2012","237","2025","24","0","16","0000-00-00 00:00:00","0000-00-00 00:00:00");
INSERT INTO examinations VALUES("1777","2012","237","2025","25","0","12","0000-00-00 00:00:00","0000-00-00 00:00:00");
INSERT INTO examinations VALUES("1778","2012","237","2025","17","0","53","0000-00-00 00:00:00","0000-00-00 00:00:00");
INSERT INTO examinations VALUES("1779","2012","238","2025","24","0","18","0000-00-00 00:00:00","0000-00-00 00:00:00");
INSERT INTO examinations VALUES("1780","2012","238","2025","25","0","15","0000-00-00 00:00:00","0000-00-00 00:00:00");
INSERT INTO examinations VALUES("1781","2012","238","2025","17","0","56","0000-00-00 00:00:00","0000-00-00 00:00:00");
INSERT INTO examinations VALUES("1782","2012","239","2025","24","0","19","0000-00-00 00:00:00","0000-00-00 00:00:00");
INSERT INTO examinations VALUES("1783","2012","239","2025","25","0","18","0000-00-00 00:00:00","0000-00-00 00:00:00");
INSERT INTO examinations VALUES("1784","2012","239","2025","17","0","50","0000-00-00 00:00:00","0000-00-00 00:00:00");
INSERT INTO examinations VALUES("1785","2012","241","2025","24","0","19","0000-00-00 00:00:00","0000-00-00 00:00:00");
INSERT INTO examinations VALUES("1786","2012","241","2025","25","0","17","0000-00-00 00:00:00","0000-00-00 00:00:00");
INSERT INTO examinations VALUES("1787","2012","241","2025","17","0","48","0000-00-00 00:00:00","0000-00-00 00:00:00");
INSERT INTO examinations VALUES("1788","2012","244","2025","24","0","19","0000-00-00 00:00:00","0000-00-00 00:00:00");
INSERT INTO examinations VALUES("1789","2012","244","2025","25","0","17","0000-00-00 00:00:00","0000-00-00 00:00:00");
INSERT INTO examinations VALUES("1790","2012","244","2025","17","0","55","0000-00-00 00:00:00","0000-00-00 00:00:00");
INSERT INTO examinations VALUES("1791","2012","232","2025","24","0","18","0000-00-00 00:00:00","0000-00-00 00:00:00");
INSERT INTO examinations VALUES("1792","2012","232","2025","25","0","20","0000-00-00 00:00:00","0000-00-00 00:00:00");
INSERT INTO examinations VALUES("1793","2012","232","2025","17","0","49","0000-00-00 00:00:00","0000-00-00 00:00:00");
INSERT INTO examinations VALUES("1794","2012","233","2025","24","0","20","0000-00-00 00:00:00","0000-00-00 00:00:00");
INSERT INTO examinations VALUES("1795","2012","233","2025","25","0","20","0000-00-00 00:00:00","0000-00-00 00:00:00");
INSERT INTO examinations VALUES("1796","2012","233","2025","17","0","30","0000-00-00 00:00:00","0000-00-00 00:00:00");
INSERT INTO examinations VALUES("1797","2012","242","2025","24","0","18","0000-00-00 00:00:00","0000-00-00 00:00:00");
INSERT INTO examinations VALUES("1798","2012","242","2025","25","0","12","0000-00-00 00:00:00","0000-00-00 00:00:00");
INSERT INTO examinations VALUES("1799","2012","242","2025","17","0","53","0000-00-00 00:00:00","0000-00-00 00:00:00");
INSERT INTO examinations VALUES("1800","2012","243","2025","24","0","20","0000-00-00 00:00:00","0000-00-00 00:00:00");
INSERT INTO examinations VALUES("1801","2012","243","2025","25","0","17","0000-00-00 00:00:00","0000-00-00 00:00:00");
INSERT INTO examinations VALUES("1802","2012","243","2025","17","0","45","0000-00-00 00:00:00","0000-00-00 00:00:00");
INSERT INTO examinations VALUES("1803","2012","235","2025","24","0","17","0000-00-00 00:00:00","0000-00-00 00:00:00");
INSERT INTO examinations VALUES("1804","2012","235","2025","25","0","17","0000-00-00 00:00:00","0000-00-00 00:00:00");
INSERT INTO examinations VALUES("1805","2012","235","2025","17","0","53","0000-00-00 00:00:00","0000-00-00 00:00:00");
INSERT INTO examinations VALUES("1806","2012","231","2025","24","0","12","0000-00-00 00:00:00","0000-00-00 00:00:00");
INSERT INTO examinations VALUES("1807","2012","231","2025","25","0","13","0000-00-00 00:00:00","0000-00-00 00:00:00");
INSERT INTO examinations VALUES("1808","2012","231","2025","17","0","52","0000-00-00 00:00:00","0000-00-00 00:00:00");
INSERT INTO examinations VALUES("1809","2012","230","2025","24","0","20","0000-00-00 00:00:00","0000-00-00 00:00:00");
INSERT INTO examinations VALUES("1810","2012","230","2025","25","0","18","0000-00-00 00:00:00","0000-00-00 00:00:00");
INSERT INTO examinations VALUES("1811","2012","230","2025","17","0","58","0000-00-00 00:00:00","0000-00-00 00:00:00");
INSERT INTO examinations VALUES("1812","2012","249","2025","24","0","20","0000-00-00 00:00:00","0000-00-00 00:00:00");
INSERT INTO examinations VALUES("1813","2012","249","2025","25","0","18","0000-00-00 00:00:00","0000-00-00 00:00:00");
INSERT INTO examinations VALUES("1814","2012","249","2025","17","0","51","0000-00-00 00:00:00","0000-00-00 00:00:00");
INSERT INTO examinations VALUES("1815","2012","236","2025","24","0","14","0000-00-00 00:00:00","0000-00-00 00:00:00");
INSERT INTO examinations VALUES("1816","2012","236","2025","25","0","16","0000-00-00 00:00:00","0000-00-00 00:00:00");
INSERT INTO examinations VALUES("1817","2012","236","2025","17","0","48","0000-00-00 00:00:00","0000-00-00 00:00:00");
INSERT INTO examinations VALUES("1818","2012","250","2025","24","0","17","0000-00-00 00:00:00","0000-00-00 00:00:00");
INSERT INTO examinations VALUES("1819","2012","250","2025","25","0","20","0000-00-00 00:00:00","0000-00-00 00:00:00");
INSERT INTO examinations VALUES("1820","2012","250","2025","17","0","45","0000-00-00 00:00:00","0000-00-00 00:00:00");
INSERT INTO examinations VALUES("1821","2012","227","2039","24","0","18","0000-00-00 00:00:00","0000-00-00 00:00:00");
INSERT INTO examinations VALUES("1822","2012","227","2039","25","0","12","0000-00-00 00:00:00","0000-00-00 00:00:00");
INSERT INTO examinations VALUES("1823","2012","227","2039","17","0","48","0000-00-00 00:00:00","0000-00-00 00:00:00");
INSERT INTO examinations VALUES("1824","2012","228","2039","24","0","12","0000-00-00 00:00:00","0000-00-00 00:00:00");
INSERT INTO examinations VALUES("1825","2012","228","2039","25","0","15","0000-00-00 00:00:00","0000-00-00 00:00:00");
INSERT INTO examinations VALUES("1826","2012","228","2039","17","0","35","0000-00-00 00:00:00","0000-00-00 00:00:00");
INSERT INTO examinations VALUES("1827","2012","234","2039","24","0","12","0000-00-00 00:00:00","0000-00-00 00:00:00");
INSERT INTO examinations VALUES("1828","2012","234","2039","25","0","8","0000-00-00 00:00:00","0000-00-00 00:00:00");
INSERT INTO examinations VALUES("1829","2012","229","2039","24","0","19","0000-00-00 00:00:00","0000-00-00 00:00:00");
INSERT INTO examinations VALUES("1830","2012","229","2039","25","0","15","0000-00-00 00:00:00","0000-00-00 00:00:00");
INSERT INTO examinations VALUES("1831","2012","229","2039","17","0","41","0000-00-00 00:00:00","0000-00-00 00:00:00");
INSERT INTO examinations VALUES("1832","2012","240","2039","24","0","20","0000-00-00 00:00:00","0000-00-00 00:00:00");
INSERT INTO examinations VALUES("1833","2012","240","2039","25","0","19","0000-00-00 00:00:00","0000-00-00 00:00:00");
INSERT INTO examinations VALUES("1834","2012","240","2039","17","0","49","0000-00-00 00:00:00","0000-00-00 00:00:00");
INSERT INTO examinations VALUES("1835","2012","237","2039","24","0","17","0000-00-00 00:00:00","0000-00-00 00:00:00");
INSERT INTO examinations VALUES("1836","2012","237","2039","25","0","10","0000-00-00 00:00:00","0000-00-00 00:00:00");
INSERT INTO examinations VALUES("1837","2012","237","2039","17","0","49","0000-00-00 00:00:00","0000-00-00 00:00:00");
INSERT INTO examinations VALUES("1838","2012","238","2039","24","0","16","0000-00-00 00:00:00","0000-00-00 00:00:00");
INSERT INTO examinations VALUES("1839","2012","238","2039","25","0","14","0000-00-00 00:00:00","0000-00-00 00:00:00");
INSERT INTO examinations VALUES("1840","2012","238","2039","17","0","50","0000-00-00 00:00:00","0000-00-00 00:00:00");
INSERT INTO examinations VALUES("1841","2012","241","2039","24","0","11","0000-00-00 00:00:00","0000-00-00 00:00:00");
INSERT INTO examinations VALUES("1842","2012","241","2039","25","0","15","0000-00-00 00:00:00","0000-00-00 00:00:00");
INSERT INTO examinations VALUES("1843","2012","241","2039","17","0","45","0000-00-00 00:00:00","0000-00-00 00:00:00");
INSERT INTO examinations VALUES("1844","2012","244","2039","24","0","16","0000-00-00 00:00:00","0000-00-00 00:00:00");
INSERT INTO examinations VALUES("1845","2012","244","2039","25","0","14","0000-00-00 00:00:00","0000-00-00 00:00:00");
INSERT INTO examinations VALUES("1846","2012","244","2039","17","0","44","0000-00-00 00:00:00","0000-00-00 00:00:00");
INSERT INTO examinations VALUES("1847","2012","232","2039","24","0","17","0000-00-00 00:00:00","0000-00-00 00:00:00");
INSERT INTO examinations VALUES("1848","2012","232","2039","25","0","12","0000-00-00 00:00:00","0000-00-00 00:00:00");
INSERT INTO examinations VALUES("1849","2012","232","2039","17","0","45","0000-00-00 00:00:00","0000-00-00 00:00:00");
INSERT INTO examinations VALUES("1850","2012","233","2039","24","0","20","0000-00-00 00:00:00","0000-00-00 00:00:00");
INSERT INTO examinations VALUES("1851","2012","233","2039","25","0","16","0000-00-00 00:00:00","0000-00-00 00:00:00");
INSERT INTO examinations VALUES("1852","2012","233","2039","17","0","35","0000-00-00 00:00:00","0000-00-00 00:00:00");
INSERT INTO examinations VALUES("1853","2012","242","2039","24","0","16","0000-00-00 00:00:00","0000-00-00 00:00:00");
INSERT INTO examinations VALUES("1854","2012","242","2039","25","0","10","0000-00-00 00:00:00","0000-00-00 00:00:00");
INSERT INTO examinations VALUES("1855","2012","242","2039","17","0","46","0000-00-00 00:00:00","0000-00-00 00:00:00");
INSERT INTO examinations VALUES("1856","2012","243","2039","24","0","11","0000-00-00 00:00:00","0000-00-00 00:00:00");
INSERT INTO examinations VALUES("1857","2012","243","2039","25","0","13","0000-00-00 00:00:00","0000-00-00 00:00:00");
INSERT INTO examinations VALUES("1858","2012","243","2039","17","0","27","0000-00-00 00:00:00","0000-00-00 00:00:00");
INSERT INTO examinations VALUES("1859","2012","235","2039","24","0","14","0000-00-00 00:00:00","0000-00-00 00:00:00");
INSERT INTO examinations VALUES("1860","2012","235","2039","25","0","14","0000-00-00 00:00:00","0000-00-00 00:00:00");
INSERT INTO examinations VALUES("1861","2012","235","2039","17","0","42","0000-00-00 00:00:00","0000-00-00 00:00:00");
INSERT INTO examinations VALUES("1862","2012","231","2039","24","0","13","0000-00-00 00:00:00","0000-00-00 00:00:00");
INSERT INTO examinations VALUES("1863","2012","231","2039","25","0","10","0000-00-00 00:00:00","0000-00-00 00:00:00");
INSERT INTO examinations VALUES("1864","2012","231","2039","17","0","42","0000-00-00 00:00:00","0000-00-00 00:00:00");
INSERT INTO examinations VALUES("1865","2012","230","2039","24","0","8","0000-00-00 00:00:00","0000-00-00 00:00:00");
INSERT INTO examinations VALUES("1866","2012","230","2039","25","0","14","0000-00-00 00:00:00","0000-00-00 00:00:00");
INSERT INTO examinations VALUES("1867","2012","230","2039","17","0","51","0000-00-00 00:00:00","0000-00-00 00:00:00");
INSERT INTO examinations VALUES("1868","2012","249","2039","24","0","5","0000-00-00 00:00:00","0000-00-00 00:00:00");
INSERT INTO examinations VALUES("1869","2012","249","2039","25","0","4","0000-00-00 00:00:00","0000-00-00 00:00:00");
INSERT INTO examinations VALUES("1870","2012","249","2039","17","0","47","0000-00-00 00:00:00","0000-00-00 00:00:00");
INSERT INTO examinations VALUES("1871","2012","236","2039","24","0","14","0000-00-00 00:00:00","0000-00-00 00:00:00");
INSERT INTO examinations VALUES("1872","2012","236","2039","25","0","14","0000-00-00 00:00:00","0000-00-00 00:00:00");
INSERT INTO examinations VALUES("1873","2012","236","2039","17","0","45","0000-00-00 00:00:00","0000-00-00 00:00:00");
INSERT INTO examinations VALUES("1874","2012","250","2039","24","0","17","0000-00-00 00:00:00","0000-00-00 00:00:00");
INSERT INTO examinations VALUES("1875","2012","250","2039","25","0","19","0000-00-00 00:00:00","0000-00-00 00:00:00");
INSERT INTO examinations VALUES("1876","2012","250","2039","17","0","30","0000-00-00 00:00:00","0000-00-00 00:00:00");
INSERT INTO examinations VALUES("1877","2012","234","2039","17","0","43","0000-00-00 00:00:00","0000-00-00 00:00:00");
INSERT INTO examinations VALUES("1878","2012","227","2052","24","0","10","0000-00-00 00:00:00","0000-00-00 00:00:00");
INSERT INTO examinations VALUES("1879","2012","227","2052","25","0","13","0000-00-00 00:00:00","0000-00-00 00:00:00");
INSERT INTO examinations VALUES("1880","2012","227","2052","17","0","37","0000-00-00 00:00:00","0000-00-00 00:00:00");
INSERT INTO examinations VALUES("1881","2012","228","2052","24","0","5","0000-00-00 00:00:00","0000-00-00 00:00:00");
INSERT INTO examinations VALUES("1882","2012","228","2052","25","0","8","0000-00-00 00:00:00","0000-00-00 00:00:00");
INSERT INTO examinations VALUES("1883","2012","228","2052","17","0","35","0000-00-00 00:00:00","0000-00-00 00:00:00");
INSERT INTO examinations VALUES("1884","2012","234","2052","24","0","12","0000-00-00 00:00:00","0000-00-00 00:00:00");
INSERT INTO examinations VALUES("1885","2012","234","2052","25","0","6","0000-00-00 00:00:00","0000-00-00 00:00:00");
INSERT INTO examinations VALUES("1886","2012","234","2052","17","0","46","0000-00-00 00:00:00","0000-00-00 00:00:00");
INSERT INTO examinations VALUES("1887","2012","229","2052","24","0","10","0000-00-00 00:00:00","0000-00-00 00:00:00");
INSERT INTO examinations VALUES("1888","2012","229","2052","25","0","14","0000-00-00 00:00:00","0000-00-00 00:00:00");
INSERT INTO examinations VALUES("1889","2012","229","2052","17","0","47","0000-00-00 00:00:00","0000-00-00 00:00:00");
INSERT INTO examinations VALUES("1890","2012","240","2052","24","0","12","0000-00-00 00:00:00","0000-00-00 00:00:00");
INSERT INTO examinations VALUES("1891","2012","240","2052","25","0","7","0000-00-00 00:00:00","0000-00-00 00:00:00");
INSERT INTO examinations VALUES("1892","2012","240","2052","17","0","47","0000-00-00 00:00:00","0000-00-00 00:00:00");
INSERT INTO examinations VALUES("1893","2012","237","2052","24","0","5","0000-00-00 00:00:00","0000-00-00 00:00:00");
INSERT INTO examinations VALUES("1894","2012","237","2052","25","0","8","0000-00-00 00:00:00","0000-00-00 00:00:00");
INSERT INTO examinations VALUES("1895","2012","237","2052","17","0","41","0000-00-00 00:00:00","0000-00-00 00:00:00");
INSERT INTO examinations VALUES("1896","2012","238","2052","24","0","14","0000-00-00 00:00:00","0000-00-00 00:00:00");
INSERT INTO examinations VALUES("1897","2012","238","2052","25","0","8","0000-00-00 00:00:00","0000-00-00 00:00:00");
INSERT INTO examinations VALUES("1898","2012","238","2052","17","0","35","0000-00-00 00:00:00","0000-00-00 00:00:00");
INSERT INTO examinations VALUES("1899","2012","239","2052","24","0","17","0000-00-00 00:00:00","0000-00-00 00:00:00");
INSERT INTO examinations VALUES("1900","2012","239","2052","25","0","10","0000-00-00 00:00:00","0000-00-00 00:00:00");
INSERT INTO examinations VALUES("1901","2012","239","2052","17","0","36","0000-00-00 00:00:00","0000-00-00 00:00:00");
INSERT INTO examinations VALUES("1902","2012","241","2052","24","0","8","0000-00-00 00:00:00","0000-00-00 00:00:00");
INSERT INTO examinations VALUES("1903","2012","241","2052","25","0","10","0000-00-00 00:00:00","0000-00-00 00:00:00");
INSERT INTO examinations VALUES("1904","2012","241","2052","17","0","38","0000-00-00 00:00:00","0000-00-00 00:00:00");
INSERT INTO examinations VALUES("1905","2012","244","2052","24","0","11","0000-00-00 00:00:00","0000-00-00 00:00:00");
INSERT INTO examinations VALUES("1906","2012","244","2052","25","0","13","0000-00-00 00:00:00","0000-00-00 00:00:00");
INSERT INTO examinations VALUES("1907","2012","244","2052","17","0","39","0000-00-00 00:00:00","0000-00-00 00:00:00");
INSERT INTO examinations VALUES("1908","2012","232","2052","24","0","12","0000-00-00 00:00:00","0000-00-00 00:00:00");
INSERT INTO examinations VALUES("1909","2012","232","2052","25","0","10","0000-00-00 00:00:00","0000-00-00 00:00:00");
INSERT INTO examinations VALUES("1910","2012","232","2052","17","0","37","0000-00-00 00:00:00","0000-00-00 00:00:00");
INSERT INTO examinations VALUES("1911","2012","233","2052","24","0","20","0000-00-00 00:00:00","0000-00-00 00:00:00");
INSERT INTO examinations VALUES("1912","2012","233","2052","25","0","20","0000-00-00 00:00:00","0000-00-00 00:00:00");
INSERT INTO examinations VALUES("1913","2012","233","2052","17","0","21","0000-00-00 00:00:00","0000-00-00 00:00:00");
INSERT INTO examinations VALUES("1914","2012","242","2052","24","0","10","0000-00-00 00:00:00","0000-00-00 00:00:00");
INSERT INTO examinations VALUES("1915","2012","242","2052","25","0","9","0000-00-00 00:00:00","0000-00-00 00:00:00");
INSERT INTO examinations VALUES("1916","2012","242","2052","17","0","45","0000-00-00 00:00:00","0000-00-00 00:00:00");
INSERT INTO examinations VALUES("1917","2012","243","2052","24","0","11","0000-00-00 00:00:00","0000-00-00 00:00:00");
INSERT INTO examinations VALUES("1918","2012","243","2052","25","0","10","0000-00-00 00:00:00","0000-00-00 00:00:00");
INSERT INTO examinations VALUES("1919","2012","243","2052","17","0","31","0000-00-00 00:00:00","0000-00-00 00:00:00");
INSERT INTO examinations VALUES("1920","2012","235","2052","24","0","14","0000-00-00 00:00:00","0000-00-00 00:00:00");
INSERT INTO examinations VALUES("1921","2012","235","2052","25","0","11","0000-00-00 00:00:00","0000-00-00 00:00:00");
INSERT INTO examinations VALUES("1922","2012","235","2052","17","0","41","0000-00-00 00:00:00","0000-00-00 00:00:00");
INSERT INTO examinations VALUES("1923","2012","231","2052","24","0","14","0000-00-00 00:00:00","0000-00-00 00:00:00");
INSERT INTO examinations VALUES("1924","2012","231","2052","25","0","15","0000-00-00 00:00:00","0000-00-00 00:00:00");
INSERT INTO examinations VALUES("1925","2012","231","2052","17","0","30","0000-00-00 00:00:00","0000-00-00 00:00:00");
INSERT INTO examinations VALUES("1926","2012","230","2052","24","0","11","0000-00-00 00:00:00","0000-00-00 00:00:00");
INSERT INTO examinations VALUES("1927","2012","230","2052","25","0","16","0000-00-00 00:00:00","0000-00-00 00:00:00");
INSERT INTO examinations VALUES("1928","2012","230","2052","17","0","46","0000-00-00 00:00:00","0000-00-00 00:00:00");
INSERT INTO examinations VALUES("1929","2012","249","2052","24","0","15","0000-00-00 00:00:00","0000-00-00 00:00:00");
INSERT INTO examinations VALUES("1930","2012","249","2052","25","0","10","0000-00-00 00:00:00","0000-00-00 00:00:00");
INSERT INTO examinations VALUES("1931","2012","249","2052","17","0","45","0000-00-00 00:00:00","0000-00-00 00:00:00");
INSERT INTO examinations VALUES("1932","2012","236","2052","24","0","15","0000-00-00 00:00:00","0000-00-00 00:00:00");
INSERT INTO examinations VALUES("1933","2012","236","2052","25","0","15","0000-00-00 00:00:00","0000-00-00 00:00:00");
INSERT INTO examinations VALUES("1934","2012","236","2052","17","0","40","0000-00-00 00:00:00","0000-00-00 00:00:00");
INSERT INTO examinations VALUES("1935","2012","250","2052","24","0","10","0000-00-00 00:00:00","0000-00-00 00:00:00");
INSERT INTO examinations VALUES("1936","2012","250","2052","25","0","14","0000-00-00 00:00:00","0000-00-00 00:00:00");
INSERT INTO examinations VALUES("1937","2012","250","2052","17","0","36","0000-00-00 00:00:00","0000-00-00 00:00:00");
INSERT INTO examinations VALUES("1938","2012","227","2053","24","0","14","0000-00-00 00:00:00","0000-00-00 00:00:00");
INSERT INTO examinations VALUES("1939","2012","227","2053","25","0","9","0000-00-00 00:00:00","0000-00-00 00:00:00");
INSERT INTO examinations VALUES("1940","2012","227","2053","17","0","29","0000-00-00 00:00:00","0000-00-00 00:00:00");
INSERT INTO examinations VALUES("1941","2012","228","2053","24","0","5","0000-00-00 00:00:00","0000-00-00 00:00:00");
INSERT INTO examinations VALUES("1942","2012","228","2053","25","0","10","0000-00-00 00:00:00","0000-00-00 00:00:00");
INSERT INTO examinations VALUES("1943","2012","228","2053","17","0","31","0000-00-00 00:00:00","0000-00-00 00:00:00");
INSERT INTO examinations VALUES("1944","2012","234","2053","24","0","5","0000-00-00 00:00:00","0000-00-00 00:00:00");
INSERT INTO examinations VALUES("1945","2012","234","2053","25","0","5","0000-00-00 00:00:00","0000-00-00 00:00:00");
INSERT INTO examinations VALUES("1946","2012","234","2053","17","0","40","0000-00-00 00:00:00","0000-00-00 00:00:00");
INSERT INTO examinations VALUES("1947","2012","229","2053","24","0","5","0000-00-00 00:00:00","0000-00-00 00:00:00");
INSERT INTO examinations VALUES("1948","2012","229","2053","25","0","11","0000-00-00 00:00:00","0000-00-00 00:00:00");
INSERT INTO examinations VALUES("1949","2012","229","2053","17","0","32","0000-00-00 00:00:00","0000-00-00 00:00:00");
INSERT INTO examinations VALUES("1950","2012","240","2053","24","0","14","0000-00-00 00:00:00","0000-00-00 00:00:00");
INSERT INTO examinations VALUES("1951","2012","240","2053","25","0","8","0000-00-00 00:00:00","0000-00-00 00:00:00");
INSERT INTO examinations VALUES("1952","2012","240","2053","17","0","42","0000-00-00 00:00:00","0000-00-00 00:00:00");
INSERT INTO examinations VALUES("1953","2012","237","2053","24","0","6","0000-00-00 00:00:00","0000-00-00 00:00:00");
INSERT INTO examinations VALUES("1954","2012","237","2053","25","0","3","0000-00-00 00:00:00","0000-00-00 00:00:00");
INSERT INTO examinations VALUES("1955","2012","237","2053","17","0","33","0000-00-00 00:00:00","0000-00-00 00:00:00");
INSERT INTO examinations VALUES("1956","2012","238","2053","24","0","10","0000-00-00 00:00:00","0000-00-00 00:00:00");
INSERT INTO examinations VALUES("1957","2012","238","2053","25","0","8","0000-00-00 00:00:00","0000-00-00 00:00:00");
INSERT INTO examinations VALUES("1958","2012","238","2053","17","0","35","0000-00-00 00:00:00","0000-00-00 00:00:00");
INSERT INTO examinations VALUES("1959","2012","239","2053","24","0","13","0000-00-00 00:00:00","0000-00-00 00:00:00");
INSERT INTO examinations VALUES("1960","2012","239","2053","25","0","10","0000-00-00 00:00:00","0000-00-00 00:00:00");
INSERT INTO examinations VALUES("1961","2012","239","2053","17","0","32","0000-00-00 00:00:00","0000-00-00 00:00:00");
INSERT INTO examinations VALUES("1962","2012","241","2053","24","0","5","0000-00-00 00:00:00","0000-00-00 00:00:00");
INSERT INTO examinations VALUES("1963","2012","241","2053","25","0","9","0000-00-00 00:00:00","0000-00-00 00:00:00");
INSERT INTO examinations VALUES("1964","2012","241","2053","17","0","28","0000-00-00 00:00:00","0000-00-00 00:00:00");
INSERT INTO examinations VALUES("1965","2012","244","2053","24","0","10","0000-00-00 00:00:00","0000-00-00 00:00:00");
INSERT INTO examinations VALUES("1966","2012","244","2053","25","0","8","0000-00-00 00:00:00","0000-00-00 00:00:00");
INSERT INTO examinations VALUES("1967","2012","244","2053","17","0","37","0000-00-00 00:00:00","0000-00-00 00:00:00");
INSERT INTO examinations VALUES("1968","2012","232","2053","24","0","11","0000-00-00 00:00:00","0000-00-00 00:00:00");
INSERT INTO examinations VALUES("1969","2012","232","2053","25","0","8","0000-00-00 00:00:00","0000-00-00 00:00:00");
INSERT INTO examinations VALUES("1970","2012","232","2053","17","0","30","0000-00-00 00:00:00","0000-00-00 00:00:00");
INSERT INTO examinations VALUES("1971","2012","233","2053","24","0","12","0000-00-00 00:00:00","0000-00-00 00:00:00");
INSERT INTO examinations VALUES("1972","2012","233","2053","25","0","16","0000-00-00 00:00:00","0000-00-00 00:00:00");
INSERT INTO examinations VALUES("1973","2012","233","2053","17","0","9","0000-00-00 00:00:00","0000-00-00 00:00:00");
INSERT INTO examinations VALUES("1974","2012","242","2053","24","0","8","0000-00-00 00:00:00","0000-00-00 00:00:00");
INSERT INTO examinations VALUES("1975","2012","242","2053","25","0","8","0000-00-00 00:00:00","0000-00-00 00:00:00");
INSERT INTO examinations VALUES("1976","2012","242","2053","17","0","35","0000-00-00 00:00:00","0000-00-00 00:00:00");
INSERT INTO examinations VALUES("1977","2012","243","2053","24","0","10","0000-00-00 00:00:00","0000-00-00 00:00:00");
INSERT INTO examinations VALUES("1978","2012","243","2053","25","0","8","0000-00-00 00:00:00","0000-00-00 00:00:00");
INSERT INTO examinations VALUES("1979","2012","243","2053","17","0","15","0000-00-00 00:00:00","0000-00-00 00:00:00");
INSERT INTO examinations VALUES("1980","2012","235","2053","24","0","17","0000-00-00 00:00:00","0000-00-00 00:00:00");
INSERT INTO examinations VALUES("1981","2012","235","2053","25","0","10","0000-00-00 00:00:00","0000-00-00 00:00:00");
INSERT INTO examinations VALUES("1982","2012","235","2053","17","0","35","0000-00-00 00:00:00","0000-00-00 00:00:00");
INSERT INTO examinations VALUES("1983","2012","231","2053","24","0","13","0000-00-00 00:00:00","0000-00-00 00:00:00");
INSERT INTO examinations VALUES("1984","2012","231","2053","25","0","10","0000-00-00 00:00:00","0000-00-00 00:00:00");
INSERT INTO examinations VALUES("1985","2012","231","2053","17","0","34","0000-00-00 00:00:00","0000-00-00 00:00:00");
INSERT INTO examinations VALUES("1986","2012","230","2053","24","0","8","0000-00-00 00:00:00","0000-00-00 00:00:00");
INSERT INTO examinations VALUES("1987","2012","230","2053","25","0","12","0000-00-00 00:00:00","0000-00-00 00:00:00");
INSERT INTO examinations VALUES("1988","2012","230","2053","17","0","46","0000-00-00 00:00:00","0000-00-00 00:00:00");
INSERT INTO examinations VALUES("1989","2012","249","2053","24","0","15","0000-00-00 00:00:00","0000-00-00 00:00:00");
INSERT INTO examinations VALUES("1990","2012","249","2053","25","0","10","0000-00-00 00:00:00","0000-00-00 00:00:00");
INSERT INTO examinations VALUES("1991","2012","249","2053","17","0","37","0000-00-00 00:00:00","0000-00-00 00:00:00");
INSERT INTO examinations VALUES("1992","2012","236","2053","24","0","11","0000-00-00 00:00:00","0000-00-00 00:00:00");
INSERT INTO examinations VALUES("1993","2012","236","2053","25","0","14","0000-00-00 00:00:00","0000-00-00 00:00:00");
INSERT INTO examinations VALUES("1994","2012","236","2053","17","0","40","0000-00-00 00:00:00","0000-00-00 00:00:00");
INSERT INTO examinations VALUES("1995","2012","250","2053","24","0","12","0000-00-00 00:00:00","0000-00-00 00:00:00");
INSERT INTO examinations VALUES("1996","2012","250","2053","25","0","16","0000-00-00 00:00:00","0000-00-00 00:00:00");
INSERT INTO examinations VALUES("1997","2012","250","2053","17","0","30","0000-00-00 00:00:00","0000-00-00 00:00:00");
INSERT INTO examinations VALUES("1998","2012","227","2054","24","0","16","0000-00-00 00:00:00","0000-00-00 00:00:00");
INSERT INTO examinations VALUES("1999","2012","227","2054","25","0","10","0000-00-00 00:00:00","0000-00-00 00:00:00");
INSERT INTO examinations VALUES("2000","2012","227","2054","17","0","33","0000-00-00 00:00:00","0000-00-00 00:00:00");
INSERT INTO examinations VALUES("2001","2012","228","2054","24","0","6","0000-00-00 00:00:00","0000-00-00 00:00:00");
INSERT INTO examinations VALUES("2002","2012","228","2054","25","0","15","0000-00-00 00:00:00","0000-00-00 00:00:00");
INSERT INTO examinations VALUES("2003","2012","228","2054","17","0","37","0000-00-00 00:00:00","0000-00-00 00:00:00");
INSERT INTO examinations VALUES("2004","2012","234","2054","24","0","10","0000-00-00 00:00:00","0000-00-00 00:00:00");
INSERT INTO examinations VALUES("2005","2012","234","2054","25","0","9","0000-00-00 00:00:00","0000-00-00 00:00:00");
INSERT INTO examinations VALUES("2006","2012","234","2054","17","0","45","0000-00-00 00:00:00","0000-00-00 00:00:00");
INSERT INTO examinations VALUES("2007","2012","229","2054","24","0","13","0000-00-00 00:00:00","0000-00-00 00:00:00");
INSERT INTO examinations VALUES("2008","2012","229","2054","25","0","15","0000-00-00 00:00:00","0000-00-00 00:00:00");
INSERT INTO examinations VALUES("2009","2012","229","2054","17","0","43","0000-00-00 00:00:00","0000-00-00 00:00:00");
INSERT INTO examinations VALUES("2010","2012","240","2054","24","0","17","0000-00-00 00:00:00","0000-00-00 00:00:00");
INSERT INTO examinations VALUES("2011","2012","240","2054","25","0","16","0000-00-00 00:00:00","0000-00-00 00:00:00");
INSERT INTO examinations VALUES("2012","2012","240","2054","17","0","49","0000-00-00 00:00:00","0000-00-00 00:00:00");
INSERT INTO examinations VALUES("2013","2012","237","2054","24","0","12","0000-00-00 00:00:00","0000-00-00 00:00:00");
INSERT INTO examinations VALUES("2014","2012","237","2054","25","0","9","0000-00-00 00:00:00","0000-00-00 00:00:00");
INSERT INTO examinations VALUES("2015","2012","237","2054","17","0","37","0000-00-00 00:00:00","0000-00-00 00:00:00");
INSERT INTO examinations VALUES("2016","2012","238","2054","24","0","12","0000-00-00 00:00:00","0000-00-00 00:00:00");
INSERT INTO examinations VALUES("2017","2012","238","2054","25","0","10","0000-00-00 00:00:00","0000-00-00 00:00:00");
INSERT INTO examinations VALUES("2018","2012","238","2054","17","0","40","0000-00-00 00:00:00","0000-00-00 00:00:00");
INSERT INTO examinations VALUES("2019","2012","239","2054","24","0","16","0000-00-00 00:00:00","0000-00-00 00:00:00");
INSERT INTO examinations VALUES("2020","2012","239","2054","25","0","10","0000-00-00 00:00:00","0000-00-00 00:00:00");
INSERT INTO examinations VALUES("2021","2012","239","2054","17","0","37","0000-00-00 00:00:00","0000-00-00 00:00:00");
INSERT INTO examinations VALUES("2022","2012","241","2054","24","0","10","0000-00-00 00:00:00","0000-00-00 00:00:00");
INSERT INTO examinations VALUES("2023","2012","241","2054","25","0","14","0000-00-00 00:00:00","0000-00-00 00:00:00");
INSERT INTO examinations VALUES("2024","2012","241","2054","17","0","37","0000-00-00 00:00:00","0000-00-00 00:00:00");
INSERT INTO examinations VALUES("2025","2012","244","2054","24","0","15","0000-00-00 00:00:00","0000-00-00 00:00:00");
INSERT INTO examinations VALUES("2026","2012","244","2054","25","0","13","0000-00-00 00:00:00","0000-00-00 00:00:00");
INSERT INTO examinations VALUES("2027","2012","244","2054","17","0","43","0000-00-00 00:00:00","0000-00-00 00:00:00");
INSERT INTO examinations VALUES("2028","2012","232","2054","24","0","17","0000-00-00 00:00:00","0000-00-00 00:00:00");
INSERT INTO examinations VALUES("2029","2012","232","2054","25","0","12","0000-00-00 00:00:00","0000-00-00 00:00:00");
INSERT INTO examinations VALUES("2030","2012","232","2054","17","0","45","0000-00-00 00:00:00","0000-00-00 00:00:00");
INSERT INTO examinations VALUES("2031","2012","233","2054","24","0","20","0000-00-00 00:00:00","0000-00-00 00:00:00");
INSERT INTO examinations VALUES("2032","2012","233","2054","25","0","14","0000-00-00 00:00:00","0000-00-00 00:00:00");
INSERT INTO examinations VALUES("2033","2012","233","2054","17","0","26","0000-00-00 00:00:00","0000-00-00 00:00:00");
INSERT INTO examinations VALUES("2034","2012","242","2054","24","0","14","0000-00-00 00:00:00","0000-00-00 00:00:00");
INSERT INTO examinations VALUES("2035","2012","242","2054","25","0","10","0000-00-00 00:00:00","0000-00-00 00:00:00");
INSERT INTO examinations VALUES("2036","2012","242","2054","17","0","40","0000-00-00 00:00:00","0000-00-00 00:00:00");
INSERT INTO examinations VALUES("2037","2012","243","2054","24","0","20","0000-00-00 00:00:00","0000-00-00 00:00:00");
INSERT INTO examinations VALUES("2038","2012","243","2054","25","0","15","0000-00-00 00:00:00","0000-00-00 00:00:00");
INSERT INTO examinations VALUES("2039","2012","243","2054","17","0","34","0000-00-00 00:00:00","0000-00-00 00:00:00");
INSERT INTO examinations VALUES("2040","2012","235","2054","24","0","13","0000-00-00 00:00:00","0000-00-00 00:00:00");
INSERT INTO examinations VALUES("2041","2012","235","2054","25","0","13","0000-00-00 00:00:00","0000-00-00 00:00:00");
INSERT INTO examinations VALUES("2042","2012","235","2054","17","0","43","0000-00-00 00:00:00","0000-00-00 00:00:00");
INSERT INTO examinations VALUES("2043","2012","231","2054","24","0","14","0000-00-00 00:00:00","0000-00-00 00:00:00");
INSERT INTO examinations VALUES("2044","2012","231","2054","25","0","13","0000-00-00 00:00:00","0000-00-00 00:00:00");
INSERT INTO examinations VALUES("2045","2012","231","2054","17","0","46","0000-00-00 00:00:00","0000-00-00 00:00:00");
INSERT INTO examinations VALUES("2046","2012","230","2054","24","0","20","0000-00-00 00:00:00","0000-00-00 00:00:00");
INSERT INTO examinations VALUES("2047","2012","230","2054","25","0","14","0000-00-00 00:00:00","0000-00-00 00:00:00");
INSERT INTO examinations VALUES("2048","2012","230","2054","17","0","60","0000-00-00 00:00:00","0000-00-00 00:00:00");
INSERT INTO examinations VALUES("2049","2012","249","2054","24","0","20","0000-00-00 00:00:00","0000-00-00 00:00:00");
INSERT INTO examinations VALUES("2050","2012","249","2054","25","0","16","0000-00-00 00:00:00","0000-00-00 00:00:00");
INSERT INTO examinations VALUES("2051","2012","249","2054","17","0","43","0000-00-00 00:00:00","0000-00-00 00:00:00");
INSERT INTO examinations VALUES("2052","2012","236","2054","24","0","12","0000-00-00 00:00:00","0000-00-00 00:00:00");
INSERT INTO examinations VALUES("2053","2012","236","2054","25","0","15","0000-00-00 00:00:00","0000-00-00 00:00:00");
INSERT INTO examinations VALUES("2054","2012","236","2054","17","0","42","0000-00-00 00:00:00","0000-00-00 00:00:00");
INSERT INTO examinations VALUES("2055","2012","250","2054","24","0","16","0000-00-00 00:00:00","0000-00-00 00:00:00");
INSERT INTO examinations VALUES("2056","2012","250","2054","25","0","17","0000-00-00 00:00:00","0000-00-00 00:00:00");
INSERT INTO examinations VALUES("2057","2012","250","2054","17","0","45","0000-00-00 00:00:00","0000-00-00 00:00:00");
INSERT INTO examinations VALUES("2058","2009","209","2041","26","0","20","0000-00-00 00:00:00","0000-00-00 00:00:00");
INSERT INTO examinations VALUES("2059","2009","209","2041","27","0","18","0000-00-00 00:00:00","0000-00-00 00:00:00");
INSERT INTO examinations VALUES("2060","2009","209","2041","18","0","50","0000-00-00 00:00:00","2016-07-06 22:18:48");
INSERT INTO examinations VALUES("2061","2009","210","2041","26","0","18","0000-00-00 00:00:00","0000-00-00 00:00:00");
INSERT INTO examinations VALUES("2062","2009","210","2041","27","0","20","0000-00-00 00:00:00","0000-00-00 00:00:00");
INSERT INTO examinations VALUES("2063","2009","210","2041","18","0","55","0000-00-00 00:00:00","0000-00-00 00:00:00");
INSERT INTO examinations VALUES("2064","2009","216","2041","26","0","20","0000-00-00 00:00:00","0000-00-00 00:00:00");
INSERT INTO examinations VALUES("2065","2009","216","2041","27","0","20","0000-00-00 00:00:00","0000-00-00 00:00:00");
INSERT INTO examinations VALUES("2066","2009","216","2041","18","0","59","0000-00-00 00:00:00","0000-00-00 00:00:00");
INSERT INTO examinations VALUES("2067","2009","211","2041","26","0","20","0000-00-00 00:00:00","0000-00-00 00:00:00");
INSERT INTO examinations VALUES("2068","2009","211","2041","27","0","20","0000-00-00 00:00:00","0000-00-00 00:00:00");
INSERT INTO examinations VALUES("2069","2009","211","2041","18","0","59","0000-00-00 00:00:00","0000-00-00 00:00:00");
INSERT INTO examinations VALUES("2070","2009","222","2041","26","0","20","0000-00-00 00:00:00","0000-00-00 00:00:00");
INSERT INTO examinations VALUES("2071","2009","222","2041","27","0","20","0000-00-00 00:00:00","0000-00-00 00:00:00");
INSERT INTO examinations VALUES("2072","2009","222","2041","18","0","59","0000-00-00 00:00:00","0000-00-00 00:00:00");
INSERT INTO examinations VALUES("2073","2009","219","2041","26","0","20","0000-00-00 00:00:00","0000-00-00 00:00:00");
INSERT INTO examinations VALUES("2074","2009","219","2041","27","0","20","0000-00-00 00:00:00","0000-00-00 00:00:00");
INSERT INTO examinations VALUES("2075","2009","219","2041","18","0","60","0000-00-00 00:00:00","0000-00-00 00:00:00");
INSERT INTO examinations VALUES("2076","2009","220","2041","26","0","18","0000-00-00 00:00:00","0000-00-00 00:00:00");
INSERT INTO examinations VALUES("2077","2009","220","2041","27","0","16","0000-00-00 00:00:00","0000-00-00 00:00:00");
INSERT INTO examinations VALUES("2078","2009","220","2041","18","0","55","0000-00-00 00:00:00","0000-00-00 00:00:00");
INSERT INTO examinations VALUES("2079","2009","221","2041","26","0","14","0000-00-00 00:00:00","0000-00-00 00:00:00");
INSERT INTO examinations VALUES("2080","2009","221","2041","27","0","20","0000-00-00 00:00:00","0000-00-00 00:00:00");
INSERT INTO examinations VALUES("2081","2009","221","2041","18","0","56","0000-00-00 00:00:00","0000-00-00 00:00:00");
INSERT INTO examinations VALUES("2082","2009","223","2041","26","0","20","0000-00-00 00:00:00","0000-00-00 00:00:00");
INSERT INTO examinations VALUES("2083","2009","223","2041","27","0","18","0000-00-00 00:00:00","0000-00-00 00:00:00");
INSERT INTO examinations VALUES("2084","2009","223","2041","18","0","52","0000-00-00 00:00:00","0000-00-00 00:00:00");
INSERT INTO examinations VALUES("2085","2009","226","2041","26","0","20","0000-00-00 00:00:00","0000-00-00 00:00:00");
INSERT INTO examinations VALUES("2086","2009","226","2041","27","0","20","0000-00-00 00:00:00","0000-00-00 00:00:00");
INSERT INTO examinations VALUES("2087","2009","226","2041","18","0","58","0000-00-00 00:00:00","0000-00-00 00:00:00");
INSERT INTO examinations VALUES("2088","2009","214","2041","26","0","20","0000-00-00 00:00:00","0000-00-00 00:00:00");
INSERT INTO examinations VALUES("2089","2009","214","2041","27","0","20","0000-00-00 00:00:00","0000-00-00 00:00:00");
INSERT INTO examinations VALUES("2090","2009","214","2041","18","0","55","0000-00-00 00:00:00","0000-00-00 00:00:00");
INSERT INTO examinations VALUES("2091","2009","215","2041","26","0","14","0000-00-00 00:00:00","0000-00-00 00:00:00");
INSERT INTO examinations VALUES("2092","2009","215","2041","27","0","18","0000-00-00 00:00:00","0000-00-00 00:00:00");
INSERT INTO examinations VALUES("2093","2009","215","2041","18","0","51","0000-00-00 00:00:00","0000-00-00 00:00:00");
INSERT INTO examinations VALUES("2094","2009","224","2041","26","0","20","0000-00-00 00:00:00","0000-00-00 00:00:00");
INSERT INTO examinations VALUES("2095","2009","224","2041","27","0","16","0000-00-00 00:00:00","0000-00-00 00:00:00");
INSERT INTO examinations VALUES("2096","2009","224","2041","18","0","59","0000-00-00 00:00:00","0000-00-00 00:00:00");
INSERT INTO examinations VALUES("2097","2009","225","2041","26","0","18","0000-00-00 00:00:00","0000-00-00 00:00:00");
INSERT INTO examinations VALUES("2098","2009","225","2041","27","0","20","0000-00-00 00:00:00","0000-00-00 00:00:00");
INSERT INTO examinations VALUES("2099","2009","225","2041","18","0","52","0000-00-00 00:00:00","0000-00-00 00:00:00");
INSERT INTO examinations VALUES("2100","2009","217","2041","26","0","20","0000-00-00 00:00:00","0000-00-00 00:00:00");
INSERT INTO examinations VALUES("2101","2009","217","2041","27","0","20","0000-00-00 00:00:00","0000-00-00 00:00:00");
INSERT INTO examinations VALUES("2102","2009","217","2041","18","0","59","0000-00-00 00:00:00","0000-00-00 00:00:00");
INSERT INTO examinations VALUES("2103","2009","213","2041","26","0","18","0000-00-00 00:00:00","0000-00-00 00:00:00");
INSERT INTO examinations VALUES("2104","2009","213","2041","27","0","20","0000-00-00 00:00:00","0000-00-00 00:00:00");
INSERT INTO examinations VALUES("2105","2009","213","2041","18","0","53","0000-00-00 00:00:00","0000-00-00 00:00:00");
INSERT INTO examinations VALUES("2106","2009","212","2041","26","0","12","0000-00-00 00:00:00","0000-00-00 00:00:00");
INSERT INTO examinations VALUES("2107","2009","212","2041","27","0","18","0000-00-00 00:00:00","0000-00-00 00:00:00");
INSERT INTO examinations VALUES("2108","2009","212","2041","18","0","56","0000-00-00 00:00:00","0000-00-00 00:00:00");
INSERT INTO examinations VALUES("2109","2009","251","2041","26","0","10","0000-00-00 00:00:00","0000-00-00 00:00:00");
INSERT INTO examinations VALUES("2110","2009","251","2041","27","0","15","0000-00-00 00:00:00","0000-00-00 00:00:00");
INSERT INTO examinations VALUES("2111","2009","251","2041","18","0","56","0000-00-00 00:00:00","0000-00-00 00:00:00");
INSERT INTO examinations VALUES("2112","2009","218","2041","26","0","18","0000-00-00 00:00:00","0000-00-00 00:00:00");
INSERT INTO examinations VALUES("2113","2009","218","2041","27","0","18","0000-00-00 00:00:00","0000-00-00 00:00:00");
INSERT INTO examinations VALUES("2114","2009","218","2041","18","0","52","0000-00-00 00:00:00","0000-00-00 00:00:00");
INSERT INTO examinations VALUES("2115","2009","252","2041","26","0","20","0000-00-00 00:00:00","0000-00-00 00:00:00");
INSERT INTO examinations VALUES("2116","2009","252","2041","27","0","20","0000-00-00 00:00:00","0000-00-00 00:00:00");
INSERT INTO examinations VALUES("2117","2009","252","2041","18","0","57","0000-00-00 00:00:00","0000-00-00 00:00:00");
INSERT INTO examinations VALUES("2118","2009","209","2064","26","0","14","0000-00-00 00:00:00","0000-00-00 00:00:00");
INSERT INTO examinations VALUES("2119","2009","209","2064","27","0","12","0000-00-00 00:00:00","0000-00-00 00:00:00");
INSERT INTO examinations VALUES("2120","2009","209","2064","18","0","30","0000-00-00 00:00:00","0000-00-00 00:00:00");
INSERT INTO examinations VALUES("2121","2009","210","2064","26","0","8","0000-00-00 00:00:00","2016-07-06 22:41:08");
INSERT INTO examinations VALUES("2122","2009","210","2064","27","0","14","0000-00-00 00:00:00","0000-00-00 00:00:00");
INSERT INTO examinations VALUES("2123","2009","210","2064","18","0","35","0000-00-00 00:00:00","0000-00-00 00:00:00");
INSERT INTO examinations VALUES("2124","2009","216","2064","26","0","16","0000-00-00 00:00:00","0000-00-00 00:00:00");
INSERT INTO examinations VALUES("2125","2009","216","2064","27","0","11","0000-00-00 00:00:00","0000-00-00 00:00:00");
INSERT INTO examinations VALUES("2126","2009","216","2064","18","0","41","0000-00-00 00:00:00","0000-00-00 00:00:00");
INSERT INTO examinations VALUES("2127","2009","211","2064","26","0","12","0000-00-00 00:00:00","0000-00-00 00:00:00");
INSERT INTO examinations VALUES("2128","2009","211","2064","27","0","16","0000-00-00 00:00:00","0000-00-00 00:00:00");
INSERT INTO examinations VALUES("2129","2009","211","2064","18","0","43","0000-00-00 00:00:00","0000-00-00 00:00:00");
INSERT INTO examinations VALUES("2130","2009","222","2064","26","0","12","0000-00-00 00:00:00","0000-00-00 00:00:00");
INSERT INTO examinations VALUES("2131","2009","222","2064","27","0","14","0000-00-00 00:00:00","0000-00-00 00:00:00");
INSERT INTO examinations VALUES("2132","2009","222","2064","18","0","38","0000-00-00 00:00:00","0000-00-00 00:00:00");
INSERT INTO examinations VALUES("2133","2009","219","2064","26","0","16","0000-00-00 00:00:00","0000-00-00 00:00:00");
INSERT INTO examinations VALUES("2134","2009","219","2064","27","0","18","0000-00-00 00:00:00","0000-00-00 00:00:00");
INSERT INTO examinations VALUES("2135","2009","219","2064","18","0","39","0000-00-00 00:00:00","0000-00-00 00:00:00");
INSERT INTO examinations VALUES("2136","2009","220","2064","26","0","14","0000-00-00 00:00:00","0000-00-00 00:00:00");
INSERT INTO examinations VALUES("2137","2009","220","2064","27","0","15","0000-00-00 00:00:00","0000-00-00 00:00:00");
INSERT INTO examinations VALUES("2138","2009","220","2064","18","0","40","0000-00-00 00:00:00","0000-00-00 00:00:00");
INSERT INTO examinations VALUES("2139","2009","221","2064","26","0","14","0000-00-00 00:00:00","0000-00-00 00:00:00");
INSERT INTO examinations VALUES("2140","2009","221","2064","27","0","14","0000-00-00 00:00:00","0000-00-00 00:00:00");
INSERT INTO examinations VALUES("2141","2009","221","2064","18","0","27","0000-00-00 00:00:00","0000-00-00 00:00:00");
INSERT INTO examinations VALUES("2142","2009","223","2064","26","0","12","0000-00-00 00:00:00","0000-00-00 00:00:00");
INSERT INTO examinations VALUES("2143","2009","223","2064","27","0","8","0000-00-00 00:00:00","0000-00-00 00:00:00");
INSERT INTO examinations VALUES("2144","2009","223","2064","18","0","43","0000-00-00 00:00:00","0000-00-00 00:00:00");
INSERT INTO examinations VALUES("2145","2009","226","2064","26","0","12","0000-00-00 00:00:00","0000-00-00 00:00:00");
INSERT INTO examinations VALUES("2146","2009","226","2064","27","0","15","0000-00-00 00:00:00","0000-00-00 00:00:00");
INSERT INTO examinations VALUES("2147","2009","226","2064","18","0","41","0000-00-00 00:00:00","0000-00-00 00:00:00");
INSERT INTO examinations VALUES("2148","2009","214","2064","26","0","13","0000-00-00 00:00:00","0000-00-00 00:00:00");
INSERT INTO examinations VALUES("2149","2009","214","2064","27","0","16","0000-00-00 00:00:00","0000-00-00 00:00:00");
INSERT INTO examinations VALUES("2150","2009","214","2064","18","0","35","0000-00-00 00:00:00","0000-00-00 00:00:00");
INSERT INTO examinations VALUES("2151","2009","215","2064","26","0","8","0000-00-00 00:00:00","0000-00-00 00:00:00");
INSERT INTO examinations VALUES("2152","2009","215","2064","27","0","4","0000-00-00 00:00:00","0000-00-00 00:00:00");
INSERT INTO examinations VALUES("2153","2009","215","2064","18","0","12","0000-00-00 00:00:00","0000-00-00 00:00:00");
INSERT INTO examinations VALUES("2154","2009","224","2064","26","0","12","0000-00-00 00:00:00","0000-00-00 00:00:00");
INSERT INTO examinations VALUES("2155","2009","224","2064","27","0","11","0000-00-00 00:00:00","0000-00-00 00:00:00");
INSERT INTO examinations VALUES("2156","2009","224","2064","18","0","43","0000-00-00 00:00:00","0000-00-00 00:00:00");
INSERT INTO examinations VALUES("2157","2009","225","2064","26","0","4","0000-00-00 00:00:00","0000-00-00 00:00:00");
INSERT INTO examinations VALUES("2158","2009","225","2064","27","0","8","0000-00-00 00:00:00","0000-00-00 00:00:00");
INSERT INTO examinations VALUES("2159","2009","225","2064","18","0","34","0000-00-00 00:00:00","0000-00-00 00:00:00");
INSERT INTO examinations VALUES("2160","2009","217","2064","26","0","8","0000-00-00 00:00:00","0000-00-00 00:00:00");
INSERT INTO examinations VALUES("2161","2009","217","2064","27","0","11","0000-00-00 00:00:00","0000-00-00 00:00:00");
INSERT INTO examinations VALUES("2162","2009","217","2064","18","0","42","0000-00-00 00:00:00","0000-00-00 00:00:00");
INSERT INTO examinations VALUES("2163","2009","213","2064","26","0","13","0000-00-00 00:00:00","0000-00-00 00:00:00");
INSERT INTO examinations VALUES("2164","2009","213","2064","27","0","10","0000-00-00 00:00:00","0000-00-00 00:00:00");
INSERT INTO examinations VALUES("2165","2009","213","2064","18","0","32","0000-00-00 00:00:00","0000-00-00 00:00:00");
INSERT INTO examinations VALUES("2166","2009","212","2064","26","0","6","0000-00-00 00:00:00","0000-00-00 00:00:00");
INSERT INTO examinations VALUES("2167","2009","212","2064","27","0","11","0000-00-00 00:00:00","0000-00-00 00:00:00");
INSERT INTO examinations VALUES("2168","2009","212","2064","18","0","42","0000-00-00 00:00:00","0000-00-00 00:00:00");
INSERT INTO examinations VALUES("2169","2009","251","2064","26","0","5","0000-00-00 00:00:00","0000-00-00 00:00:00");
INSERT INTO examinations VALUES("2170","2009","251","2064","27","0","10","0000-00-00 00:00:00","0000-00-00 00:00:00");
INSERT INTO examinations VALUES("2171","2009","251","2064","18","0","18","0000-00-00 00:00:00","0000-00-00 00:00:00");
INSERT INTO examinations VALUES("2172","2009","218","2064","26","0","14","0000-00-00 00:00:00","0000-00-00 00:00:00");
INSERT INTO examinations VALUES("2173","2009","218","2064","27","0","8","0000-00-00 00:00:00","0000-00-00 00:00:00");
INSERT INTO examinations VALUES("2174","2009","218","2064","18","0","30","0000-00-00 00:00:00","0000-00-00 00:00:00");
INSERT INTO examinations VALUES("2175","2009","252","2064","26","0","10","0000-00-00 00:00:00","0000-00-00 00:00:00");
INSERT INTO examinations VALUES("2176","2009","252","2064","27","0","14","0000-00-00 00:00:00","0000-00-00 00:00:00");
INSERT INTO examinations VALUES("2177","2009","252","2064","18","0","48","0000-00-00 00:00:00","0000-00-00 00:00:00");
INSERT INTO examinations VALUES("2178","2009","209","2055","26","0","16","0000-00-00 00:00:00","0000-00-00 00:00:00");
INSERT INTO examinations VALUES("2179","2009","209","2055","27","0","14","0000-00-00 00:00:00","0000-00-00 00:00:00");
INSERT INTO examinations VALUES("2180","2009","209","2055","18","0","27","0000-00-00 00:00:00","0000-00-00 00:00:00");
INSERT INTO examinations VALUES("2181","2009","210","2055","26","0","8","0000-00-00 00:00:00","0000-00-00 00:00:00");
INSERT INTO examinations VALUES("2182","2009","210","2055","27","0","14","0000-00-00 00:00:00","0000-00-00 00:00:00");
INSERT INTO examinations VALUES("2183","2009","210","2055","18","0","23","0000-00-00 00:00:00","0000-00-00 00:00:00");
INSERT INTO examinations VALUES("2184","2009","216","2055","26","0","8","0000-00-00 00:00:00","0000-00-00 00:00:00");
INSERT INTO examinations VALUES("2185","2009","216","2055","27","0","4","0000-00-00 00:00:00","0000-00-00 00:00:00");
INSERT INTO examinations VALUES("2186","2009","216","2055","18","0","20","0000-00-00 00:00:00","0000-00-00 00:00:00");
INSERT INTO examinations VALUES("2187","2009","211","2055","26","0","14","0000-00-00 00:00:00","0000-00-00 00:00:00");
INSERT INTO examinations VALUES("2188","2009","211","2055","27","0","14","0000-00-00 00:00:00","0000-00-00 00:00:00");
INSERT INTO examinations VALUES("2189","2009","211","2055","18","0","25","0000-00-00 00:00:00","0000-00-00 00:00:00");
INSERT INTO examinations VALUES("2190","2009","222","2055","26","0","10","0000-00-00 00:00:00","0000-00-00 00:00:00");
INSERT INTO examinations VALUES("2191","2009","222","2055","27","0","12","0000-00-00 00:00:00","0000-00-00 00:00:00");
INSERT INTO examinations VALUES("2192","2009","222","2055","18","0","44","0000-00-00 00:00:00","0000-00-00 00:00:00");
INSERT INTO examinations VALUES("2193","2009","219","2055","26","0","16","0000-00-00 00:00:00","0000-00-00 00:00:00");
INSERT INTO examinations VALUES("2194","2009","219","2055","27","0","15","0000-00-00 00:00:00","0000-00-00 00:00:00");
INSERT INTO examinations VALUES("2195","2009","219","2055","18","0","44","0000-00-00 00:00:00","0000-00-00 00:00:00");
INSERT INTO examinations VALUES("2196","2009","220","2055","26","0","16","0000-00-00 00:00:00","0000-00-00 00:00:00");
INSERT INTO examinations VALUES("2197","2009","220","2055","27","0","10","0000-00-00 00:00:00","0000-00-00 00:00:00");
INSERT INTO examinations VALUES("2198","2009","220","2055","18","0","32","0000-00-00 00:00:00","0000-00-00 00:00:00");
INSERT INTO examinations VALUES("2199","2009","221","2055","26","0","14","0000-00-00 00:00:00","0000-00-00 00:00:00");
INSERT INTO examinations VALUES("2200","2009","221","2055","27","0","10","0000-00-00 00:00:00","0000-00-00 00:00:00");
INSERT INTO examinations VALUES("2201","2009","221","2055","18","0","36","0000-00-00 00:00:00","0000-00-00 00:00:00");
INSERT INTO examinations VALUES("2202","2009","223","2055","26","0","12","0000-00-00 00:00:00","0000-00-00 00:00:00");
INSERT INTO examinations VALUES("2203","2009","223","2055","27","0","4","0000-00-00 00:00:00","0000-00-00 00:00:00");
INSERT INTO examinations VALUES("2204","2009","223","2055","18","0","24","0000-00-00 00:00:00","0000-00-00 00:00:00");
INSERT INTO examinations VALUES("2205","2009","226","2055","26","0","4","0000-00-00 00:00:00","0000-00-00 00:00:00");
INSERT INTO examinations VALUES("2206","2009","226","2055","27","0","6","0000-00-00 00:00:00","0000-00-00 00:00:00");
INSERT INTO examinations VALUES("2207","2009","226","2055","18","0","36","0000-00-00 00:00:00","0000-00-00 00:00:00");
INSERT INTO examinations VALUES("2208","2009","214","2055","26","0","16","0000-00-00 00:00:00","0000-00-00 00:00:00");
INSERT INTO examinations VALUES("2209","2009","214","2055","27","0","8","0000-00-00 00:00:00","0000-00-00 00:00:00");
INSERT INTO examinations VALUES("2210","2009","214","2055","18","0","31","0000-00-00 00:00:00","0000-00-00 00:00:00");
INSERT INTO examinations VALUES("2211","2009","215","2055","26","0","10","0000-00-00 00:00:00","0000-00-00 00:00:00");
INSERT INTO examinations VALUES("2212","2009","215","2055","27","0","12","0000-00-00 00:00:00","0000-00-00 00:00:00");
INSERT INTO examinations VALUES("2213","2009","215","2055","18","0","15","0000-00-00 00:00:00","0000-00-00 00:00:00");
INSERT INTO examinations VALUES("2214","2009","224","2055","26","0","16","0000-00-00 00:00:00","0000-00-00 00:00:00");
INSERT INTO examinations VALUES("2215","2009","224","2055","27","0","13","0000-00-00 00:00:00","0000-00-00 00:00:00");
INSERT INTO examinations VALUES("2216","2009","224","2055","18","0","25","0000-00-00 00:00:00","0000-00-00 00:00:00");
INSERT INTO examinations VALUES("2217","2009","225","2055","26","0","2","0000-00-00 00:00:00","0000-00-00 00:00:00");
INSERT INTO examinations VALUES("2218","2009","225","2055","27","0","4","0000-00-00 00:00:00","0000-00-00 00:00:00");
INSERT INTO examinations VALUES("2219","2009","225","2055","18","0","23","0000-00-00 00:00:00","0000-00-00 00:00:00");
INSERT INTO examinations VALUES("2220","2009","217","2055","26","0","10","0000-00-00 00:00:00","0000-00-00 00:00:00");
INSERT INTO examinations VALUES("2221","2009","217","2055","27","0","10","0000-00-00 00:00:00","0000-00-00 00:00:00");
INSERT INTO examinations VALUES("2222","2009","217","2055","18","0","34","0000-00-00 00:00:00","0000-00-00 00:00:00");
INSERT INTO examinations VALUES("2223","2009","213","2055","26","0","10","0000-00-00 00:00:00","0000-00-00 00:00:00");
INSERT INTO examinations VALUES("2224","2009","213","2055","27","0","10","0000-00-00 00:00:00","0000-00-00 00:00:00");
INSERT INTO examinations VALUES("2225","2009","213","2055","18","0","35","0000-00-00 00:00:00","0000-00-00 00:00:00");
INSERT INTO examinations VALUES("2226","2009","212","2055","26","0","10","0000-00-00 00:00:00","0000-00-00 00:00:00");
INSERT INTO examinations VALUES("2227","2009","212","2055","27","0","16","0000-00-00 00:00:00","0000-00-00 00:00:00");
INSERT INTO examinations VALUES("2228","2009","212","2055","18","0","30","0000-00-00 00:00:00","0000-00-00 00:00:00");
INSERT INTO examinations VALUES("2229","2009","251","2055","26","0","2","0000-00-00 00:00:00","0000-00-00 00:00:00");
INSERT INTO examinations VALUES("2230","2009","251","2055","27","0","5","0000-00-00 00:00:00","0000-00-00 00:00:00");
INSERT INTO examinations VALUES("2231","2009","251","2055","18","0","21","0000-00-00 00:00:00","0000-00-00 00:00:00");
INSERT INTO examinations VALUES("2232","2009","218","2055","26","0","15","0000-00-00 00:00:00","0000-00-00 00:00:00");
INSERT INTO examinations VALUES("2233","2009","218","2055","27","0","11","0000-00-00 00:00:00","0000-00-00 00:00:00");
INSERT INTO examinations VALUES("2234","2009","218","2055","18","0","32","0000-00-00 00:00:00","0000-00-00 00:00:00");
INSERT INTO examinations VALUES("2235","2009","252","2055","26","0","4","0000-00-00 00:00:00","0000-00-00 00:00:00");
INSERT INTO examinations VALUES("2236","2009","252","2055","27","0","8","0000-00-00 00:00:00","0000-00-00 00:00:00");
INSERT INTO examinations VALUES("2237","2009","252","2055","18","0","27","0000-00-00 00:00:00","0000-00-00 00:00:00");
INSERT INTO examinations VALUES("2238","2009","209","2037","26","0","18","0000-00-00 00:00:00","0000-00-00 00:00:00");
INSERT INTO examinations VALUES("2239","2009","209","2037","27","0","14","0000-00-00 00:00:00","0000-00-00 00:00:00");
INSERT INTO examinations VALUES("2240","2009","209","2037","18","0","42","0000-00-00 00:00:00","0000-00-00 00:00:00");
INSERT INTO examinations VALUES("2241","2009","210","2037","26","0","20","0000-00-00 00:00:00","0000-00-00 00:00:00");
INSERT INTO examinations VALUES("2242","2009","210","2037","27","0","20","0000-00-00 00:00:00","0000-00-00 00:00:00");
INSERT INTO examinations VALUES("2243","2009","210","2037","18","0","55","0000-00-00 00:00:00","0000-00-00 00:00:00");
INSERT INTO examinations VALUES("2244","2009","216","2037","26","0","20","0000-00-00 00:00:00","0000-00-00 00:00:00");
INSERT INTO examinations VALUES("2245","2009","216","2037","27","0","17","0000-00-00 00:00:00","0000-00-00 00:00:00");
INSERT INTO examinations VALUES("2246","2009","216","2037","18","0","59","0000-00-00 00:00:00","0000-00-00 00:00:00");
INSERT INTO examinations VALUES("2247","2009","211","2037","26","0","19","0000-00-00 00:00:00","0000-00-00 00:00:00");
INSERT INTO examinations VALUES("2248","2009","211","2037","27","0","20","0000-00-00 00:00:00","0000-00-00 00:00:00");
INSERT INTO examinations VALUES("2249","2009","211","2037","18","0","58","0000-00-00 00:00:00","0000-00-00 00:00:00");
INSERT INTO examinations VALUES("2250","2009","222","2037","26","0","18","0000-00-00 00:00:00","0000-00-00 00:00:00");
INSERT INTO examinations VALUES("2251","2009","222","2037","27","0","20","0000-00-00 00:00:00","0000-00-00 00:00:00");
INSERT INTO examinations VALUES("2252","2009","222","2037","18","0","59","0000-00-00 00:00:00","0000-00-00 00:00:00");
INSERT INTO examinations VALUES("2253","2009","219","2037","26","0","14","0000-00-00 00:00:00","0000-00-00 00:00:00");
INSERT INTO examinations VALUES("2254","2009","219","2037","27","0","20","0000-00-00 00:00:00","0000-00-00 00:00:00");
INSERT INTO examinations VALUES("2255","2009","219","2037","18","0","58","0000-00-00 00:00:00","0000-00-00 00:00:00");
INSERT INTO examinations VALUES("2256","2009","220","2037","26","0","20","0000-00-00 00:00:00","0000-00-00 00:00:00");
INSERT INTO examinations VALUES("2257","2009","220","2037","27","0","15","0000-00-00 00:00:00","0000-00-00 00:00:00");
INSERT INTO examinations VALUES("2258","2009","220","2037","18","0","56","0000-00-00 00:00:00","0000-00-00 00:00:00");
INSERT INTO examinations VALUES("2259","2009","223","2037","26","0","20","0000-00-00 00:00:00","0000-00-00 00:00:00");
INSERT INTO examinations VALUES("2260","2009","223","2037","27","0","16","0000-00-00 00:00:00","0000-00-00 00:00:00");
INSERT INTO examinations VALUES("2261","2009","223","2037","18","0","58","0000-00-00 00:00:00","0000-00-00 00:00:00");
INSERT INTO examinations VALUES("2262","2009","226","2037","26","0","20","0000-00-00 00:00:00","0000-00-00 00:00:00");
INSERT INTO examinations VALUES("2263","2009","226","2037","27","0","18","0000-00-00 00:00:00","0000-00-00 00:00:00");
INSERT INTO examinations VALUES("2264","2009","226","2037","18","0","56","0000-00-00 00:00:00","0000-00-00 00:00:00");
INSERT INTO examinations VALUES("2265","2009","214","2037","26","0","18","0000-00-00 00:00:00","0000-00-00 00:00:00");
INSERT INTO examinations VALUES("2266","2009","214","2037","27","0","18","0000-00-00 00:00:00","0000-00-00 00:00:00");
INSERT INTO examinations VALUES("2267","2009","214","2037","18","0","58","0000-00-00 00:00:00","0000-00-00 00:00:00");
INSERT INTO examinations VALUES("2268","2009","215","2037","26","0","18","0000-00-00 00:00:00","0000-00-00 00:00:00");
INSERT INTO examinations VALUES("2269","2009","215","2037","27","0","20","0000-00-00 00:00:00","0000-00-00 00:00:00");
INSERT INTO examinations VALUES("2270","2009","215","2037","18","0","47","0000-00-00 00:00:00","0000-00-00 00:00:00");
INSERT INTO examinations VALUES("2271","2009","224","2037","26","0","20","0000-00-00 00:00:00","0000-00-00 00:00:00");
INSERT INTO examinations VALUES("2272","2009","224","2037","27","0","14","0000-00-00 00:00:00","0000-00-00 00:00:00");
INSERT INTO examinations VALUES("2273","2009","224","2037","18","0","59","0000-00-00 00:00:00","0000-00-00 00:00:00");
INSERT INTO examinations VALUES("2274","2009","225","2037","26","0","20","0000-00-00 00:00:00","0000-00-00 00:00:00");
INSERT INTO examinations VALUES("2275","2009","225","2037","27","0","18","0000-00-00 00:00:00","0000-00-00 00:00:00");
INSERT INTO examinations VALUES("2276","2009","225","2037","18","0","49","0000-00-00 00:00:00","0000-00-00 00:00:00");
INSERT INTO examinations VALUES("2277","2009","217","2037","26","0","16","0000-00-00 00:00:00","0000-00-00 00:00:00");
INSERT INTO examinations VALUES("2278","2009","217","2037","27","0","15","0000-00-00 00:00:00","0000-00-00 00:00:00");
INSERT INTO examinations VALUES("2279","2009","217","2037","18","0","59","0000-00-00 00:00:00","0000-00-00 00:00:00");
INSERT INTO examinations VALUES("2280","2009","213","2037","26","0","16","0000-00-00 00:00:00","0000-00-00 00:00:00");
INSERT INTO examinations VALUES("2281","2009","213","2037","27","0","14","0000-00-00 00:00:00","0000-00-00 00:00:00");
INSERT INTO examinations VALUES("2282","2009","213","2037","18","0","50","0000-00-00 00:00:00","0000-00-00 00:00:00");
INSERT INTO examinations VALUES("2283","2009","212","2037","26","0","20","0000-00-00 00:00:00","0000-00-00 00:00:00");
INSERT INTO examinations VALUES("2284","2009","212","2037","27","0","15","0000-00-00 00:00:00","0000-00-00 00:00:00");
INSERT INTO examinations VALUES("2285","2009","212","2037","18","0","52","0000-00-00 00:00:00","0000-00-00 00:00:00");
INSERT INTO examinations VALUES("2286","2009","251","2037","26","0","7","0000-00-00 00:00:00","0000-00-00 00:00:00");
INSERT INTO examinations VALUES("2287","2009","251","2037","27","0","19","0000-00-00 00:00:00","0000-00-00 00:00:00");
INSERT INTO examinations VALUES("2288","2009","251","2037","18","0","47","0000-00-00 00:00:00","0000-00-00 00:00:00");
INSERT INTO examinations VALUES("2289","2009","218","2037","26","0","14","0000-00-00 00:00:00","0000-00-00 00:00:00");
INSERT INTO examinations VALUES("2290","2009","218","2037","27","0","13","0000-00-00 00:00:00","0000-00-00 00:00:00");
INSERT INTO examinations VALUES("2291","2009","218","2037","18","0","31","0000-00-00 00:00:00","0000-00-00 00:00:00");
INSERT INTO examinations VALUES("2292","2009","252","2037","26","0","16","0000-00-00 00:00:00","0000-00-00 00:00:00");
INSERT INTO examinations VALUES("2293","2009","252","2037","27","0","18","0000-00-00 00:00:00","0000-00-00 00:00:00");
INSERT INTO examinations VALUES("2294","2009","252","2037","18","0","57","0000-00-00 00:00:00","0000-00-00 00:00:00");
INSERT INTO examinations VALUES("2295","2006","5","2028","28","0","20","0000-00-00 00:00:00","0000-00-00 00:00:00");
INSERT INTO examinations VALUES("2296","2006","5","2028","29","0","15","0000-00-00 00:00:00","0000-00-00 00:00:00");
INSERT INTO examinations VALUES("2297","2006","5","2028","20","0","50","0000-00-00 00:00:00","0000-00-00 00:00:00");
INSERT INTO examinations VALUES("2298","2006","6","2028","28","0","17","0000-00-00 00:00:00","0000-00-00 00:00:00");
INSERT INTO examinations VALUES("2299","2006","6","2028","29","0","16","0000-00-00 00:00:00","0000-00-00 00:00:00");
INSERT INTO examinations VALUES("2300","2006","6","2028","20","0","48","0000-00-00 00:00:00","0000-00-00 00:00:00");
INSERT INTO examinations VALUES("2301","2006","147","2028","28","0","20","0000-00-00 00:00:00","0000-00-00 00:00:00");
INSERT INTO examinations VALUES("2302","2006","147","2028","29","0","20","0000-00-00 00:00:00","0000-00-00 00:00:00");
INSERT INTO examinations VALUES("2303","2006","147","2028","20","0","54","0000-00-00 00:00:00","0000-00-00 00:00:00");
INSERT INTO examinations VALUES("2304","2006","10","2028","28","0","20","0000-00-00 00:00:00","0000-00-00 00:00:00");
INSERT INTO examinations VALUES("2305","2006","10","2028","29","0","16","0000-00-00 00:00:00","0000-00-00 00:00:00");
INSERT INTO examinations VALUES("2306","2006","10","2028","20","0","52","0000-00-00 00:00:00","0000-00-00 00:00:00");
INSERT INTO examinations VALUES("2307","2006","153","2028","28","0","20","0000-00-00 00:00:00","0000-00-00 00:00:00");
INSERT INTO examinations VALUES("2308","2006","153","2028","29","0","20","0000-00-00 00:00:00","0000-00-00 00:00:00");
INSERT INTO examinations VALUES("2309","2006","153","2028","20","0","56","0000-00-00 00:00:00","0000-00-00 00:00:00");
INSERT INTO examinations VALUES("2310","2006","150","2028","28","0","20","0000-00-00 00:00:00","0000-00-00 00:00:00");
INSERT INTO examinations VALUES("2311","2006","150","2028","29","0","16","0000-00-00 00:00:00","0000-00-00 00:00:00");
INSERT INTO examinations VALUES("2312","2006","150","2028","20","0","49","0000-00-00 00:00:00","0000-00-00 00:00:00");
INSERT INTO examinations VALUES("2313","2006","151","2028","28","0","20","0000-00-00 00:00:00","0000-00-00 00:00:00");
INSERT INTO examinations VALUES("2314","2006","151","2028","29","0","20","0000-00-00 00:00:00","2016-07-06 23:46:30");
INSERT INTO examinations VALUES("2315","2006","151","2028","20","0","49","0000-00-00 00:00:00","0000-00-00 00:00:00");
INSERT INTO examinations VALUES("2316","2006","152","2028","28","0","20","0000-00-00 00:00:00","0000-00-00 00:00:00");
INSERT INTO examinations VALUES("2317","2006","152","2028","29","0","20","0000-00-00 00:00:00","0000-00-00 00:00:00");
INSERT INTO examinations VALUES("2318","2006","152","2028","20","0","48","0000-00-00 00:00:00","0000-00-00 00:00:00");
INSERT INTO examinations VALUES("2319","2006","154","2028","28","0","20","0000-00-00 00:00:00","0000-00-00 00:00:00");
INSERT INTO examinations VALUES("2320","2006","154","2028","29","0","16","0000-00-00 00:00:00","0000-00-00 00:00:00");
INSERT INTO examinations VALUES("2321","2006","154","2028","20","0","50","0000-00-00 00:00:00","0000-00-00 00:00:00");
INSERT INTO examinations VALUES("2322","2006","157","2028","28","0","20","0000-00-00 00:00:00","0000-00-00 00:00:00");
INSERT INTO examinations VALUES("2323","2006","157","2028","29","0","20","0000-00-00 00:00:00","0000-00-00 00:00:00");
INSERT INTO examinations VALUES("2324","2006","157","2028","20","0","34","0000-00-00 00:00:00","0000-00-00 00:00:00");
INSERT INTO examinations VALUES("2325","2006","145","2028","28","0","20","0000-00-00 00:00:00","0000-00-00 00:00:00");
INSERT INTO examinations VALUES("2326","2006","145","2028","29","0","18","0000-00-00 00:00:00","0000-00-00 00:00:00");
INSERT INTO examinations VALUES("2327","2006","145","2028","20","0","50","0000-00-00 00:00:00","0000-00-00 00:00:00");
/*!40000 ALTER TABLE `examinations`  ENABLE KEYS */;
UNLOCK TABLES;




--
-- Table structure for table `authroles`
--
DROP TABLE IF EXISTS list_def;
/*!40101 SET @saved_cs_client     = @@character_set_client */;
/*!40101 SET character_set_client = utf8 */;

CREATE TABLE `list_def` (
  `r_k` int(11) NOT NULL AUTO_INCREMENT,
  `def_id` varchar(45) DEFAULT NULL,
  `val_desc` varchar(100) DEFAULT NULL,
  PRIMARY KEY (`r_k`)
) ENGINE=InnoDB AUTO_INCREMENT=157 DEFAULT CHARSET=utf8;

/*!40101 SET character_set_client = @saved_cs_client */;

--
-- Dumping data for table `authroles`
--
LOCK TABLES `list_def` WRITE;
/*!40000 ALTER TABLE `list_def`  DISABLE KEYS */;
INSERT INTO list_def VALUES("150","00-SEX","Sex");
INSERT INTO list_def VALUES("151","CTC-CTR","Countries");
INSERT INTO list_def VALUES("152","CTC-STA","States");
INSERT INTO list_def VALUES("153","00-STAT","Status");
INSERT INTO list_def VALUES("154","00-TT","Teacher Type");
INSERT INTO list_def VALUES("155","00-SUBJ","Subjects");
INSERT INTO list_def VALUES("156","CLS-SCTN","Class Sections");
/*!40000 ALTER TABLE `list_def`  ENABLE KEYS */;
UNLOCK TABLES;




--
-- Table structure for table `authroles`
--
DROP TABLE IF EXISTS parent;
/*!40101 SET @saved_cs_client     = @@character_set_client */;
/*!40101 SET character_set_client = utf8 */;

CREATE TABLE `parent` (
  `parent_id` int(11) NOT NULL,
  PRIMARY KEY (`parent_id`),
  CONSTRAINT `fk_parent_person1` FOREIGN KEY (`parent_id`) REFERENCES `person` (`person_id`) ON DELETE NO ACTION ON UPDATE NO ACTION
) ENGINE=InnoDB DEFAULT CHARSET=utf8 COMMENT='Describes a student.\nA Parent is a Person\nA Parent has many  /* comment truncated */ /*students*/';

/*!40101 SET character_set_client = @saved_cs_client */;

--
-- Dumping data for table `authroles`
--
LOCK TABLES `parent` WRITE;
/*!40000 ALTER TABLE `parent`  DISABLE KEYS */;
/*!40000 ALTER TABLE `parent`  ENABLE KEYS */;
UNLOCK TABLES;




--
-- Table structure for table `authroles`
--
DROP TABLE IF EXISTS person;
/*!40101 SET @saved_cs_client     = @@character_set_client */;
/*!40101 SET character_set_client = utf8 */;

CREATE TABLE `person` (
  `person_id` int(11) NOT NULL AUTO_INCREMENT,
  `person_type_id` int(11) DEFAULT NULL,
  `f_name` varchar(50) DEFAULT NULL,
  `m_name` varchar(50) DEFAULT NULL,
  `l_name` varchar(50) DEFAULT NULL,
  `email` varchar(150) DEFAULT NULL,
  `username` varchar(50) DEFAULT NULL,
  `p_word` varchar(255) DEFAULT NULL,
  `dob` date DEFAULT NULL,
  `sex` int(11) DEFAULT NULL,
  `phone` varchar(15) DEFAULT NULL,
  `phone2` varchar(15) DEFAULT NULL,
  `pix` varchar(500) DEFAULT NULL,
  `status` tinyint(1) DEFAULT NULL,
  `last_login_ip` varchar(45) DEFAULT NULL,
  `create_date` datetime DEFAULT CURRENT_TIMESTAMP,
  `last_login_date` int(11) DEFAULT NULL,
  PRIMARY KEY (`person_id`)
) ENGINE=InnoDB AUTO_INCREMENT=2065 DEFAULT CHARSET=utf8 COMMENT='Describes a person';

/*!40101 SET character_set_client = @saved_cs_client */;

--
-- Dumping data for table `authroles`
--
LOCK TABLES `person` WRITE;
/*!40000 ALTER TABLE `person`  DISABLE KEYS */;
INSERT INTO person VALUES("2001","1","Admin","Admin","Admin","","admin","$2y$12$hENL2lJlPKSpleydmNI49OndOKE2UQkWxPsvKHoqMNFuhqJR5PNOi","2015-10-08","1","NULL","","","1","","2015-11-10 13:50:09","0");
INSERT INTO person VALUES("2002","3","student","A Name","Hans","","student","$2y$12$zSoRikxbZ1Rx3/1n3Lr5OOk3Z48S6lJiTeOEUf3YfKNP8PRUlZ00S","2009-10-14","1","090909090909","","/assets/images/profiles/1445101268.jpg","0","","2015-11-09 13:50:09","0");
INSERT INTO person VALUES("2011","1","Ajiboye","Adesola","Adetosin","","sola","$2y$12$zSoRikxbZ1Rx3/1n3Lr5OOk3Z48S6lJiTeOEUf3YfKNP8PRUlZ00S","1984-09-14","2","08026656212","","","1","","2015-11-08 13:50:09","0");
INSERT INTO person VALUES("2012","1","AYOMIDE","ADEOLU","DARAMOLA","","ayomide","$2y$10$iSmbc8HYPy09LlSUfKb9Ae3.G6uiVH5jmYc1M0IsjSXLJQhC0vuky","1989-10-09","1","07037392869","","","1","","2015-11-07 13:50:09","0");
INSERT INTO person VALUES("2015","1","Adetutu","Abimbola","Azeez","","abimbola","$2y$10$C6O6fbSkJmzwZH4/jGqWA.YtSCnQuNaAN6FPFS8TGzfniOe/myN2q","1976-03-09","2","08052407484","","","1","","2015-11-05 13:50:09","0");
INSERT INTO person VALUES("2016","1","Ayo","Ayoola","Babatunde","","mrs","","1992-09-09","2","","","","0","","2015-11-04 13:50:09","0");
INSERT INTO person VALUES("2017","1","O","A","Obayan","","obayan","$2y$10$ii/be8jHBc9B7fHE39cwTOlc7vxPvGuU31XQXAomP3tCBWSqZwREa","1987-03-10","2","08023333333","","","0","","2015-11-11 13:50:09","0");
INSERT INTO person VALUES("2018","1","asssf","fefe","df","","assfsf","$2y$10$p9fU.sL0xIPY3GEjOJCjV.92Fthpkhd2dDSUI2gGWYf437/gTmTY2","1999-11-02","1","08023333334","","","0","","2015-11-03 13:50:09","0");
INSERT INTO person VALUES("2025","3","INUMIDUN","IREOLUWA","OKELANA","","ireoluwa","","2007-06-15","2","08026629963","","/assets/images/profiles/1448825540.jpg","1","","2015-11-21 07:54:11","0");
INSERT INTO person VALUES("2026","3","OLAOLUWA","IBUKUNOLUWA","OKELANA","","olaoluwa","","2011-08-30","2","08026629963","","/assets/images/profiles/1448825682.jpg","1","","2015-11-21 07:58:50","0");
INSERT INTO person VALUES("2027","3","DAVID","ANUOLUWAPO","OKELANA","","david","","2013-05-23","1","08026629963","","/assets/images/profiles/1448825815.jpg","1","","2015-11-21 08:06:39","0");
INSERT INTO person VALUES("2028","3","SAMUEL","CHUKWUEMEKE","IJEH","","samuel","","2011-01-17","1","08035786348","","/assets/images/profiles/1448825241.jpg","1","","2015-11-21 08:33:30","0");
INSERT INTO person VALUES("2029","3","SARAH","EBELECHUKWU","IJEH","","sarah","","2013-01-16","2","08035786348","","/assets/images/profiles/1448825970.jpg","1","","2015-11-21 08:41:55","0");
INSERT INTO person VALUES("2030","3","ALADELOBA","DANIEL","AJIBOYE","","aladeloba","","2013-11-26","1","08029433747","","/assets/images/profiles/1448825761.jpg","1","","2015-11-21 08:52:19","0");
INSERT INTO person VALUES("2031","3","BASIT","","OKUBADEJO","","basit","","2013-06-11","1","07058953144","","/assets/images/profiles/1448825848.jpg","1","","2015-11-21 08:57:24","0");
INSERT INTO person VALUES("2032","3","IYANUOLUWA","ELIJAH","ADENUGA","","iyanuoluwa","","2013-09-06","1","07033563633","","/assets/images/profiles/1448825925.jpg","1","","2015-11-21 09:01:12","0");
INSERT INTO person VALUES("2033","3","AMIRAT","","OKUBADEJO","","amirat","","2011-02-25","2","07058953144","","/assets/images/profiles/1448825739.jpg","1","","2015-11-21 09:03:19","0");
INSERT INTO person VALUES("2034","3","NOFISAT","","OKUBADEJO","","nofisat","","2009-01-05","2","07058953144","","/assets/images/profiles/1448825367.jpg","1","","2015-11-21 09:05:09","0");
INSERT INTO person VALUES("2035","3","SAMIHAT","","JIMOH","","samihat","","2001-01-02","2","08089040262","","/assets/images/profiles/1448825296.jpg","1","","2015-11-23 22:45:06","0");
INSERT INTO person VALUES("2036","3","OLATEJU","YAZID","ABDULRASAQ","","olateju","","2011-03-04","1","08023178636","","/assets/images/profiles/1448825202.jpg","1","","2015-11-23 22:51:39","0");
INSERT INTO person VALUES("2037","3","AKOREDE","MIRWAIZ","ABDULRASAQ","","akorede","","2009-01-01","1","08090770444","","/assets/images/profiles/1448825472.jpg","1","","2015-11-26 23:25:10","0");
INSERT INTO person VALUES("2039","3","BABAJIDE","TAMIMU","ABDULRASAQ","","babajide","","2007-07-08","1","08090770444","","/assets/images/profiles/1448825607.jpg","1","","2015-11-26 23:30:49","0");
INSERT INTO person VALUES("2040","3","OGHENEOSIVWE","REJOICE","AGBANOWA","","ogheneosivwe","","2009-05-14","2","08055525073","","/assets/images/profiles/1467698812.jpg","1","","2015-11-26 23:34:39","0");
INSERT INTO person VALUES("2041","3","OLAMIDE","ELIZABETH","OBAYAN","","olamide","","2008-04-26","2","08058900098","","/assets/images/profiles/1448825423.jpg","1","","2015-11-26 23:37:24","0");
INSERT INTO person VALUES("2042","1","FUNMILAYO","OLUYEMI","BABATUNDE","","funmilayo","$2y$10$C2jEDAMNq0RBC/0jDIPWqeWyAfmF4CEtCHoi/1SDqZL9dBlgBP7rm","1975-05-07","2","08123655310","","","1","","2015-11-28 14:58:22","0");
INSERT INTO person VALUES("2043","1","OYINLOLA","","OBAYAN","","oyinlola","$2y$10$e8o8hn7VBKQEqbDrd2kXeeC6ZrK1sGCAiTJPv4eMt.Jz9MZuEQQce","1974-07-05","2","08058900098","","","1","","2015-11-28 15:01:57","0");
INSERT INTO person VALUES("2044","1","OLAJUMOKE","OLUWAFUNMILAYO","OLANIYI","","olajumoke","$2y$10$A/mB5Bk/lInp2quVSdKRau/DHMiYLT1fPcwJa3cWKtoMpSu3Ao3pG","1975-04-20","2","07017344899","","","1","","2015-11-28 15:06:12","0");
INSERT INTO person VALUES("2045","3","RILWAN","OLAMIDE","ADEKUNLE","","rilwan","","2005-08-19","1","08053548124","","/assets/images/profiles/1467699699.jpg","1","","2015-12-05 20:40:34","0");
INSERT INTO person VALUES("2046","3","DAMILOLA","","AKINFESO","","damilola","","2005-04-03","2","08035795930","","/assets/images/profiles/1467699765.jpg","1","","2015-12-05 20:42:20","0");
INSERT INTO person VALUES("2049","3","SULTAN","AYOMIDE","ADEKUNLE","","sultan","","2007-11-11","1","08053548124","","/assets/images/profiles/1467698886.jpg","1","","2015-12-05 22:51:12","0");
INSERT INTO person VALUES("2050","3","SHARON","","MICHEAL","","sharon","","2011-06-26","2","","","/assets/images/profiles/1467700656.jpg","1","","2016-03-23 16:22:50","0");
INSERT INTO person VALUES("2051","3","OLUWAFIREWAMIRI","","BALOGUN","","ire","","2014-04-29","1","08023790892","","/assets/images/profiles/1467700402.jpg","1","","2016-03-23 16:32:35","0");
INSERT INTO person VALUES("2052","3","LILIAN","","SHELU","","lilian","","2008-08-18","2","08163204519","","","1","","2016-03-24 13:36:59","0");
INSERT INTO person VALUES("2053","3","MAGDALENE","","DIAKPOMRERE","","magdalene","","2005-08-17","2","08065113917","","/assets/images/profiles/1467700285.jpg","1","","2016-03-24 17:25:29","0");
INSERT INTO person VALUES("2054","3","MORUFAT","KEHINDE","KEHINDE","","morufat","","2007-05-20","2","08050956315","","/assets/images/profiles/1458836843.jpg","1","","2016-03-24 17:27:23","0");
INSERT INTO person VALUES("2055","3","NATHANIEL","","DIAKPOMRERE","","nathaniel","","2008-02-02","1","","","/assets/images/profiles/1467700174.jpg","1","","2016-03-25 15:43:29","0");
INSERT INTO person VALUES("2056","3","DAMILOLA","","LATEEF","","damilola","","2004-11-02","2","08029582892","","/assets/images/profiles/1467699886.jpg","1","","2016-03-26 16:20:17","0");
INSERT INTO person VALUES("2057","3","AZEEZ","","OLALEKAN","","azeez","","2004-10-03","1","08082866824","","","1","","2016-03-26 16:21:43","0");
INSERT INTO person VALUES("2058","3","SOFIAT","","JIMOH","","sofiat","","2013-07-25","2","080890400262","","/assets/images/profiles/1467700458.jpg","1","","2016-03-28 08:38:59","0");
INSERT INTO person VALUES("2059","3","MICHEAL","","CHUKUKA","","micheal","","2013-05-09","1","08130215362","","","1","","2016-03-28 08:42:37","0");
INSERT INTO person VALUES("2060","3","MOYINOLUWA","","IDOWU","","moyinoluwa","","2014-06-04","2","08131104867","","/assets/images/profiles/1467700542.jpg","1","","2016-03-28 08:45:16","0");
INSERT INTO person VALUES("2061","3","KOREDE","","ADEBOYE","","korede","","2014-02-05","1","07086344841","","/assets/images/profiles/1467700577.jpg","1","","2016-03-28 09:23:47","0");
INSERT INTO person VALUES("2062","3","MERCY","","BABATUNDE","","mercy","","2009-06-10","2","08039304569","","/assets/images/profiles/1467700035.jpg","1","","2016-03-31 20:00:37","0");
INSERT INTO person VALUES("2063","3","VICTORIA","","SHELU","","victoria","","2010-01-13","2","08034741415","","","1","","2016-03-31 20:02:52","0");
INSERT INTO person VALUES("2064","3","BUYIKUNMI","","BALOGUN","","balogunbuyi","","1970-01-01","2","","","","1","","2016-07-06 11:37:55","0");
/*!40000 ALTER TABLE `person`  ENABLE KEYS */;
UNLOCK TABLES;




--
-- Table structure for table `authroles`
--
DROP TABLE IF EXISTS person_type;
/*!40101 SET @saved_cs_client     = @@character_set_client */;
/*!40101 SET character_set_client = utf8 */;

CREATE TABLE `person_type` (
  `person_type_id` int(11) NOT NULL AUTO_INCREMENT,
  `name` varchar(45) DEFAULT NULL,
  `desc` varchar(100) DEFAULT NULL,
  PRIMARY KEY (`person_type_id`)
) ENGINE=InnoDB DEFAULT CHARSET=utf8;

/*!40101 SET character_set_client = @saved_cs_client */;

--
-- Dumping data for table `authroles`
--
LOCK TABLES `person_type` WRITE;
/*!40000 ALTER TABLE `person_type`  DISABLE KEYS */;
/*!40000 ALTER TABLE `person_type`  ENABLE KEYS */;
UNLOCK TABLES;




--
-- Table structure for table `authroles`
--
DROP TABLE IF EXISTS session_term;
/*!40101 SET @saved_cs_client     = @@character_set_client */;
/*!40101 SET character_set_client = utf8 */;

CREATE TABLE `session_term` (
  `session_term_id` int(11) NOT NULL AUTO_INCREMENT,
  `session_nm` varchar(50) DEFAULT NULL,
  `term` varchar(50) DEFAULT NULL,
  `class_id` int(11) DEFAULT NULL,
  `ius_yn` tinyint(1) DEFAULT NULL,
  `session_term_desc` varchar(100) DEFAULT NULL,
  `term_start` datetime NOT NULL,
  `term_end` datetime NOT NULL,
  `create_date` timestamp NULL DEFAULT CURRENT_TIMESTAMP,
  PRIMARY KEY (`session_term_id`)
) ENGINE=InnoDB AUTO_INCREMENT=2034 DEFAULT CHARSET=utf8;

/*!40101 SET character_set_client = @saved_cs_client */;

--
-- Dumping data for table `authroles`
--
LOCK TABLES `session_term` WRITE;
/*!40000 ALTER TABLE `session_term`  DISABLE KEYS */;
INSERT INTO session_term VALUES("2001","2015/2016","1","2","0","2015/2016 session, 1st term","2016-07-15 00:00:00","0000-00-00 00:00:00","2015-10-17 22:49:29");
INSERT INTO session_term VALUES("2002","2015/2016","2","2","0","2015/2016 session, 2st term","2016-01-11 00:00:00","0000-00-00 00:00:00","2015-10-17 22:49:29");
INSERT INTO session_term VALUES("2003","2015/2016","3","2","1","2015/2016 session, 3rd term","2016-04-11 00:00:00","0000-00-00 00:00:00","2015-10-16 21:25:25");
INSERT INTO session_term VALUES("2004","2015/2016","1","1","0","2015/2016 session, 1st term","2016-07-15 00:00:00","0000-00-00 00:00:00","2015-10-19 02:27:54");
INSERT INTO session_term VALUES("2005","2015/2016","2","1","0","2015/2016 session, 2nd term","2016-01-11 00:00:00","0000-00-00 00:00:00","2015-10-17 21:29:30");
INSERT INTO session_term VALUES("2006","2015/2016","3","1","0","2015/2016 session, 3rd term","2016-04-11 00:00:00","0000-00-00 00:00:00","2015-10-19 02:27:54");
INSERT INTO session_term VALUES("2007","2015/2016","1","3","0","2015/2016 session, 1st term","2016-07-15 00:00:00","0000-00-00 00:00:00","0000-00-00 00:00:00");
INSERT INTO session_term VALUES("2008","2015/2016","2","3","0","2015/2016 session, 2nd term","2016-01-11 00:00:00","0000-00-00 00:00:00","0000-00-00 00:00:00");
INSERT INTO session_term VALUES("2009","2015/2016","3","3","1","2015/2016 session, 3rd term","2016-04-11 00:00:00","0000-00-00 00:00:00","0000-00-00 00:00:00");
INSERT INTO session_term VALUES("2010","2015/2016","1","4","0","2015/2016 session, 1st term","2016-07-15 00:00:00","0000-00-00 00:00:00","0000-00-00 00:00:00");
INSERT INTO session_term VALUES("2011","2015/2016","2","4","0","2015/2016 session, 2nd term","2016-01-11 00:00:00","0000-00-00 00:00:00","0000-00-00 00:00:00");
INSERT INTO session_term VALUES("2012","2015/2016","3","4","1","2015/2016 session, 3rd term","2016-04-11 00:00:00","0000-00-00 00:00:00","0000-00-00 00:00:00");
INSERT INTO session_term VALUES("2013","2015/2016","1","5","0","2015/2016 session, 1st term","2016-07-15 00:00:00","0000-00-00 00:00:00","0000-00-00 00:00:00");
INSERT INTO session_term VALUES("2014","2015/2016","2","5","0","2015/2016 session, 2nd term","2016-01-11 00:00:00","0000-00-00 00:00:00","0000-00-00 00:00:00");
INSERT INTO session_term VALUES("2015","2015/2016","3","5","1","2015/2016 session, 3rd term","2016-04-11 00:00:00","0000-00-00 00:00:00","0000-00-00 00:00:00");
INSERT INTO session_term VALUES("2016","2015/2016","1","6","0","2015/2016 session, 1st term","2016-07-15 00:00:00","0000-00-00 00:00:00","0000-00-00 00:00:00");
INSERT INTO session_term VALUES("2017","2015/2016","2","6","0","2015/2016 session, 2nd term","2016-01-11 00:00:00","0000-00-00 00:00:00","0000-00-00 00:00:00");
INSERT INTO session_term VALUES("2018","2015/2016","3","6","1","2015/2016 session, 3rd term","2016-04-11 00:00:00","0000-00-00 00:00:00","0000-00-00 00:00:00");
INSERT INTO session_term VALUES("2019","2015/2016","1","7","0","2015/2016 session, 1st term","2016-07-15 00:00:00","0000-00-00 00:00:00","0000-00-00 00:00:00");
INSERT INTO session_term VALUES("2020","2015/2016","2","7","0","2015/2016 session, 2nd term","2016-01-11 00:00:00","0000-00-00 00:00:00","0000-00-00 00:00:00");
INSERT INTO session_term VALUES("2021","2015/2016","3","7","1","2015/2016 session, 3rd term","2016-04-11 00:00:00","0000-00-00 00:00:00","0000-00-00 00:00:00");
INSERT INTO session_term VALUES("2022","2015/2016","1","9","0","2015/2016 session, 1st term","2016-07-15 00:00:00","0000-00-00 00:00:00","0000-00-00 00:00:00");
INSERT INTO session_term VALUES("2023","2015/2016","2","9","0","2015/2016 session, 2nd term","2016-01-11 00:00:00","0000-00-00 00:00:00","0000-00-00 00:00:00");
INSERT INTO session_term VALUES("2024","2015/2016","3","9","1","2015/2016 session, 3rd term","2016-04-11 00:00:00","0000-00-00 00:00:00","0000-00-00 00:00:00");
INSERT INTO session_term VALUES("2025","2015/2016","1","8","0","2015/2016 session, 1st term","2016-07-15 00:00:00","0000-00-00 00:00:00","0000-00-00 00:00:00");
INSERT INTO session_term VALUES("2026","2015/2016","2","8","0","2015/2016 session, 2nd term","2016-01-11 00:00:00","0000-00-00 00:00:00","0000-00-00 00:00:00");
INSERT INTO session_term VALUES("2029","2015/2016","3","8","1","2015/2016 session, 3rd term","2016-04-11 00:00:00","0000-00-00 00:00:00","0000-00-00 00:00:00");
INSERT INTO session_term VALUES("2030","2015/2016","1","10","0","2015/2016 session, 1st term","2016-07-15 00:00:00","0000-00-00 00:00:00","2015-11-28 19:50:36");
INSERT INTO session_term VALUES("2031","2015/2016","2","10","0","2015/2016 session, 2nd term","2016-01-11 00:00:00","0000-00-00 00:00:00","0000-00-00 00:00:00");
INSERT INTO session_term VALUES("2032","2015/2016","3","10","1","2015/2016 session, 3rd term","2016-04-11 00:00:00","0000-00-00 00:00:00","0000-00-00 00:00:00");
INSERT INTO session_term VALUES("2033","2016/2017","1","1","1","2016/2017 session, 1st term","2017-01-02 00:00:00","2016-07-11 13:54:02","2016-07-11 13:54:02");
/*!40000 ALTER TABLE `session_term`  ENABLE KEYS */;
UNLOCK TABLES;




--
-- Table structure for table `authroles`
--
DROP TABLE IF EXISTS student;
/*!40101 SET @saved_cs_client     = @@character_set_client */;
/*!40101 SET character_set_client = utf8 */;

CREATE TABLE `student` (
  `student_id` int(11) NOT NULL,
  `class_id` int(11) DEFAULT NULL,
  `parent_id` int(11) DEFAULT NULL,
  `adminNo` varchar(45) DEFAULT NULL,
  `times_present` int(11) DEFAULT NULL,
  `times_punctual` int(11) DEFAULT NULL,
  `teacher_comment` varchar(500) DEFAULT NULL,
  `principal_comment` varchar(500) DEFAULT NULL,
  PRIMARY KEY (`student_id`),
  KEY `fk_student_parent1_idx` (`parent_id`),
  KEY `fk_student_class1_idx` (`class_id`)
) ENGINE=InnoDB DEFAULT CHARSET=utf8 COMMENT='Describes a student.\nA Student is a Person';

/*!40101 SET character_set_client = @saved_cs_client */;

--
-- Dumping data for table `authroles`
--
LOCK TABLES `student` WRITE;
/*!40000 ALTER TABLE `student`  DISABLE KEYS */;
INSERT INTO student VALUES("2025","4","0","TCS/2015/4/001","102","104","She is humble and always ready to learn.","Good result keep it up.");
INSERT INTO student VALUES("2026","7","0","TCS/2015/7/001","120","120","She is an easy going girl, with a very soft mind.","Good result, you can perform better next term .");
INSERT INTO student VALUES("2027","9","0","TCS/2015/9/001","102","104","He is active and intelligent.","Excellent result keep it up.");
INSERT INTO student VALUES("2028","1","0","TCS/2015/1/001","102","104","He is very intelligent but restless and playful.","Good result keep it up.");
INSERT INTO student VALUES("2029","9","0","TCS/2015/9/002","102","104","She  is very active  and ready to learn.","Excellent result keep it up.");
INSERT INTO student VALUES("2030","9","0","TCS/2015/9/003","96","104","He is a very brilliant and active boy","Excellent result keep it up.");
INSERT INTO student VALUES("2031","9","0","TCS/2015/9/004","100","104","He is improving very well and ready to learn.","Good performance,keep it up");
INSERT INTO student VALUES("2032","9","0","TCS/2015/9/005","100","104","He is active,good at oral drills but needs more assistance in writing. ","Good result,keep it up.");
INSERT INTO student VALUES("2033","7","0","TCS/2015/7/002","126","126","She is an active girl and learn very easily.","Good result, you can still do better next term.");
INSERT INTO student VALUES("2034","2","0","TCS/2015/2/002","100","104","She is very hardworking,obedient and eager to learn.","Good result keep it up.");
INSERT INTO student VALUES("2035","1","0","TCS/2015/1/002","100","100","She is an Obedient girl, always ready to learn and needs to improve in her spelling.","Good result, you can still do better next term.");
INSERT INTO student VALUES("2036","1","0","TCS/2015/1/003","94","94","He is very intelligent but lazy. He always wants to be pushed before making an attempt.","Good result, you can perform better next term .");
INSERT INTO student VALUES("2037","3","0","TCS/2015/3/001","98","104","He is an intelligent boy, ready to learn but sometimes looses concentration.","Good result keep it up.");
INSERT INTO student VALUES("2039","4","0","TCS/2015/4/002","98","104","He is a gentle boy but he still needs to improve in his studies.","Average result,you can perform better next term.");
INSERT INTO student VALUES("2040","2","0","TCS/2015/2/001","98","104","She is obedient but needs to put in more effort in her studies.","Good result, you can still do better next term.");
INSERT INTO student VALUES("2041","3","0","TCS/2015/3/002","102","104","She is brilliant, ready to learn but ignores instructions.","Good result keep it up.");
INSERT INTO student VALUES("2045","10","0","TCS/2015/10/001","104","104","He is active in class but gradually gets distracted","Good result, you can still do better next term.");
INSERT INTO student VALUES("2046","10","0","TCS/2015/10/002","104","104","She is intelligent but needs to be more studious.","Average performance try harder next term.");
INSERT INTO student VALUES("2049","2","0","TCS/2015/2/003","104","104","He is active and eager to learn but he is very restless.","Good result keep it up.");
INSERT INTO student VALUES("2050","7","0","TCS/2016/7/003","0","0","She is an Obedient girl and always ready to learn.","Excellent performance keep it up.");
INSERT INTO student VALUES("2051","9","0","TCS/2016/9/006","90","104","He is responding to class activities especially in oral drills.","Good result, you can perform better next term .");
INSERT INTO student VALUES("2052","4","0","TCS/2016/4/003","30","104","She is respectful but still needs to focus solely on her studies for a better performance.","Average result,you can perform better next term.");
INSERT INTO student VALUES("2053","4","0","TCS/2016/4/004","84","104","She is eager to learn but she still needs to put in her best.","Average performance try harder next term.");
INSERT INTO student VALUES("2054","4","0","TCS/2016/4/005","104","104","She is an active child, she needs concentration at home and in school.","Average performance try harder next term.");
INSERT INTO student VALUES("2055","3","0","TCS/2016/3/003","84","104","He is an Obedient boy but needs to put more effort in his studies.","Average result,you can perform better next term.");
INSERT INTO student VALUES("2056","10","0","TCS/2016/10/005","96","104","She is willing to learn and active in class.","Average result,she needs to concentrate more to her studies.");
INSERT INTO student VALUES("2057","10","0","TCS/2016/10/006","38","104","He is an intelligent boy and always willing to learn.","Good result keep it up.");
INSERT INTO student VALUES("2058","9","0","TCS/2016/9/007","98","104","She is responding to class activities and ready to learn.","Good result, you can perform better next term .");
INSERT INTO student VALUES("2059","9","0","TCS/2016/9/008","88","104","He is improving very well and responds to class activities.","Good result, you can perform better next term .");
INSERT INTO student VALUES("2060","9","0","TCS/2016/9/009","98","104","She is improving very well but needs assistance at home.","Average result,you can perform better next term.");
INSERT INTO student VALUES("2061","9","0","TCS/2016/9/010","98","104","He is active and restless but very friendly.","Average result,you can perform better next term.");
INSERT INTO student VALUES("2062","2","0","TCS/2016/2/004","98","104","She is very active and eager to learn.","Good result, you can do better next term .");
INSERT INTO student VALUES("2063","2","0","TCS/2016/2/005","30","104","She is a very obedient child and she learns easily.","Good result, you can still do better next term.");
INSERT INTO student VALUES("2064","3","0","TCS/2016/3/004","0","0","","");
/*!40000 ALTER TABLE `student`  ENABLE KEYS */;
UNLOCK TABLES;




--
-- Table structure for table `authroles`
--
DROP TABLE IF EXISTS student_subject;
/*!40101 SET @saved_cs_client     = @@character_set_client */;
/*!40101 SET character_set_client = utf8 */;

CREATE TABLE `student_subject` (
  `student_subject_id` int(11) NOT NULL AUTO_INCREMENT,
  `student_id` int(11) DEFAULT NULL,
  `subject_id` int(11) DEFAULT NULL,
  PRIMARY KEY (`student_subject_id`)
) ENGINE=InnoDB DEFAULT CHARSET=utf8;

/*!40101 SET character_set_client = @saved_cs_client */;

--
-- Dumping data for table `authroles`
--
LOCK TABLES `student_subject` WRITE;
/*!40000 ALTER TABLE `student_subject`  DISABLE KEYS */;
/*!40000 ALTER TABLE `student_subject`  ENABLE KEYS */;
UNLOCK TABLES;




--
-- Table structure for table `authroles`
--
DROP TABLE IF EXISTS t_wb_lov;
/*!40101 SET @saved_cs_client     = @@character_set_client */;
/*!40101 SET character_set_client = utf8 */;

CREATE TABLE `t_wb_lov` (
  `r_k` int(11) NOT NULL AUTO_INCREMENT,
  `dm_yn` tinyint(1) DEFAULT '0',
  `par_id` int(11) DEFAULT '0',
  `def_id` varchar(15) DEFAULT NULL,
  `val_id` varchar(10) DEFAULT NULL,
  `val_dsc` varchar(50) DEFAULT NULL,
  PRIMARY KEY (`r_k`)
) ENGINE=InnoDB AUTO_INCREMENT=2041 DEFAULT CHARSET=utf8 COMMENT='Settings table.\nHolds various settings especially to populat /* comment truncated */ /*e LOVs*/';

/*!40101 SET character_set_client = @saved_cs_client */;

--
-- Dumping data for table `authroles`
--
LOCK TABLES `t_wb_lov` WRITE;
/*!40000 ALTER TABLE `t_wb_lov`  DISABLE KEYS */;
INSERT INTO t_wb_lov VALUES("1011","1","0","00-SEX","1","Male");
INSERT INTO t_wb_lov VALUES("1012","1","0","00-SEX","2","Female");
INSERT INTO t_wb_lov VALUES("1013","0","0","CTC-CTR","NIG","Nigeria");
INSERT INTO t_wb_lov VALUES("1014","0","0","CTC-CTR","USA","United State Of America");
INSERT INTO t_wb_lov VALUES("1015","1","0","00-STAT","0","Pending");
INSERT INTO t_wb_lov VALUES("1016","1","0","00-STAT","1","Approved");
INSERT INTO t_wb_lov VALUES("1017","1","0","00-STAT","2","Rejected");
INSERT INTO t_wb_lov VALUES("1018","1","0","00-STAT","3","Cancelled");
INSERT INTO t_wb_lov VALUES("1019","0","1013","CTC-STA","AB","Abia");
INSERT INTO t_wb_lov VALUES("1020","0","1013","CTC-STA","AD","Adamawa");
INSERT INTO t_wb_lov VALUES("1021","0","1013","CTC-STA","AK","Akwa Ibom");
INSERT INTO t_wb_lov VALUES("1022","0","1013","CTC-STA","AN","Anambra");
INSERT INTO t_wb_lov VALUES("1023","0","1013","CTC-STA","BA","Bauchi");
INSERT INTO t_wb_lov VALUES("1024","0","1013","CTC-STA","BY","Bayelsa");
INSERT INTO t_wb_lov VALUES("1025","0","1013","CTC-STA","BE","Benue");
INSERT INTO t_wb_lov VALUES("1026","0","1013","CTC-STA","BO","Borno");
INSERT INTO t_wb_lov VALUES("1027","0","1013","CTC-STA","CR","Cross River");
INSERT INTO t_wb_lov VALUES("1028","0","1013","CTC-STA","DE","Delta");
INSERT INTO t_wb_lov VALUES("1029","0","1013","CTC-STA","EB","Ebonyi");
INSERT INTO t_wb_lov VALUES("1030","0","1013","CTC-STA","ED","Edo");
INSERT INTO t_wb_lov VALUES("1031","0","1013","CTC-STA","EK","Ekiti");
INSERT INTO t_wb_lov VALUES("1032","0","1013","CTC-STA","EN","Enugu");
INSERT INTO t_wb_lov VALUES("1033","0","1013","CTC-STA","FC","Federal Capital Territory");
INSERT INTO t_wb_lov VALUES("1034","0","1013","CTC-STA","GO","Gombe");
INSERT INTO t_wb_lov VALUES("1035","0","1013","CTC-STA","IM","Imo");
INSERT INTO t_wb_lov VALUES("1036","0","1013","CTC-STA","JI","Jigawa");
INSERT INTO t_wb_lov VALUES("1037","0","1013","CTC-STA","KD","Kaduna");
INSERT INTO t_wb_lov VALUES("1038","0","1013","CTC-STA","KN","Kano");
INSERT INTO t_wb_lov VALUES("1039","0","1013","CTC-STA","KT","Katsina");
INSERT INTO t_wb_lov VALUES("1040","0","1013","CTC-STA","KE","Kebbi");
INSERT INTO t_wb_lov VALUES("1041","0","1013","CTC-STA","KO","Kogi");
INSERT INTO t_wb_lov VALUES("1042","0","1013","CTC-STA","KW","Kwara");
INSERT INTO t_wb_lov VALUES("1043","0","1013","CTC-STA","LA","Lagos");
INSERT INTO t_wb_lov VALUES("1044","0","1013","CTC-STA","NA","Nasarawa");
INSERT INTO t_wb_lov VALUES("1045","0","1013","CTC-STA","NI","Niger");
INSERT INTO t_wb_lov VALUES("1046","0","1013","CTC-STA","OG","Ogun");
INSERT INTO t_wb_lov VALUES("1047","0","1013","CTC-STA","ON","Ondo");
INSERT INTO t_wb_lov VALUES("1048","0","1013","CTC-STA","OS","Osun");
INSERT INTO t_wb_lov VALUES("1049","0","1013","CTC-STA","OY","Oyo");
INSERT INTO t_wb_lov VALUES("1050","0","1013","CTC-STA","PL","Plateau");
INSERT INTO t_wb_lov VALUES("1051","0","1013","CTC-STA","RI","Rivers");
INSERT INTO t_wb_lov VALUES("1052","0","1013","CTC-STA","SO","Sokoto");
INSERT INTO t_wb_lov VALUES("1053","0","1013","CTC-STA","TA","Taraba");
INSERT INTO t_wb_lov VALUES("1054","0","1013","CTC-STA","YO","Yobe");
INSERT INTO t_wb_lov VALUES("1055","0","1013","CTC-STA","ZA","Zamfara");
INSERT INTO t_wb_lov VALUES("1056","0","1014","CTC-STA","AL","Alabama");
INSERT INTO t_wb_lov VALUES("1057","0","1014","CTC-STA","AK","Alaska");
INSERT INTO t_wb_lov VALUES("1058","0","0","00-TT","1","Admin");
INSERT INTO t_wb_lov VALUES("1059","0","0","00-TT","2","General");
INSERT INTO t_wb_lov VALUES("2001","0","0","00-SUBJ","Maths","Mathematics");
INSERT INTO t_wb_lov VALUES("2002","0","0","00-SUBJ","Eng","English");
INSERT INTO t_wb_lov VALUES("2003","0","0","CLS-SCTN","A","Section A");
INSERT INTO t_wb_lov VALUES("2004","0","0","CLS-SCTN","B","Section B");
INSERT INTO t_wb_lov VALUES("2005","0","0","CLS-SCTN","C","Section C");
INSERT INTO t_wb_lov VALUES("2006","0","0","00-SUBJ","SocStud","Social Studies");
INSERT INTO t_wb_lov VALUES("2007","0","0","00-SUBJ","NumWork","Number Work");
INSERT INTO t_wb_lov VALUES("2008","0","0","00-SUBJ","HlthHab","Health Habit");
INSERT INTO t_wb_lov VALUES("2009","0","0","00-SUBJ","LettWrk","Letter Work");
INSERT INTO t_wb_lov VALUES("2010","0","0","00-SUBJ","SocHab","Social Habit");
INSERT INTO t_wb_lov VALUES("2011","0","0","00-SUBJ","Write","Writing");
INSERT INTO t_wb_lov VALUES("2012","0","0","00-SUBJ","Rhym","Rhymes");
INSERT INTO t_wb_lov VALUES("2013","0","0","00-SUBJ","Draw&Color","Drawing & Colouring");
INSERT INTO t_wb_lov VALUES("2014","0","0","00-SUBJ","Read","Reading");
INSERT INTO t_wb_lov VALUES("2015","0","0","00-SUBJ","Phncs","Phonics");
INSERT INTO t_wb_lov VALUES("2016","0","0","00-SUBJ","Sci","Science");
INSERT INTO t_wb_lov VALUES("2017","0","0","00-SUBJ","Frnh","French");
INSERT INTO t_wb_lov VALUES("2018","0","0","00-SUBJ","verbal","Verbal Reasoning");
INSERT INTO t_wb_lov VALUES("2019","0","0","00-SUBJ","Quantitati","Quantitative reasoning");
INSERT INTO t_wb_lov VALUES("2020","0","0","00-SUBJ","Msc","Music");
INSERT INTO t_wb_lov VALUES("2021","0","0","00-SUBJ","SocSci","Social Science");
INSERT INTO t_wb_lov VALUES("2022","0","0","00-SUBJ","CivicEdu","Civic Education");
INSERT INTO t_wb_lov VALUES("2023","0","0","00-SUBJ","Voctnal","Vocational Aptitude");
INSERT INTO t_wb_lov VALUES("2024","0","0","00-SUBJ","HandWri","Handwriting");
INSERT INTO t_wb_lov VALUES("2025","0","0","00-SUBJ","BasSci","Basic Science");
INSERT INTO t_wb_lov VALUES("2026","0","0","00-SUBJ","Vrbl","Verbal");
INSERT INTO t_wb_lov VALUES("2027","0","0","00-SUBJ","Agric","Agricultural Science");
INSERT INTO t_wb_lov VALUES("2028","0","0","00-SUBJ","EngLit","English Literature");
INSERT INTO t_wb_lov VALUES("2029","0","0","00-SUBJ","EngGram","English Grammar");
INSERT INTO t_wb_lov VALUES("2030","0","0","00-SUBJ","CRS","Christian Religious Studies");
INSERT INTO t_wb_lov VALUES("2031","0","0","00-SUBJ","PHE","Physical & Health Education");
INSERT INTO t_wb_lov VALUES("2032","0","0","00-SUBJ","Computer","Computer Studies");
INSERT INTO t_wb_lov VALUES("2033","0","0","00-SUBJ","HomeEcons","Home Economics");
INSERT INTO t_wb_lov VALUES("2034","0","0","00-SUBJ","Yor","Yoruba");
INSERT INTO t_wb_lov VALUES("2035","0","0","00-SUBJ","EngComp","English Composition");
INSERT INTO t_wb_lov VALUES("2036","0","0","00-SUBJ","MentMaths","Mental Maths");
INSERT INTO t_wb_lov VALUES("2037","0","0","00-SUBJ","CCA","C.C.A.");
INSERT INTO t_wb_lov VALUES("2038","0","0","00-SUBJ","BasicTech","Basic Tech.");
INSERT INTO t_wb_lov VALUES("2039","0","0","00-SUBJ","BusStd","Business Studies");
INSERT INTO t_wb_lov VALUES("2040","0","0","00-SUBJ","Morals","Moral Instruction");
/*!40000 ALTER TABLE `t_wb_lov`  ENABLE KEYS */;
UNLOCK TABLES;




--
-- Table structure for table `authroles`
--
DROP TABLE IF EXISTS teacher;
/*!40101 SET @saved_cs_client     = @@character_set_client */;
/*!40101 SET character_set_client = utf8 */;

CREATE TABLE `teacher` (
  `teacher_id` int(11) NOT NULL AUTO_INCREMENT,
  `teacher_type_id` int(11) DEFAULT NULL,
  PRIMARY KEY (`teacher_id`)
) ENGINE=InnoDB AUTO_INCREMENT=2045 DEFAULT CHARSET=utf8;

/*!40101 SET character_set_client = @saved_cs_client */;

--
-- Dumping data for table `authroles`
--
LOCK TABLES `teacher` WRITE;
/*!40000 ALTER TABLE `teacher`  DISABLE KEYS */;
INSERT INTO teacher VALUES("2001","1");
INSERT INTO teacher VALUES("2011","2");
INSERT INTO teacher VALUES("2012","2");
INSERT INTO teacher VALUES("2015","2");
INSERT INTO teacher VALUES("2016","2");
INSERT INTO teacher VALUES("2017","2");
INSERT INTO teacher VALUES("2018","2");
INSERT INTO teacher VALUES("2042","2");
INSERT INTO teacher VALUES("2043","2");
INSERT INTO teacher VALUES("2044","2");
/*!40000 ALTER TABLE `teacher`  ENABLE KEYS */;
UNLOCK TABLES;



